ISO-10303-21;
HEADER;
FILE_DESCRIPTION (( 'STEP AP214' ),
    '1' );
FILE_NAME ('ANT-GNSSCP-SM12L1.STEP',
    '2020-11-12T19:55:56',
    ( '' ),
    ( '' ),
    'SwSTEP 2.0',
    'SolidWorks 2017',
    '' );
FILE_SCHEMA (( 'AUTOMOTIVE_DESIGN' ));
ENDSEC;

DATA;
#1 = SURFACE_SIDE_STYLE ('',( #889 ) ) ;
#2 = ORIENTED_EDGE ( 'NONE', *, *, #224, .T. ) ;
#3 = CARTESIAN_POINT ( 'NONE',  ( -6.000000000000019500, 0.1000000000000000100, 5.299999999999979400 ) ) ;
#4 = FILL_AREA_STYLE_COLOUR ( '', #205 ) ;
#5 = SURFACE_SIDE_STYLE ('',( #637 ) ) ;
#6 = DIRECTION ( 'NONE',  ( 1.000000000000000000, 0.0000000000000000000, 3.717264591378876000E-015 ) ) ;
#7 = LINE ( 'NONE', #949, #1324 ) ;
#8 = LINE ( 'NONE', #772, #1325 ) ;
#9 = CARTESIAN_POINT ( 'NONE',  ( 0.0000000000000000000, 3.799999999999999800, 0.0000000000000000000 ) ) ;
#10 = CARTESIAN_POINT ( 'NONE',  ( -4.699999999999997500, 0.1000000000000000100, -1.300000000000016700 ) ) ;
#11 = VECTOR ( 'NONE', #832, 1000.000000000000000 ) ;
#12 = CARTESIAN_POINT ( 'NONE',  ( 6.000000000000016900, 0.1000000000000000100, -5.319999999999979000 ) ) ;
#13 = LINE ( 'NONE', #85, #466 ) ;
#14 = VERTEX_POINT ( 'NONE', #1199 ) ;
#15 = AXIS2_PLACEMENT_3D ( 'NONE', #1327, #584, #1463 ) ;
#16 = FILL_AREA_STYLE_COLOUR ( '', #447 ) ;
#17 = CARTESIAN_POINT ( 'NONE',  ( -4.999999999999998200, 1.700000000000000000, -1.000000000000017500 ) ) ;
#18 = ORIENTED_EDGE ( 'NONE', *, *, #1536, .F. ) ;
#19 = DIRECTION ( 'NONE',  ( -3.708321773340234200E-015, 0.0000000000000000000, 1.000000000000000000 ) ) ;
#20 = CARTESIAN_POINT ( 'NONE',  ( -5.000000000000020400, 3.799999999999999400, 4.999999999999993800 ) ) ;
#21 = ORIENTED_EDGE ( 'NONE', *, *, #325, .F. ) ;
#22 = ORIENTED_EDGE ( 'NONE', *, *, #413, .F. ) ;
#23 =( GEOMETRIC_REPRESENTATION_CONTEXT ( 3 ) GLOBAL_UNCERTAINTY_ASSIGNED_CONTEXT ( ( #479 ) ) GLOBAL_UNIT_ASSIGNED_CONTEXT ( ( #1027, #1147, #644 ) ) REPRESENTATION_CONTEXT ( 'NONE', 'WORKASPACE' ) );
#24 = CARTESIAN_POINT ( 'NONE',  ( -5.000000000000005300, 1.700000000000000000, 0.9999999999999824600 ) ) ;
#25 = DIRECTION ( 'NONE',  ( 4.111025437406278300E-015, 0.0000000000000000000, -1.000000000000000000 ) ) ;
#26 = CARTESIAN_POINT ( 'NONE',  ( 4.999999999999988500, 4.000000000000000000, 3.400000000000024300 ) ) ;
#27 = EDGE_CURVE ( 'NONE', #828, #1267, #491, .T. ) ;
#28 = ADVANCED_FACE ( 'NONE', ( #900 ), #444, .F. ) ;
#29 = LINE ( 'NONE', #345, #1305 ) ;
#30 = CARTESIAN_POINT ( 'NONE',  ( -4.999999999999986700, 3.799999999999999800, -3.400000000000023900 ) ) ;
#31 =( NAMED_UNIT ( * ) SI_UNIT ( $, .STERADIAN. ) SOLID_ANGLE_UNIT ( ) );
#32 = FACE_OUTER_BOUND ( 'NONE', #1503, .T. ) ;
#33 = DIRECTION ( 'NONE',  ( 1.000000000000000000, 0.0000000000000000000, 3.697996038364181400E-015 ) ) ;
#34 = PRESENTATION_STYLE_ASSIGNMENT (( #636 ) ) ;
#35 = ORIENTED_EDGE ( 'NONE', *, *, #1411, .T. ) ;
#36 = DIRECTION ( 'NONE',  ( -1.000000000000000000, 0.0000000000000000000, -3.658281673071672600E-015 ) ) ;
#37 = EDGE_LOOP ( 'NONE', ( #387, #1073, #1198, #424 ) ) ;
#38 = EDGE_CURVE ( 'NONE', #894, #385, #266, .T. ) ;
#39 = DIRECTION ( 'NONE',  ( 3.409654759787623700E-015, 0.0000000000000000000, -1.000000000000000000 ) ) ;
#40 = ADVANCED_FACE ( 'NONE', ( #1237 ), #1565, .T. ) ;
#41 = VERTEX_POINT ( 'NONE', #1574 ) ;
#42 = EDGE_CURVE ( 'NONE', #1157, #756, #1472, .T. ) ;
#43 = EDGE_LOOP ( 'NONE', ( #371, #104, #432, #1331 ) ) ;
#44 = LINE ( 'NONE', #987, #453 ) ;
#45 = ORIENTED_EDGE ( 'NONE', *, *, #1030, .F. ) ;
#46 = ORIENTED_EDGE ( 'NONE', *, *, #420, .F. ) ;
#47 = DIRECTION ( 'NONE',  ( -1.000000000000000000, 0.0000000000000000000, -3.573153818879706500E-015 ) ) ;
#48 = AXIS2_PLACEMENT_3D ( 'NONE', #1225, #1350, #837 ) ;
#49 = CARTESIAN_POINT ( 'NONE',  ( 6.000000000000016900, 0.1000000000000000100, -5.319999999999979000 ) ) ;
#50 = DIRECTION ( 'NONE',  ( 1.000000000000000000, 0.0000000000000000000, 2.871937240279988400E-015 ) ) ;
#51 = EDGE_CURVE ( 'NONE', #206, #549, #612, .T. ) ;
#52 = LINE ( 'NONE', #1127, #340 ) ;
#53 = VECTOR ( 'NONE', #791, 1000.000000000000000 ) ;
#54 = CARTESIAN_POINT ( 'NONE',  ( 4.999999999999988500, 3.799999999999999400, 3.400000000000024300 ) ) ;
#55 = ADVANCED_FACE ( 'NONE', ( #1256 ), #1457, .T. ) ;
#56 = ORIENTED_EDGE ( 'NONE', *, *, #1615, .F. ) ;
#57 = ORIENTED_EDGE ( 'NONE', *, *, #1135, .T. ) ;
#58 = EDGE_CURVE ( 'NONE', #690, #361, #1298, .T. ) ;
#59 = VECTOR ( 'NONE', #1151, 1000.000000000000000 ) ;
#60 = DIRECTION ( 'NONE',  ( -0.7071067811865485700, 0.0000000000000000000, 0.7071067811865465700 ) ) ;
#61 = DIRECTION ( 'NONE',  ( 0.7071067811865455700, 0.0000000000000000000, 0.7071067811865495700 ) ) ;
#62 = ORIENTED_EDGE ( 'NONE', *, *, #713, .F. ) ;
#63 = VECTOR ( 'NONE', #61, 1000.000000000000100 ) ;
#64 = ORIENTED_EDGE ( 'NONE', *, *, #1218, .T. ) ;
#65 = VECTOR ( 'NONE', #1537, 1000.000000000000000 ) ;
#66 = ORIENTED_EDGE ( 'NONE', *, *, #920, .T. ) ;
#67 = ADVANCED_FACE ( 'NONE', ( #1134 ), #393, .F. ) ;
#68 = ORIENTED_EDGE ( 'NONE', *, *, #954, .T. ) ;
#69 = DIRECTION ( 'NONE',  ( 0.0000000000000000000, -1.000000000000000000, 0.0000000000000000000 ) ) ;
#70 = CARTESIAN_POINT ( 'NONE',  ( -4.699999999999997500, 0.0000000000000000000, -1.300000000000016700 ) ) ;
#71 = AXIS2_PLACEMENT_3D ( 'NONE', #748, #373, #229 ) ;
#72 = MANIFOLD_SOLID_BREP ( 'Housing ', #1077 ) ;
#73 = EDGE_CURVE ( 'NONE', #1067, #141, #854, .T. ) ;
#74 = DIRECTION ( 'NONE',  ( -0.0000000000000000000, -1.000000000000000000, 0.0000000000000000000 ) ) ;
#75 = FACE_OUTER_BOUND ( 'NONE', #1319, .T. ) ;
#76 = VECTOR ( 'NONE', #270, 1000.000000000000000 ) ;
#77 = CARTESIAN_POINT ( 'NONE',  ( 6.000000000000016900, 4.000000000000000000, -5.319999999999979000 ) ) ;
#78 = FILL_AREA_STYLE_COLOUR ( '', #1385 ) ;
#79 = ORIENTED_EDGE ( 'NONE', *, *, #1607, .T. ) ;
#80 = VERTEX_POINT ( 'NONE', #403 ) ;
#81 = CIRCLE ( 'NONE', #790, 0.6999999999999992900 ) ;
#82 = LINE ( 'NONE', #734, #177 ) ;
#83 = EDGE_CURVE ( 'NONE', #823, #1513, #1337, .T. ) ;
#84 = EDGE_LOOP ( 'NONE', ( #1154, #1090, #1355, #642, #1608, #21 ) ) ;
#85 = CARTESIAN_POINT ( 'NONE',  ( 5.000000000000020400, 4.000000000000000000, -4.999999999999985800 ) ) ;
#86 = CARTESIAN_POINT ( 'NONE',  ( -6.000000000000005300, 0.0000000000000000000, 0.9999999999999787900 ) ) ;
#87 = EDGE_LOOP ( 'NONE', ( #128, #1119, #1219, #1348 ) ) ;
#88 = CARTESIAN_POINT ( 'NONE',  ( -6.000000000000019500, 0.0000000000000000000, 5.299999999999979400 ) ) ;
#89 = CARTESIAN_POINT ( 'NONE',  ( 4.999999999999988500, 3.799999999999999800, 3.400000000000024300 ) ) ;
#90 = DIRECTION ( 'NONE',  ( -1.000000000000000000, 0.0000000000000000000, -3.491481338843133400E-015 ) ) ;
#91 = LINE ( 'NONE', #355, #462 ) ;
#92 = CARTESIAN_POINT ( 'NONE',  ( 3.399999999999985700, 4.000000000000000000, 5.000000000000018700 ) ) ;
#93 = VERTEX_POINT ( 'NONE', #656 ) ;
#94 = ORIENTED_EDGE ( 'NONE', *, *, #1482, .F. ) ;
#95 = CARTESIAN_POINT ( 'NONE',  ( -6.000000000000007100, 0.1000000000000000100, 1.299999999999979000 ) ) ;
#96 = AXIS2_PLACEMENT_3D ( 'NONE', #1416, #1542, #288 ) ;
#97 = CARTESIAN_POINT ( 'NONE',  ( -6.000000000000007100, 0.1000000000000000100, 1.299999999999979000 ) ) ;
#98 = LINE ( 'NONE', #526, #937 ) ;
#99 = DIRECTION ( 'NONE',  ( -1.000000000000000000, 0.0000000000000000000, -3.491481338843133400E-015 ) ) ;
#100 = ORIENTED_EDGE ( 'NONE', *, *, #232, .F. ) ;
#101 = VECTOR ( 'NONE', #552, 1000.000000000000000 ) ;
#102 = VECTOR ( 'NONE', #1535, 1000.000000000000000 ) ;
#103 = LINE ( 'NONE', #108, #1238 ) ;
#104 = ORIENTED_EDGE ( 'NONE', *, *, #1466, .F. ) ;
#105 = ORIENTED_EDGE ( 'NONE', *, *, #1043, .F. ) ;
#106 = VERTEX_POINT ( 'NONE', #20 ) ;
#107 = CARTESIAN_POINT ( 'NONE',  ( 5.320000000000018900, 4.000000000000000000, -5.999999999999981300 ) ) ;
#108 = CARTESIAN_POINT ( 'NONE',  ( -5.999999999999997300, 0.1000000000000000100, -1.300000000000021400 ) ) ;
#109 = CARTESIAN_POINT ( 'NONE',  ( -6.000000000000005300, 1.700000000000000000, 0.9999999999999787900 ) ) ;
#110 = PRODUCT_DEFINITION ( 'UNKNOWN', '', #173, #197 ) ;
#111 = FACE_OUTER_BOUND ( 'NONE', #1531, .T. ) ;
#112 = EDGE_CURVE ( 'NONE', #953, #181, #1450, .T. ) ;
#113 = CARTESIAN_POINT ( 'NONE',  ( 3.399999999999985700, -10.34213562373096800, 5.000000000000018700 ) ) ;
#114 = ORIENTED_EDGE ( 'NONE', *, *, #1440, .F. ) ;
#115 = VECTOR ( 'NONE', #599, 1000.000000000000000 ) ;
#116 = CARTESIAN_POINT ( 'NONE',  ( -4.700000000000006400, 0.1000000000000000100, 1.299999999999983600 ) ) ;
#117 = VERTEX_POINT ( 'NONE', #267 ) ;
#118 = VERTEX_POINT ( 'NONE', #290 ) ;
#119 = ORIENTED_EDGE ( 'NONE', *, *, #192, .T. ) ;
#120 = CARTESIAN_POINT ( 'NONE',  ( 5.320000000000018900, 0.1000000000000000100, -5.999999999999981300 ) ) ;
#121 = FACE_OUTER_BOUND ( 'NONE', #143, .T. ) ;
#122 = AXIS2_PLACEMENT_3D ( 'NONE', #1326, #694, #591 ) ;
#123 = DIRECTION ( 'NONE',  ( 3.491481338843133400E-015, 0.0000000000000000000, -1.000000000000000000 ) ) ;
#124 = DIRECTION ( 'NONE',  ( 0.0000000000000000000, -1.000000000000000000, 0.0000000000000000000 ) ) ;
#125 = EDGE_CURVE ( 'NONE', #1515, #1454, #1117, .T. ) ;
#126 = ORIENTED_EDGE ( 'NONE', *, *, #1261, .F. ) ;
#127 = ORIENTED_EDGE ( 'NONE', *, *, #1346, .T. ) ;
#128 = ORIENTED_EDGE ( 'NONE', *, *, #677, .F. ) ;
#129 = EDGE_CURVE ( 'NONE', #434, #1603, #705, .T. ) ;
#130 = DIRECTION ( 'NONE',  ( 1.000000000000000000, 0.0000000000000000000, 4.111025437406278300E-015 ) ) ;
#131 = DIRECTION ( 'NONE',  ( -3.409654759787623700E-015, 0.0000000000000000000, 1.000000000000000000 ) ) ;
#132 = AXIS2_PLACEMENT_3D ( 'NONE', #1433, #796, #1029 ) ;
#133 = DIRECTION ( 'NONE',  ( -1.000000000000000000, 0.0000000000000000000, -3.658281673071672600E-015 ) ) ;
#134 =( NAMED_UNIT ( * ) SI_UNIT ( $, .STERADIAN. ) SOLID_ANGLE_UNIT ( ) );
#135 = EDGE_CURVE ( 'NONE', #414, #1623, #1072, .T. ) ;
#136 = VECTOR ( 'NONE', #976, 1000.000000000000100 ) ;
#137 = ORIENTED_EDGE ( 'NONE', *, *, #780, .T. ) ;
#138 = VECTOR ( 'NONE', #1616, 1000.000000000000000 ) ;
#139 = CARTESIAN_POINT ( 'NONE',  ( -5.300000000000022900, 0.1000000000000000100, 5.999999999999981300 ) ) ;
#140 = EDGE_LOOP ( 'NONE', ( #287, #1467, #1369, #1476 ) ) ;
#141 = VERTEX_POINT ( 'NONE', #1547 ) ;
#142 = VECTOR ( 'NONE', #170, 1000.000000000000000 ) ;
#143 = EDGE_LOOP ( 'NONE', ( #2, #958, #1234, #961 ) ) ;
#144 = CARTESIAN_POINT ( 'NONE',  ( -5.999999999999998200, 0.0000000000000000000, -1.000000000000020900 ) ) ;
#145 = ORIENTED_EDGE ( 'NONE', *, *, #1146, .F. ) ;
#146 = VERTEX_POINT ( 'NONE', #672 ) ;
#147 = VERTEX_POINT ( 'NONE', #26 ) ;
#148 = CARTESIAN_POINT ( 'NONE',  ( -3.399999999999987000, 3.799999999999999800, -5.000000000000020400 ) ) ;
#149 = EDGE_CURVE ( 'NONE', #206, #307, #960, .T. ) ;
#150 = DIRECTION ( 'NONE',  ( 0.0000000000000000000, -1.000000000000000000, 0.0000000000000000000 ) ) ;
#151 = DIRECTION ( 'NONE',  ( -0.0000000000000000000, -1.000000000000000000, 0.0000000000000000000 ) ) ;
#152 = CARTESIAN_POINT ( 'NONE',  ( -5.999999999999997300, 0.1000000000000000100, -1.300000000000021400 ) ) ;
#153 = CIRCLE ( 'NONE', #1155, 0.7000000000000000700 ) ;
#154 = VECTOR ( 'NONE', #537, 1000.000000000000000 ) ;
#155 = DIRECTION ( 'NONE',  ( -1.000000000000000000, 0.0000000000000000000, -3.491481338843133400E-015 ) ) ;
#156 = ORIENTED_EDGE ( 'NONE', *, *, #1227, .F. ) ;
#157 = AXIS2_PLACEMENT_3D ( 'NONE', #774, #501, #527 ) ;
#158 = CARTESIAN_POINT ( 'NONE',  ( -5.999999999999984000, 4.000000000000000000, -5.300000000000015800 ) ) ;
#159 = EDGE_LOOP ( 'NONE', ( #1336, #801, #1414, #1371 ) ) ;
#160 = LINE ( 'NONE', #1289, #874 ) ;
#161 = CARTESIAN_POINT ( 'NONE',  ( 5.000000000000020400, 3.799999999999999800, -4.999999999999985800 ) ) ;
#162 = VECTOR ( 'NONE', #544, 1000.000000000000000 ) ;
#163 = DIRECTION ( 'NONE',  ( -0.0000000000000000000, -1.000000000000000000, 0.0000000000000000000 ) ) ;
#164 = VERTEX_POINT ( 'NONE', #417 ) ;
#165 = ORIENTED_EDGE ( 'NONE', *, *, #27, .F. ) ;
#166 = ORIENTED_EDGE ( 'NONE', *, *, #253, .F. ) ;
#167 = CARTESIAN_POINT ( 'NONE',  ( -5.299999999999983800, 0.1000000000000000100, -5.300000000000018500 ) ) ;
#168 = CARTESIAN_POINT ( 'NONE',  ( -4.999999999999998200, 1.700000000000000000, -1.000000000000017500 ) ) ;
#169 = EDGE_CURVE ( 'NONE', #1543, #1139, #668, .T. ) ;
#170 = DIRECTION ( 'NONE',  ( 0.0000000000000000000, -1.000000000000000000, 0.0000000000000000000 ) ) ;
#171 = CARTESIAN_POINT ( 'NONE',  ( -5.999999999999984000, 0.1000000000000000100, -5.300000000000015800 ) ) ;
#172 = ADVANCED_FACE ( 'NONE', ( #183 ), #1283, .T. ) ;
#173 = PRODUCT_DEFINITION_FORMATION_WITH_SPECIFIED_SOURCE ( 'ANY', '', #336, .NOT_KNOWN. ) ;
#174 = DIRECTION ( 'NONE',  ( -1.000000000000000000, 0.0000000000000000000, -3.658281673071672600E-015 ) ) ;
#175 = EDGE_LOOP ( 'NONE', ( #903, #94, #1530, #57 ) ) ;
#176 = ORIENTED_EDGE ( 'NONE', *, *, #855, .T. ) ;
#177 = VECTOR ( 'NONE', #1247, 1000.000000000000000 ) ;
#178 = CARTESIAN_POINT ( 'NONE',  ( -6.000000000000007100, 0.0000000000000000000, 1.299999999999979000 ) ) ;
#179 = LINE ( 'NONE', #1517, #1587 ) ;
#180 = ADVANCED_FACE ( 'NONE', ( #917 ), #294, .T. ) ;
#181 = VERTEX_POINT ( 'NONE', #927 ) ;
#182 = VECTOR ( 'NONE', #815, 1000.000000000000000 ) ;
#183 = FACE_OUTER_BOUND ( 'NONE', #87, .T. ) ;
#184 = VERTEX_POINT ( 'NONE', #942 ) ;
#185 = DIRECTION ( 'NONE',  ( -1.000000000000000000, 0.0000000000000000000, -3.274640904346032500E-015 ) ) ;
#186 = DIRECTION ( 'NONE',  ( 3.658281673071672600E-015, 0.0000000000000000000, -1.000000000000000000 ) ) ;
#187 = AXIS2_PLACEMENT_3D ( 'NONE', #767, #1638, #395 ) ;
#188 = EDGE_LOOP ( 'NONE', ( #1180, #1635, #647, #1004, #156, #1432, #237, #1423, #1094, #126, #615, #45 ) ) ;
#189 = PLANE ( 'NONE',  #122 ) ;
#190 = CARTESIAN_POINT ( 'NONE',  ( -4.700000000000006400, 0.0000000000000000000, 1.299999999999983600 ) ) ;
#191 = ADVANCED_FACE ( 'NONE', ( #556 ), #1434, .T. ) ;
#192 = EDGE_CURVE ( 'NONE', #716, #434, #536, .T. ) ;
#193 = VECTOR ( 'NONE', #1229, 1000.000000000000000 ) ;
#194 = LINE ( 'NONE', #1035, #567 ) ;
#195 = FACE_OUTER_BOUND ( 'NONE', #1601, .T. ) ;
#196 = ORIENTED_EDGE ( 'NONE', *, *, #253, .T. ) ;
#197 = PRODUCT_DEFINITION_CONTEXT ( 'detailed design', #669, 'design' ) ;
#198 = ADVANCED_FACE ( 'NONE', ( #1512 ), #1453, .F. ) ;
#199 = CYLINDRICAL_SURFACE ( 'NONE', #476, 0.6999999999999992900 ) ;
#200 = EDGE_CURVE ( 'NONE', #1352, #614, #629, .T. ) ;
#201 = DIRECTION ( 'NONE',  ( 1.000000000000000000, 0.0000000000000000000, 3.717264591378876000E-015 ) ) ;
#202 = DIRECTION ( 'NONE',  ( 1.000000000000000000, -0.0000000000000000000, 3.274640904346032500E-015 ) ) ;
#203 = EDGE_LOOP ( 'NONE', ( #507, #1109, #79, #1600 ) ) ;
#204 = FACE_OUTER_BOUND ( 'NONE', #879, .T. ) ;
#205 = COLOUR_RGB ( '',1.000000000000000000, 1.000000000000000000, 0.7529411764705882200 ) ;
#206 = VERTEX_POINT ( 'NONE', #1188 ) ;
#207 = VERTEX_POINT ( 'NONE', #1194 ) ;
#208 = ORIENTED_EDGE ( 'NONE', *, *, #1197, .T. ) ;
#209 = PLANE ( 'NONE',  #722 ) ;
#210 = DIRECTION ( 'NONE',  ( -0.0000000000000000000, -1.000000000000000000, 0.0000000000000000000 ) ) ;
#211 =( GEOMETRIC_REPRESENTATION_CONTEXT ( 3 ) GLOBAL_UNCERTAINTY_ASSIGNED_CONTEXT ( ( #1184 ) ) GLOBAL_UNIT_ASSIGNED_CONTEXT ( ( #461, #933, #707 ) ) REPRESENTATION_CONTEXT ( 'NONE', 'WORKASPACE' ) );
#212 = EDGE_CURVE ( 'NONE', #346, #1281, #1179, .T. ) ;
#213 = PLANE ( 'NONE',  #48 ) ;
#214 = EDGE_CURVE ( 'NONE', #452, #596, #843, .T. ) ;
#215 = FACE_OUTER_BOUND ( 'NONE', #757, .T. ) ;
#216 = CARTESIAN_POINT ( 'NONE',  ( -3.399999999999987000, 3.799999999999999400, -5.000000000000020400 ) ) ;
#217 = AXIS2_PLACEMENT_3D ( 'NONE', #488, #1122, #1116 ) ;
#218 = DIRECTION ( 'NONE',  ( 1.000000000000000000, 0.0000000000000000000, 3.573153818879706500E-015 ) ) ;
#219 = FACE_OUTER_BOUND ( 'NONE', #380, .T. ) ;
#220 = LINE ( 'NONE', #641, #1062 ) ;
#221 = CARTESIAN_POINT ( 'NONE',  ( -5.000000000000020400, 3.799999999999999800, 4.999999999999993800 ) ) ;
#222 = ORIENTED_EDGE ( 'NONE', *, *, #1252, .T. ) ;
#223 = ORIENTED_EDGE ( 'NONE', *, *, #339, .F. ) ;
#224 = EDGE_CURVE ( 'NONE', #342, #559, #787, .T. ) ;
#225 = ORIENTED_EDGE ( 'NONE', *, *, #1020, .T. ) ;
#226 = EDGE_LOOP ( 'NONE', ( #1296, #332, #721, #1351 ) ) ;
#227 = PLANE ( 'NONE',  #241 ) ;
#228 = DIRECTION ( 'NONE',  ( 3.658281673071672600E-015, 0.0000000000000000000, -1.000000000000000000 ) ) ;
#229 = DIRECTION ( 'NONE',  ( -0.7071067811865485700, 0.0000000000000000000, 0.7071067811865465700 ) ) ;
#230 = PRESENTATION_LAYER_ASSIGNMENT (  '', '', ( #1480 ) ) ;
#231 = CARTESIAN_POINT ( 'NONE',  ( -5.300000000000022900, 0.0000000000000000000, 5.999999999999981300 ) ) ;
#232 = EDGE_CURVE ( 'NONE', #207, #206, #410, .T. ) ;
#233 = DIRECTION ( 'NONE',  ( -3.658281673071672600E-015, 0.0000000000000000000, 1.000000000000000000 ) ) ;
#234 = CARTESIAN_POINT ( 'NONE',  ( -5.299999999999975800, 0.1000000000000000100, -6.000000000000018700 ) ) ;
#235 = FACE_OUTER_BOUND ( 'NONE', #1320, .T. ) ;
#236 = CARTESIAN_POINT ( 'NONE',  ( -5.300000000000022900, 4.000000000000000000, 5.999999999999981300 ) ) ;
#237 = ORIENTED_EDGE ( 'NONE', *, *, #1590, .F. ) ;
#238 = LINE ( 'NONE', #1100, #682 ) ;
#239 = ORIENTED_EDGE ( 'NONE', *, *, #1636, .T. ) ;
#240 = VERTEX_POINT ( 'NONE', #1563 ) ;
#241 = AXIS2_PLACEMENT_3D ( 'NONE', #236, #1610, #621 ) ;
#242 = VECTOR ( 'NONE', #740, 1000.000000000000000 ) ;
#243 = EDGE_LOOP ( 'NONE', ( #932, #1339, #473, #897 ) ) ;
#244 = EDGE_CURVE ( 'NONE', #573, #823, #833, .T. ) ;
#245 = ORIENTED_EDGE ( 'NONE', *, *, #747, .F. ) ;
#246 = VECTOR ( 'NONE', #1023, 1000.000000000000000 ) ;
#247 = PRESENTATION_LAYER_ASSIGNMENT (  '', '', ( #546 ) ) ;
#248 = DIRECTION ( 'NONE',  ( -3.904510737885229500E-015, 0.0000000000000000000, 1.000000000000000000 ) ) ;
#249 =( LENGTH_UNIT ( ) NAMED_UNIT ( * ) SI_UNIT ( .MILLI., .METRE. ) );
#250 = CARTESIAN_POINT ( 'NONE',  ( -4.999999999999998200, 1.700000000000000000, -1.000000000000017500 ) ) ;
#251 = DIRECTION ( 'NONE',  ( 0.0000000000000000000, 1.000000000000000000, 0.0000000000000000000 ) ) ;
#252 = CARTESIAN_POINT ( 'NONE',  ( 5.999999999999979600, 4.000000000000000000, 5.300000000000021100 ) ) ;
#253 = EDGE_CURVE ( 'NONE', #117, #147, #7, .T. ) ;
#254 = LINE ( 'NONE', #654, #678 ) ;
#255 =( NAMED_UNIT ( * ) PLANE_ANGLE_UNIT ( ) SI_UNIT ( $, .RADIAN. ) );
#256 = PLANE ( 'NONE',  #1323 ) ;
#257 = ORIENTED_EDGE ( 'NONE', *, *, #200, .T. ) ;
#258 = LINE ( 'NONE', #1569, #400 ) ;
#259 = CARTESIAN_POINT ( 'NONE',  ( 5.999999999999979600, 0.0000000000000000000, 5.300000000000021100 ) ) ;
#260 = ORIENTED_EDGE ( 'NONE', *, *, #337, .T. ) ;
#261 = CARTESIAN_POINT ( 'NONE',  ( -4.699999999999997500, 0.1000000000000000100, -1.300000000000016700 ) ) ;
#262 = ORIENTED_EDGE ( 'NONE', *, *, #616, .T. ) ;
#263 = CARTESIAN_POINT ( 'NONE',  ( -5.299999999999983800, 0.1000000000000000100, -5.300000000000018500 ) ) ;
#264 = EDGE_LOOP ( 'NONE', ( #165, #1551, #725, #590 ) ) ;
#265 = DIRECTION ( 'NONE',  ( 0.0000000000000000000, -1.000000000000000000, 0.0000000000000000000 ) ) ;
#266 = LINE ( 'NONE', #178, #1160 ) ;
#267 = CARTESIAN_POINT ( 'NONE',  ( 4.999999999999988500, 3.799999999999999400, 3.400000000000024800 ) ) ;
#268 = VERTEX_POINT ( 'NONE', #681 ) ;
#269 = DIRECTION ( 'NONE',  ( -0.0000000000000000000, -1.000000000000000000, 0.0000000000000000000 ) ) ;
#270 = DIRECTION ( 'NONE',  ( -3.491481338843133400E-015, 0.0000000000000000000, 1.000000000000000000 ) ) ;
#271 = PRESENTATION_LAYER_ASSIGNMENT (  '', '', ( #1577 ) ) ;
#272 = DIRECTION ( 'NONE',  ( 3.491481338843133400E-015, -0.0000000000000000000, -1.000000000000000000 ) ) ;
#273 = CARTESIAN_POINT ( 'NONE',  ( -4.999999999999998200, 1.700000000000000000, -1.000000000000017500 ) ) ;
#274 = FACE_OUTER_BOUND ( 'NONE', #703, .T. ) ;
#275 = CIRCLE ( 'NONE', #1216, 0.6999999999999992900 ) ;
#276 = DIRECTION ( 'NONE',  ( 1.000000000000000000, 0.0000000000000000000, 3.717264591378872000E-015 ) ) ;
#277 = AXIS2_PLACEMENT_3D ( 'NONE', #49, #1044, #812 ) ;
#278 = ORIENTED_EDGE ( 'NONE', *, *, #665, .F. ) ;
#279 = DIRECTION ( 'NONE',  ( -3.491481338843133400E-015, 0.0000000000000000000, 1.000000000000000000 ) ) ;
#280 = VERTEX_POINT ( 'NONE', #171 ) ;
#281 = CARTESIAN_POINT ( 'NONE',  ( -3.399999999999987000, 4.000000000000000000, -5.000000000000020400 ) ) ;
#282 = CARTESIAN_POINT ( 'NONE',  ( -5.000000000000005300, 1.700000000000000000, 0.9999999999999824600 ) ) ;
#283 = FACE_OUTER_BOUND ( 'NONE', #140, .T. ) ;
#284 = ORIENTED_EDGE ( 'NONE', *, *, #990, .F. ) ;
#285 = LINE ( 'NONE', #568, #182 ) ;
#286 = VECTOR ( 'NONE', #163, 1000.000000000000000 ) ;
#287 = ORIENTED_EDGE ( 'NONE', *, *, #709, .F. ) ;
#288 = DIRECTION ( 'NONE',  ( 1.000000000000000000, 0.0000000000000000000, 3.717264591378876000E-015 ) ) ;
#289 = DIRECTION ( 'NONE',  ( -0.0000000000000000000, -1.000000000000000000, 0.0000000000000000000 ) ) ;
#290 = CARTESIAN_POINT ( 'NONE',  ( -5.299999999999975800, 0.0000000000000000000, -6.000000000000018700 ) ) ;
#291 = EDGE_CURVE ( 'NONE', #117, #328, #1167, .T. ) ;
#292 = CARTESIAN_POINT ( 'NONE',  ( -4.999999999999986700, 4.000000000000000000, -3.400000000000023900 ) ) ;
#293 = DIRECTION ( 'NONE',  ( 1.000000000000000000, 0.0000000000000000000, 3.708321773340234200E-015 ) ) ;
#294 = PLANE ( 'NONE',  #923 ) ;
#295 = ADVANCED_FACE ( 'NONE', ( #1580 ), #824, .F. ) ;
#296 = VECTOR ( 'NONE', #47, 1000.000000000000000 ) ;
#297 = AXIS2_PLACEMENT_3D ( 'NONE', #316, #1074, #326 ) ;
#298 = CARTESIAN_POINT ( 'NONE',  ( -4.999999999999986700, 3.799999999999999400, -3.400000000000024300 ) ) ;
#299 = VECTOR ( 'NONE', #519, 1000.000000000000000 ) ;
#300 = DIRECTION ( 'NONE',  ( -1.000000000000000000, 0.0000000000000000000, -4.111025437406278300E-015 ) ) ;
#301 = ORIENTED_EDGE ( 'NONE', *, *, #1318, .F. ) ;
#302 = CARTESIAN_POINT ( 'NONE',  ( 0.0000000000000000000, 1.700000000000000000, 0.0000000000000000000 ) ) ;
#303 = FACE_OUTER_BOUND ( 'NONE', #1588, .T. ) ;
#304 = ORIENTED_EDGE ( 'NONE', *, *, #325, .T. ) ;
#305 = AXIS2_PLACEMENT_3D ( 'NONE', #1174, #550, #1153 ) ;
#306 = ADVANCED_FACE ( 'NONE', ( #1460 ), #431, .F. ) ;
#307 = VERTEX_POINT ( 'NONE', #440 ) ;
#308 = VECTOR ( 'NONE', #1242, 1000.000000000000000 ) ;
#309 = CARTESIAN_POINT ( 'NONE',  ( -4.999999999999998200, 1.700000000000000000, -1.000000000000017500 ) ) ;
#310 = DIRECTION ( 'NONE',  ( 1.000000000000000000, 0.0000000000000000000, 3.573307917898643400E-015 ) ) ;
#311 = ORIENTED_EDGE ( 'NONE', *, *, #847, .T. ) ;
#312 = AXIS2_PLACEMENT_3D ( 'NONE', #367, #624, #1255 ) ;
#313 = LINE ( 'NONE', #1103, #1277 ) ;
#314 = ORIENTED_EDGE ( 'NONE', *, *, #1462, .F. ) ;
#315 = CARTESIAN_POINT ( 'NONE',  ( -5.999999999999997300, 0.0000000000000000000, -1.300000000000021400 ) ) ;
#316 = CARTESIAN_POINT ( 'NONE',  ( -5.299999999999983800, 0.1000000000000000100, -5.300000000000018500 ) ) ;
#317 = ADVANCED_FACE ( 'NONE', ( #600 ), #696, .T. ) ;
#318 = AXIS2_PLACEMENT_3D ( 'NONE', #302, #562, #1050 ) ;
#319 = VECTOR ( 'NONE', #202, 1000.000000000000000 ) ;
#320 = DIRECTION ( 'NONE',  ( 1.000000000000000000, 0.0000000000000000000, 3.573307917898643400E-015 ) ) ;
#321 = UNCERTAINTY_MEASURE_WITH_UNIT (LENGTH_MEASURE( 1.000000000000000100E-005 ), #1459, 'distance_accuracy_value', 'NONE');
#322 = PRESENTATION_LAYER_ASSIGNMENT (  '', '', ( #775 ) ) ;
#323 = ADVANCED_FACE ( 'NONE', ( #979 ), #726, .T. ) ;
#324 = VECTOR ( 'NONE', #60, 1000.000000000000000 ) ;
#325 = EDGE_CURVE ( 'NONE', #164, #1421, #1083, .T. ) ;
#326 = DIRECTION ( 'NONE',  ( 1.000000000000000000, 0.0000000000000000000, 3.717264591378872000E-015 ) ) ;
#327 = SURFACE_SIDE_STYLE ('',( #1595 ) ) ;
#328 = VERTEX_POINT ( 'NONE', #1342 ) ;
#329 = ORIENTED_EDGE ( 'NONE', *, *, #1308, .T. ) ;
#330 = VECTOR ( 'NONE', #1190, 1000.000000000000000 ) ;
#331 = VECTOR ( 'NONE', #1491, 1000.000000000000000 ) ;
#332 = ORIENTED_EDGE ( 'NONE', *, *, #957, .F. ) ;
#333 = DIRECTION ( 'NONE',  ( -3.904510737885229500E-015, 0.0000000000000000000, 1.000000000000000000 ) ) ;
#334 = PLANE ( 'NONE',  #994 ) ;
#335 = ADVANCED_FACE ( 'NONE', ( #545, #499 ), #213, .T. ) ;
#336 = PRODUCT ( 'ANT-GNSSCP-SM12L1', 'ANT-GNSSCP-SM12L1', '', ( #1521 ) ) ;
#337 = EDGE_CURVE ( 'NONE', #146, #1637, #695, .T. ) ;
#338 = CARTESIAN_POINT ( 'NONE',  ( -5.000000000000005300, 1.700000000000000000, 0.9999999999999824600 ) ) ;
#339 = EDGE_CURVE ( 'NONE', #614, #1031, #1037, .T. ) ;
#340 = VECTOR ( 'NONE', #506, 1000.000000000000000 ) ;
#341 = CARTESIAN_POINT ( 'NONE',  ( 5.320000000000018900, 0.1000000000000000100, -5.999999999999981300 ) ) ;
#342 = VERTEX_POINT ( 'NONE', #469 ) ;
#343 = EDGE_CURVE ( 'NONE', #1267, #1152, #711, .T. ) ;
#344 = CARTESIAN_POINT ( 'NONE',  ( -5.300000000000020300, 0.1000000000000000100, 5.299999999999982100 ) ) ;
#345 = CARTESIAN_POINT ( 'NONE',  ( -5.999999999999997300, 0.1000000000000000100, -1.300000000000021400 ) ) ;
#346 = VERTEX_POINT ( 'NONE', #341 ) ;
#347 = ORIENTED_EDGE ( 'NONE', *, *, #420, .T. ) ;
#348 = VERTEX_POINT ( 'NONE', #86 ) ;
#349 = DIRECTION ( 'NONE',  ( 0.7071067811865485700, 0.0000000000000000000, -0.7071067811865465700 ) ) ;
#350 = ORIENTED_EDGE ( 'NONE', *, *, #1297, .F. ) ;
#351 = AXIS2_PLACEMENT_3D ( 'NONE', #1532, #782, #279 ) ;
#352 = CARTESIAN_POINT ( 'NONE',  ( -5.000000000000020400, 4.000000000000000000, 4.999999999999993800 ) ) ;
#353 = EDGE_CURVE ( 'NONE', #1353, #1340, #862, .T. ) ;
#354 = DIRECTION ( 'NONE',  ( 0.0000000000000000000, 1.000000000000000000, 0.0000000000000000000 ) ) ;
#355 = CARTESIAN_POINT ( 'NONE',  ( -5.999999999999998200, 1.700000000000000000, -1.000000000000020900 ) ) ;
#356 = VECTOR ( 'NONE', #1243, 1000.000000000000000 ) ;
#357 = DIRECTION ( 'NONE',  ( 3.057800469848931600E-015, 0.0000000000000000000, -1.000000000000000000 ) ) ;
#358 = PLANE ( 'NONE',  #613 ) ;
#359 =( GEOMETRIC_REPRESENTATION_CONTEXT ( 3 ) GLOBAL_UNCERTAINTY_ASSIGNED_CONTEXT ( ( #321 ) ) GLOBAL_UNIT_ASSIGNED_CONTEXT ( ( #1459, #1584, #1082 ) ) REPRESENTATION_CONTEXT ( 'NONE', 'WORKASPACE' ) );
#360 = PLANE ( 'NONE',  #1121 ) ;
#361 = VERTEX_POINT ( 'NONE', #70 ) ;
#362 = PLANE ( 'NONE',  #860 ) ;
#363 = EDGE_LOOP ( 'NONE', ( #1045, #1299, #719, #803, #943, #1452 ) ) ;
#364 = AXIS2_PLACEMENT_3D ( 'NONE', #821, #33, #689 ) ;
#365 = ORIENTED_EDGE ( 'NONE', *, *, #129, .T. ) ;
#366 = CARTESIAN_POINT ( 'NONE',  ( -5.999999999999997300, 0.0000000000000000000, -1.300000000000021400 ) ) ;
#367 = CARTESIAN_POINT ( 'NONE',  ( 0.0000000000000000000, 1.700000000000000000, 0.0000000000000000000 ) ) ;
#368 = VERTEX_POINT ( 'NONE', #601 ) ;
#369 = CARTESIAN_POINT ( 'NONE',  ( -4.700000000000006400, 0.1000000000000000100, 1.299999999999983600 ) ) ;
#370 = CARTESIAN_POINT ( 'NONE',  ( 5.000000000000020400, -10.34213562373096800, -4.999999999999985800 ) ) ;
#371 = ORIENTED_EDGE ( 'NONE', *, *, #125, .F. ) ;
#372 = CARTESIAN_POINT ( 'NONE',  ( 5.000000000000020400, -10.34213562373096800, -4.999999999999985800 ) ) ;
#373 = DIRECTION ( 'NONE',  ( -0.7071067811865465700, 0.0000000000000000000, -0.7071067811865485700 ) ) ;
#374 = CARTESIAN_POINT ( 'NONE',  ( -5.999999999999998200, 1.700000000000000000, -1.000000000000020900 ) ) ;
#375 = EDGE_CURVE ( 'NONE', #534, #80, #29, .T. ) ;
#376 = VECTOR ( 'NONE', #1594, 1000.000000000000000 ) ;
#377 = CARTESIAN_POINT ( 'NONE',  ( 5.299999999999977600, 0.1000000000000000100, 6.000000000000018700 ) ) ;
#378 = DIRECTION ( 'NONE',  ( 1.000000000000000000, -0.0000000000000000000, 3.274640904346032500E-015 ) ) ;
#379 = CARTESIAN_POINT ( 'NONE',  ( 4.999999999999988500, 4.000000000000000000, 3.400000000000024300 ) ) ;
#380 = EDGE_LOOP ( 'NONE', ( #62, #984, #1279, #166 ) ) ;
#381 = ORIENTED_EDGE ( 'NONE', *, *, #1020, .F. ) ;
#382 = VECTOR ( 'NONE', #482, 1000.000000000000000 ) ;
#383 = DIRECTION ( 'NONE',  ( -1.000000000000000000, 0.0000000000000000000, -3.658281673071672600E-015 ) ) ;
#384 = PRODUCT_RELATED_PRODUCT_CATEGORY ( 'part', '', ( #336 ) ) ;
#385 = VERTEX_POINT ( 'NONE', #190 ) ;
#386 = PLANE ( 'NONE',  #594 ) ;
#387 = ORIENTED_EDGE ( 'NONE', *, *, #675, .T. ) ;
#388 = ORIENTED_EDGE ( 'NONE', *, *, #1482, .T. ) ;
#389 = LINE ( 'NONE', #252, #1511 ) ;
#390 = CARTESIAN_POINT ( 'NONE',  ( 5.999999999999979600, 4.000000000000000000, 5.300000000000021100 ) ) ;
#391 = ORIENTED_EDGE ( 'NONE', *, *, #990, .T. ) ;
#392 =( NAMED_UNIT ( * ) PLANE_ANGLE_UNIT ( ) SI_UNIT ( $, .RADIAN. ) );
#393 = PLANE ( 'NONE',  #157 ) ;
#394 = DIRECTION ( 'NONE',  ( 1.000000000000000000, 0.0000000000000000000, 3.658281673071672600E-015 ) ) ;
#395 = DIRECTION ( 'NONE',  ( 1.000000000000000000, 0.0000000000000000000, 3.491481338843133400E-015 ) ) ;
#396 = LINE ( 'NONE', #399, #1388 ) ;
#397 = DIRECTION ( 'NONE',  ( 1.000000000000000000, 0.0000000000000000000, 3.717264591378872000E-015 ) ) ;
#398 = FACE_OUTER_BOUND ( 'NONE', #809, .T. ) ;
#399 = CARTESIAN_POINT ( 'NONE',  ( -6.000000000000007100, 0.1000000000000000100, 1.299999999999979000 ) ) ;
#400 = VECTOR ( 'NONE', #69, 1000.000000000000000 ) ;
#401 = DIRECTION ( 'NONE',  ( -0.0000000000000000000, -1.000000000000000000, 0.0000000000000000000 ) ) ;
#402 = EDGE_LOOP ( 'NONE', ( #800, #739, #1606, #470 ) ) ;
#403 = CARTESIAN_POINT ( 'NONE',  ( -5.999999999999997300, 0.0000000000000000000, -1.300000000000021400 ) ) ;
#404 = CARTESIAN_POINT ( 'NONE',  ( -6.000000000000005300, 1.700000000000000000, 0.9999999999999787900 ) ) ;
#405 = FACE_OUTER_BOUND ( 'NONE', #1486, .T. ) ;
#406 = CARTESIAN_POINT ( 'NONE',  ( -4.999999999999998200, 0.0000000000000000000, -1.000000000000017500 ) ) ;
#407 = EDGE_LOOP ( 'NONE', ( #1553, #686, #222, #579 ) ) ;
#408 = VECTOR ( 'NONE', #357, 1000.000000000000000 ) ;
#409 = CARTESIAN_POINT ( 'NONE',  ( -6.000000000000007100, 0.0000000000000000000, 1.299999999999979000 ) ) ;
#410 = LINE ( 'NONE', #1439, #433 ) ;
#411 = DIRECTION ( 'NONE',  ( -3.573153818879706500E-015, 0.0000000000000000000, 1.000000000000000000 ) ) ;
#412 = LINE ( 'NONE', #377, #331 ) ;
#413 = EDGE_CURVE ( 'NONE', #1583, #93, #1499, .T. ) ;
#414 = VERTEX_POINT ( 'NONE', #720 ) ;
#415 = VERTEX_POINT ( 'NONE', #606 ) ;
#416 = CARTESIAN_POINT ( 'NONE',  ( -6.000000000000007100, 0.1000000000000000100, 1.299999999999979000 ) ) ;
#417 = CARTESIAN_POINT ( 'NONE',  ( 5.000000000000020400, 4.000000000000000000, -4.999999999999985800 ) ) ;
#418 = CARTESIAN_POINT ( 'NONE',  ( -5.000000000000020400, -10.34213562373096800, 4.999999999999993800 ) ) ;
#419 = PRODUCT_DEFINITION_SHAPE ( 'NONE', 'NONE',  #110 ) ;
#420 = EDGE_CURVE ( 'NONE', #41, #307, #1262, .T. ) ;
#421 = CARTESIAN_POINT ( 'NONE',  ( -4.699999999999997500, 0.0000000000000000000, -1.300000000000016700 ) ) ;
#422 = CARTESIAN_POINT ( 'NONE',  ( -5.000000000000005300, 1.700000000000000000, 0.9999999999999824600 ) ) ;
#423 = EDGE_CURVE ( 'NONE', #614, #559, #1344, .T. ) ;
#424 = ORIENTED_EDGE ( 'NONE', *, *, #1068, .T. ) ;
#425 = MANIFOLD_SOLID_BREP ( 'Body-Move/Copy1[4]', #1098 ) ;
#426 = LINE ( 'NONE', #1246, #657 ) ;
#427 = ADVANCED_FACE ( 'NONE', ( #274 ), #334, .T. ) ;
#428 = CARTESIAN_POINT ( 'NONE',  ( 5.299999999999977600, 0.0000000000000000000, 6.000000000000018700 ) ) ;
#429 = VERTEX_POINT ( 'NONE', #1479 ) ;
#430 = FILL_AREA_STYLE_COLOUR ( '', #1501 ) ;
#431 = PLANE ( 'NONE',  #905 ) ;
#432 = ORIENTED_EDGE ( 'NONE', *, *, #532, .F. ) ;
#433 = VECTOR ( 'NONE', #1321, 1000.000000000000000 ) ;
#434 = VERTEX_POINT ( 'NONE', #611 ) ;
#435 = CARTESIAN_POINT ( 'NONE',  ( -6.000000000000019500, 0.0000000000000000000, 5.299999999999979400 ) ) ;
#436 = VECTOR ( 'NONE', #792, 1000.000000000000000 ) ;
#437 = ORIENTED_EDGE ( 'NONE', *, *, #232, .T. ) ;
#438 = CARTESIAN_POINT ( 'NONE',  ( 6.000000000000016900, 0.1000000000000000100, -5.319999999999979000 ) ) ;
#439 = LINE ( 'NONE', #1159, #724 ) ;
#440 = CARTESIAN_POINT ( 'NONE',  ( -5.000000000000005300, 0.0000000000000000000, 0.9999999999999824600 ) ) ;
#441 = ORIENTED_EDGE ( 'NONE', *, *, #1125, .F. ) ;
#442 = ADVANCED_FACE ( 'NONE', ( #1244 ), #360, .F. ) ;
#443 = EDGE_CURVE ( 'NONE', #1281, #1267, #52, .T. ) ;
#444 = PLANE ( 'NONE',  #364 ) ;
#445 = ADVANCED_FACE ( 'NONE', ( #75 ), #857, .T. ) ;
#446 = PRESENTATION_STYLE_ASSIGNMENT (( #1533 ) ) ;
#447 = COLOUR_RGB ( '',0.7921568627450980000, 0.8196078431372548800, 0.9333333333333333500 ) ;
#448 = CARTESIAN_POINT ( 'NONE',  ( -3.399999999999987000, 4.000000000000000000, -5.000000000000020400 ) ) ;
#449 = VECTOR ( 'NONE', #1579, 1000.000000000000000 ) ;
#450 = ORIENTED_EDGE ( 'NONE', *, *, #135, .T. ) ;
#451 = VECTOR ( 'NONE', #962, 1000.000000000000000 ) ;
#452 = VERTEX_POINT ( 'NONE', #1497 ) ;
#453 = VECTOR ( 'NONE', #496, 1000.000000000000000 ) ;
#454 = CARTESIAN_POINT ( 'NONE',  ( -5.999999999999984000, 4.000000000000000000, -5.300000000000015800 ) ) ;
#455 = ADVANCED_FACE ( 'NONE', ( #797 ), #742, .T. ) ;
#456 = ORIENTED_EDGE ( 'NONE', *, *, #693, .T. ) ;
#457 = VECTOR ( 'NONE', #500, 1000.000000000000000 ) ;
#458 = ORIENTED_EDGE ( 'NONE', *, *, #1558, .T. ) ;
#459 = DIRECTION ( 'NONE',  ( -3.491481338843133400E-015, 0.0000000000000000000, 1.000000000000000000 ) ) ;
#460 = AXIS2_PLACEMENT_3D ( 'NONE', #1085, #1228, #1092 ) ;
#461 =( LENGTH_UNIT ( ) NAMED_UNIT ( * ) SI_UNIT ( .MILLI., .METRE. ) );
#462 = VECTOR ( 'NONE', #1626, 1000.000000000000000 ) ;
#463 = DIRECTION ( 'NONE',  ( -2.871937240279988400E-015, 0.0000000000000000000, 1.000000000000000000 ) ) ;
#464 = LINE ( 'NONE', #1000, #1105 ) ;
#465 = ORIENTED_EDGE ( 'NONE', *, *, #423, .T. ) ;
#466 = VECTOR ( 'NONE', #970, 1000.000000000000000 ) ;
#467 = EDGE_CURVE ( 'NONE', #280, #763, #907, .T. ) ;
#468 = CARTESIAN_POINT ( 'NONE',  ( -5.300000000000020300, 4.000000000000000000, 5.299999999999982100 ) ) ;
#469 = CARTESIAN_POINT ( 'NONE',  ( -5.000000000000020400, 4.000000000000000000, 4.999999999999993800 ) ) ;
#470 = ORIENTED_EDGE ( 'NONE', *, *, #1162, .T. ) ;
#471 = VECTOR ( 'NONE', #1485, 1000.000000000000000 ) ;
#472 = ORIENTED_EDGE ( 'NONE', *, *, #42, .F. ) ;
#473 = ORIENTED_EDGE ( 'NONE', *, *, #1261, .T. ) ;
#474 = SURFACE_STYLE_FILL_AREA ( #1387 ) ;
#475 = DIRECTION ( 'NONE',  ( 3.491481338843133400E-015, 0.0000000000000000000, -1.000000000000000000 ) ) ;
#476 = AXIS2_PLACEMENT_3D ( 'NONE', #605, #973, #201 ) ;
#477 = ORIENTED_EDGE ( 'NONE', *, *, #755, .F. ) ;
#478 = ORIENTED_EDGE ( 'NONE', *, *, #795, .T. ) ;
#479 = UNCERTAINTY_MEASURE_WITH_UNIT (LENGTH_MEASURE( 1.000000000000000100E-005 ), #1027, 'distance_accuracy_value', 'NONE');
#480 = DIRECTION ( 'NONE',  ( 1.000000000000000000, 0.0000000000000000000, 2.871937240279988400E-015 ) ) ;
#481 = AXIS2_PLACEMENT_3D ( 'NONE', #422, #1422, #1036 ) ;
#482 = DIRECTION ( 'NONE',  ( 0.0000000000000000000, 1.000000000000000000, 0.0000000000000000000 ) ) ;
#483 = AXIS2_PLACEMENT_3D ( 'NONE', #1168, #25, #793 ) ;
#484 = LINE ( 'NONE', #161, #1464 ) ;
#485 = CARTESIAN_POINT ( 'NONE',  ( -5.300000000000020300, 0.0000000000000000000, 5.299999999999982100 ) ) ;
#486 = ORIENTED_EDGE ( 'NONE', *, *, #1431, .T. ) ;
#487 = ORIENTED_EDGE ( 'NONE', *, *, #855, .F. ) ;
#488 = CARTESIAN_POINT ( 'NONE',  ( -4.700000000000006400, 0.1000000000000000100, 1.299999999999983600 ) ) ;
#489 = ORIENTED_EDGE ( 'NONE', *, *, #616, .F. ) ;
#490 = LINE ( 'NONE', #221, #1449 ) ;
#491 = LINE ( 'NONE', #571, #1627 ) ;
#492 = ORIENTED_EDGE ( 'NONE', *, *, #582, .T. ) ;
#493 = PLANE ( 'NONE',  #1500 ) ;
#494 = ORIENTED_EDGE ( 'NONE', *, *, #375, .F. ) ;
#495 = CARTESIAN_POINT ( 'NONE',  ( 4.999999999999988500, -10.34213562373096800, 3.400000000000024300 ) ) ;
#496 = DIRECTION ( 'NONE',  ( -0.0000000000000000000, -1.000000000000000000, 0.0000000000000000000 ) ) ;
#497 = EDGE_CURVE ( 'NONE', #549, #1583, #91, .T. ) ;
#498 = CARTESIAN_POINT ( 'NONE',  ( -4.700000000000006400, 0.1000000000000000100, 1.299999999999983600 ) ) ;
#499 = FACE_OUTER_BOUND ( 'NONE', #627, .T. ) ;
#500 = DIRECTION ( 'NONE',  ( 0.0000000000000000000, -1.000000000000000000, 0.0000000000000000000 ) ) ;
#501 = DIRECTION ( 'NONE',  ( 0.0000000000000000000, 1.000000000000000000, 0.0000000000000000000 ) ) ;
#502 = LINE ( 'NONE', #1429, #1150 ) ;
#503 = DIRECTION ( 'NONE',  ( -0.0000000000000000000, -1.000000000000000000, 0.0000000000000000000 ) ) ;
#504 = VECTOR ( 'NONE', #394, 1000.000000000000000 ) ;
#505 = AXIS2_PLACEMENT_3D ( 'NONE', #1367, #1494, #1406 ) ;
#506 = DIRECTION ( 'NONE',  ( -0.0000000000000000000, -1.000000000000000000, 0.0000000000000000000 ) ) ;
#507 = ORIENTED_EDGE ( 'NONE', *, *, #1403, .F. ) ;
#508 = CARTESIAN_POINT ( 'NONE',  ( -5.999999999999998200, 0.0000000000000000000, -1.000000000000020900 ) ) ;
#509 = ORIENTED_EDGE ( 'NONE', *, *, #1630, .F. ) ;
#510 = LINE ( 'NONE', #88, #451 ) ;
#511 = EDGE_CURVE ( 'NONE', #549, #348, #1633, .T. ) ;
#512 = ORIENTED_EDGE ( 'NONE', *, *, #337, .F. ) ;
#513 = CARTESIAN_POINT ( 'NONE',  ( 5.000000000000020400, 3.799999999999999400, -4.999999999999985800 ) ) ;
#514 = VECTOR ( 'NONE', #411, 1000.000000000000000 ) ;
#515 = ORIENTED_EDGE ( 'NONE', *, *, #687, .F. ) ;
#516 = DIRECTION ( 'NONE',  ( -0.0000000000000000000, -1.000000000000000000, 0.0000000000000000000 ) ) ;
#517 = ORIENTED_EDGE ( 'NONE', *, *, #1558, .F. ) ;
#518 = ORIENTED_EDGE ( 'NONE', *, *, #980, .T. ) ;
#519 = DIRECTION ( 'NONE',  ( 3.491481338843133400E-015, 0.0000000000000000000, -1.000000000000000000 ) ) ;
#520 = CARTESIAN_POINT ( 'NONE',  ( 5.299999999999980300, 0.1000000000000000100, 5.300000000000018500 ) ) ;
#521 = CARTESIAN_POINT ( 'NONE',  ( 5.299999999999980300, 4.000000000000000000, 5.300000000000018500 ) ) ;
#522 = EDGE_CURVE ( 'NONE', #1063, #1495, #966, .T. ) ;
#523 = CARTESIAN_POINT ( 'NONE',  ( -6.000000000000019500, 0.1000000000000000100, 5.299999999999979400 ) ) ;
#524 = DIRECTION ( 'NONE',  ( 0.0000000000000000000, -1.000000000000000000, 0.0000000000000000000 ) ) ;
#525 = VECTOR ( 'NONE', #123, 1000.000000000000000 ) ;
#526 = CARTESIAN_POINT ( 'NONE',  ( 5.999999999999979600, 0.1000000000000000100, 5.300000000000021100 ) ) ;
#527 = DIRECTION ( 'NONE',  ( -1.000000000000000000, 0.0000000000000000000, -3.491481338843133400E-015 ) ) ;
#528 = EDGE_LOOP ( 'NONE', ( #1183, #1591, #975, #1493 ) ) ;
#529 = AXIS2_PLACEMENT_3D ( 'NONE', #1561, #581, #333 ) ;
#530 = VERTEX_POINT ( 'NONE', #97 ) ;
#531 = DIRECTION ( 'NONE',  ( 0.7071067811865497900, -0.0000000000000000000, -0.7071067811865452400 ) ) ;
#532 = EDGE_CURVE ( 'NONE', #1603, #1524, #1418, .T. ) ;
#533 = LINE ( 'NONE', #1629, #1069 ) ;
#534 = VERTEX_POINT ( 'NONE', #632 ) ;
#535 = LINE ( 'NONE', #250, #242 ) ;
#536 = LINE ( 'NONE', #811, #1604 ) ;
#537 = DIRECTION ( 'NONE',  ( 1.000000000000000000, 0.0000000000000000000, 3.573153818879706500E-015 ) ) ;
#538 = ORIENTED_EDGE ( 'NONE', *, *, #125, .T. ) ;
#539 = CARTESIAN_POINT ( 'NONE',  ( -5.300000000000022900, 0.1000000000000000100, 5.999999999999981300 ) ) ;
#540 = DIRECTION ( 'NONE',  ( 0.7071067811865455700, 0.0000000000000000000, 0.7071067811865495700 ) ) ;
#541 = AXIS2_PLACEMENT_3D ( 'NONE', #783, #1522, #1156 ) ;
#542 = DIRECTION ( 'NONE',  ( -1.000000000000000000, 0.0000000000000000000, -3.573307917898643400E-015 ) ) ;
#543 = PLANE ( 'NONE',  #132 ) ;
#544 = DIRECTION ( 'NONE',  ( 0.0000000000000000000, -1.000000000000000000, 0.0000000000000000000 ) ) ;
#545 = FACE_BOUND ( 'NONE', #84, .T. ) ;
#546 = STYLED_ITEM ( 'NONE', ( #574 ), #72 ) ;
#547 = LINE ( 'NONE', #1173, #834 ) ;
#548 = CARTESIAN_POINT ( 'NONE',  ( -5.000000000000005300, 1.700000000000000000, 0.9999999999999824600 ) ) ;
#549 = VERTEX_POINT ( 'NONE', #109 ) ;
#550 = DIRECTION ( 'NONE',  ( 0.0000000000000000000, 1.000000000000000000, 0.0000000000000000000 ) ) ;
#551 = LINE ( 'NONE', #1364, #115 ) ;
#552 = DIRECTION ( 'NONE',  ( 0.0000000000000000000, 1.000000000000000000, 0.0000000000000000000 ) ) ;
#553 = ORIENTED_EDGE ( 'NONE', *, *, #831, .T. ) ;
#554 = LINE ( 'NONE', #1556, #667 ) ;
#555 = CARTESIAN_POINT ( 'NONE',  ( -5.300000000000020300, 4.000000000000000000, 5.299999999999982100 ) ) ;
#556 = FACE_OUTER_BOUND ( 'NONE', #402, .T. ) ;
#557 = ADVANCED_FACE ( 'NONE', ( #111 ), #1507, .F. ) ;
#558 = EDGE_CURVE ( 'NONE', #328, #106, #313, .T. ) ;
#559 = VERTEX_POINT ( 'NONE', #92 ) ;
#560 = LINE ( 'NONE', #273, #65 ) ;
#561 = FILL_AREA_STYLE ('',( #430 ) ) ;
#562 = DIRECTION ( 'NONE',  ( 0.0000000000000000000, 1.000000000000000000, 0.0000000000000000000 ) ) ;
#563 = ADVANCED_FACE ( 'NONE', ( #729 ), #1617, .T. ) ;
#564 = DIRECTION ( 'NONE',  ( 0.0000000000000000000, -1.000000000000000000, 0.0000000000000000000 ) ) ;
#565 = DIRECTION ( 'NONE',  ( 0.0000000000000000000, -1.000000000000000000, 0.0000000000000000000 ) ) ;
#566 = DIRECTION ( 'NONE',  ( 0.0000000000000000000, 1.000000000000000000, 0.0000000000000000000 ) ) ;
#567 = VECTOR ( 'NONE', #1032, 1000.000000000000000 ) ;
#568 = CARTESIAN_POINT ( 'NONE',  ( -5.999999999999997300, 0.0000000000000000000, -1.300000000000021400 ) ) ;
#569 = ORIENTED_EDGE ( 'NONE', *, *, #578, .T. ) ;
#570 = EDGE_LOOP ( 'NONE', ( #1525, #1643, #478, #1528 ) ) ;
#571 = CARTESIAN_POINT ( 'NONE',  ( 5.320000000000018900, -0.0000000000000000000, -5.999999999999981300 ) ) ;
#572 = LINE ( 'NONE', #1019, #1489 ) ;
#573 = VERTEX_POINT ( 'NONE', #107 ) ;
#574 = PRESENTATION_STYLE_ASSIGNMENT (( #997 ) ) ;
#575 = ORIENTED_EDGE ( 'NONE', *, *, #954, .F. ) ;
#576 = SURFACE_SIDE_STYLE ('',( #1290 ) ) ;
#577 = CARTESIAN_POINT ( 'NONE',  ( -5.000000000000020400, 3.799999999999999800, 4.999999999999993800 ) ) ;
#578 = EDGE_CURVE ( 'NONE', #1031, #240, #82, .T. ) ;
#579 = ORIENTED_EDGE ( 'NONE', *, *, #1300, .T. ) ;
#580 = ADVANCED_FACE ( 'NONE', ( #1046 ), #1505, .T. ) ;
#581 = DIRECTION ( 'NONE',  ( -1.000000000000000000, 0.0000000000000000000, -3.904510737885229500E-015 ) ) ;
#582 = EDGE_CURVE ( 'NONE', #1408, #1067, #684, .T. ) ;
#583 = DIRECTION ( 'NONE',  ( -3.904510737885229500E-015, 0.0000000000000000000, 1.000000000000000000 ) ) ;
#584 = DIRECTION ( 'NONE',  ( 3.573153818879706500E-015, 0.0000000000000000000, -1.000000000000000000 ) ) ;
#585 = LINE ( 'NONE', #1438, #1328 ) ;
#586 = ADVANCED_FACE ( 'NONE', ( #303 ), #1017, .T. ) ;
#587 = ORIENTED_EDGE ( 'NONE', *, *, #1081, .T. ) ;
#588 = FACE_OUTER_BOUND ( 'NONE', #264, .T. ) ;
#589 = ORIENTED_EDGE ( 'NONE', *, *, #633, .F. ) ;
#590 = ORIENTED_EDGE ( 'NONE', *, *, #443, .T. ) ;
#591 = DIRECTION ( 'NONE',  ( -0.7071067811865455700, 0.0000000000000000000, -0.7071067811865493500 ) ) ;
#592 = ORIENTED_EDGE ( 'NONE', *, *, #1403, .T. ) ;
#593 = FACE_OUTER_BOUND ( 'NONE', #363, .T. ) ;
#594 = AXIS2_PLACEMENT_3D ( 'NONE', #635, #890, #1402 ) ;
#595 = ORIENTED_EDGE ( 'NONE', *, *, #1370, .F. ) ;
#596 = VERTEX_POINT ( 'NONE', #539 ) ;
#597 = CARTESIAN_POINT ( 'NONE',  ( -4.699999999999997500, 0.1000000000000000100, -1.300000000000016700 ) ) ;
#598 = MECHANICAL_DESIGN_GEOMETRIC_PRESENTATION_REPRESENTATION (  '', ( #546 ), #758 ) ;
#599 = DIRECTION ( 'NONE',  ( -0.7071067811865485700, 0.0000000000000000000, 0.7071067811865465700 ) ) ;
#600 = FACE_OUTER_BOUND ( 'NONE', #528, .T. ) ;
#601 = CARTESIAN_POINT ( 'NONE',  ( -4.999999999999986700, 4.000000000000000000, -3.400000000000023900 ) ) ;
#602 = LINE ( 'NONE', #1271, #731 ) ;
#603 = ORIENTED_EDGE ( 'NONE', *, *, #169, .F. ) ;
#604 = EDGE_CURVE ( 'NONE', #1152, #789, #928, .T. ) ;
#605 = CARTESIAN_POINT ( 'NONE',  ( -5.300000000000020300, 0.1000000000000000100, 5.299999999999982100 ) ) ;
#606 = CARTESIAN_POINT ( 'NONE',  ( -4.999999999999986700, 4.000000000000000000, -3.400000000000023900 ) ) ;
#607 = EDGE_LOOP ( 'NONE', ( #1130, #912, #1241, #784 ) ) ;
#608 = ORIENTED_EDGE ( 'NONE', *, *, #112, .F. ) ;
#609 = CYLINDRICAL_SURFACE ( 'NONE', #1006, 0.6999999999999992900 ) ;
#610 = ORIENTED_EDGE ( 'NONE', *, *, #522, .F. ) ;
#611 = CARTESIAN_POINT ( 'NONE',  ( 5.299999999999977600, 4.000000000000000000, 6.000000000000018700 ) ) ;
#612 = LINE ( 'NONE', #1474, #1026 ) ;
#613 = AXIS2_PLACEMENT_3D ( 'NONE', #372, #866, #1126 ) ;
#614 = VERTEX_POINT ( 'NONE', #776 ) ;
#615 = ORIENTED_EDGE ( 'NONE', *, *, #1081, .F. ) ;
#616 = EDGE_CURVE ( 'NONE', #530, #894, #396, .T. ) ;
#617 = CARTESIAN_POINT ( 'NONE',  ( -5.999999999999984000, 0.1000000000000000100, -5.300000000000015800 ) ) ;
#618 = DIRECTION ( 'NONE',  ( 3.573153818879706500E-015, -0.0000000000000000000, -1.000000000000000000 ) ) ;
#619 = FACE_OUTER_BOUND ( 'NONE', #203, .T. ) ;
#620 = LINE ( 'NONE', #438, #1195 ) ;
#621 = DIRECTION ( 'NONE',  ( -1.000000000000000000, 0.0000000000000000000, -3.573307917898643400E-015 ) ) ;
#622 = EDGE_LOOP ( 'NONE', ( #477, #1051, #760, #100 ) ) ;
#623 = CARTESIAN_POINT ( 'NONE',  ( -5.299999999999975800, 4.000000000000000000, -6.000000000000018700 ) ) ;
#624 = DIRECTION ( 'NONE',  ( 0.0000000000000000000, 1.000000000000000000, 0.0000000000000000000 ) ) ;
#625 = FACE_OUTER_BOUND ( 'NONE', #1054, .T. ) ;
#626 = DIRECTION ( 'NONE',  ( -0.0000000000000000000, -1.000000000000000000, 0.0000000000000000000 ) ) ;
#627 = EDGE_LOOP ( 'NONE', ( #1028, #119, #365, #1129, #486, #666, #1171, #137 ) ) ;
#628 = LINE ( 'NONE', #315, #1589 ) ;
#629 = LINE ( 'NONE', #577, #743 ) ;
#630 = VERTEX_POINT ( 'NONE', #234 ) ;
#631 = CARTESIAN_POINT ( 'NONE',  ( 6.000000000000016900, 0.1000000000000000100, -5.319999999999979000 ) ) ;
#632 = CARTESIAN_POINT ( 'NONE',  ( -5.999999999999997300, 0.1000000000000000100, -1.300000000000021400 ) ) ;
#633 = EDGE_CURVE ( 'NONE', #1250, #368, #8, .T. ) ;
#634 = LINE ( 'NONE', #113, #1189 ) ;
#635 = CARTESIAN_POINT ( 'NONE',  ( 6.000000000000016900, 4.000000000000000000, -5.319999999999979000 ) ) ;
#636 = SURFACE_STYLE_USAGE ( .BOTH. , #5 ) ;
#637 = SURFACE_STYLE_FILL_AREA ( #1294 ) ;
#638 = AXIS2_PLACEMENT_3D ( 'NONE', #836, #714, #965 ) ;
#639 = DIRECTION ( 'NONE',  ( 1.000000000000000000, 0.0000000000000000000, 3.491481338843133400E-015 ) ) ;
#640 = ORIENTED_EDGE ( 'NONE', *, *, #1596, .T. ) ;
#641 = CARTESIAN_POINT ( 'NONE',  ( -5.300000000000022900, 0.1000000000000000100, 5.999999999999981300 ) ) ;
#642 = ORIENTED_EDGE ( 'NONE', *, *, #865, .F. ) ;
#643 = ORIENTED_EDGE ( 'NONE', *, *, #1545, .T. ) ;
#644 =( NAMED_UNIT ( * ) SI_UNIT ( $, .STERADIAN. ) SOLID_ANGLE_UNIT ( ) );
#645 = VECTOR ( 'NONE', #1245, 1000.000000000000000 ) ;
#646 = FILL_AREA_STYLE ('',( #896 ) ) ;
#647 = ORIENTED_EDGE ( 'NONE', *, *, #214, .F. ) ;
#648 = ORIENTED_EDGE ( 'NONE', *, *, #169, .T. ) ;
#649 = AXIS2_PLACEMENT_3D ( 'NONE', #909, #1546, #276 ) ;
#650 = CARTESIAN_POINT ( 'NONE',  ( -6.000000000000007100, 0.1000000000000000100, 1.299999999999979000 ) ) ;
#651 = DIRECTION ( 'NONE',  ( -0.0000000000000000000, -1.000000000000000000, 0.0000000000000000000 ) ) ;
#652 =( NAMED_UNIT ( * ) PLANE_ANGLE_UNIT ( ) SI_UNIT ( $, .RADIAN. ) );
#653 = PLANE ( 'NONE',  #351 ) ;
#654 = CARTESIAN_POINT ( 'NONE',  ( -5.000000000000005300, 0.0000000000000000000, 0.9999999999999824600 ) ) ;
#655 = VECTOR ( 'NONE', #946, 1000.000000000000100 ) ;
#656 = CARTESIAN_POINT ( 'NONE',  ( -5.999999999999998200, 0.0000000000000000000, -1.000000000000020900 ) ) ;
#657 = VECTOR ( 'NONE', #1136, 1000.000000000000000 ) ;
#658 = ORIENTED_EDGE ( 'NONE', *, *, #675, .F. ) ;
#659 = LINE ( 'NONE', #448, #324 ) ;
#660 = DIRECTION ( 'NONE',  ( -1.000000000000000000, 0.0000000000000000000, -4.111025437406278300E-015 ) ) ;
#661 = AXIS2_PLACEMENT_3D ( 'NONE', #9, #1164, #895 ) ;
#662 = CARTESIAN_POINT ( 'NONE',  ( -4.699999999999997500, 0.1000000000000000100, -1.300000000000016700 ) ) ;
#663 = ORIENTED_EDGE ( 'NONE', *, *, #353, .F. ) ;
#664 = CARTESIAN_POINT ( 'NONE',  ( -5.000000000000020400, 4.000000000000000000, 4.999999999999993800 ) ) ;
#665 = EDGE_CURVE ( 'NONE', #434, #414, #1230, .T. ) ;
#666 = ORIENTED_EDGE ( 'NONE', *, *, #244, .T. ) ;
#667 = VECTOR ( 'NONE', #1172, 1000.000000000000000 ) ;
#668 = LINE ( 'NONE', #1033, #162 ) ;
#669 = APPLICATION_CONTEXT ( 'automotive_design' ) ;
#670 = ORIENTED_EDGE ( 'NONE', *, *, #38, .F. ) ;
#671 = CARTESIAN_POINT ( 'NONE',  ( -5.300000000000022900, 4.000000000000000000, 5.999999999999981300 ) ) ;
#672 = CARTESIAN_POINT ( 'NONE',  ( -5.000000000000005300, 1.700000000000000000, 0.9999999999999824600 ) ) ;
#673 = AXIS2_PLACEMENT_3D ( 'NONE', #769, #516, #1015 ) ;
#674 = DIRECTION ( 'NONE',  ( 3.491481338843133400E-015, 0.0000000000000000000, -1.000000000000000000 ) ) ;
#675 = EDGE_CURVE ( 'NONE', #1541, #1157, #1086, .T. ) ;
#676 = DIRECTION ( 'NONE',  ( 1.000000000000000000, 0.0000000000000000000, 3.717264591378872000E-015 ) ) ;
#677 = EDGE_CURVE ( 'NONE', #307, #348, #254, .T. ) ;
#678 = VECTOR ( 'NONE', #1272, 1000.000000000000000 ) ;
#679 = CARTESIAN_POINT ( 'NONE',  ( -5.999999999999997300, 0.1000000000000000100, -1.300000000000021400 ) ) ;
#680 = ORIENTED_EDGE ( 'NONE', *, *, #998, .T. ) ;
#681 = CARTESIAN_POINT ( 'NONE',  ( -6.000000000000007100, 0.1000000000000000100, 1.299999999999979000 ) ) ;
#682 = VECTOR ( 'NONE', #475, 1000.000000000000000 ) ;
#683 = ADVANCED_FACE ( 'NONE', ( #32 ), #1280, .T. ) ;
#684 = LINE ( 'NONE', #995, #1091 ) ;
#685 = DIRECTION ( 'NONE',  ( 1.000000000000000000, 0.0000000000000000000, 3.491481338843133400E-015 ) ) ;
#686 = ORIENTED_EDGE ( 'NONE', *, *, #467, .F. ) ;
#687 = EDGE_CURVE ( 'NONE', #534, #1575, #1191, .T. ) ;
#688 = ORIENTED_EDGE ( 'NONE', *, *, #1288, .F. ) ;
#689 = DIRECTION ( 'NONE',  ( 3.697996038364181400E-015, 0.0000000000000000000, -1.000000000000000000 ) ) ;
#690 = VERTEX_POINT ( 'NONE', #10 ) ;
#691 = CARTESIAN_POINT ( 'NONE',  ( -5.299999999999975800, 4.000000000000000000, -6.000000000000018700 ) ) ;
#692 = DIRECTION ( 'NONE',  ( 0.7071067811865455700, 0.0000000000000000000, 0.7071067811865495700 ) ) ;
#693 = EDGE_CURVE ( 'NONE', #974, #1541, #464, .T. ) ;
#694 = DIRECTION ( 'NONE',  ( 0.7071067811865494600, 0.0000000000000000000, -0.7071067811865456900 ) ) ;
#695 = LINE ( 'NONE', #338, #376 ) ;
#696 = PLANE ( 'NONE',  #15 ) ;
#697 = ADVANCED_FACE ( 'NONE', ( #1465 ), #888, .T. ) ;
#698 = CYLINDRICAL_SURFACE ( 'NONE', #1447, 0.6999999999999992900 ) ;
#699 = VERTEX_POINT ( 'NONE', #904 ) ;
#700 = ORIENTED_EDGE ( 'NONE', *, *, #677, .T. ) ;
#701 = AXIS2_PLACEMENT_3D ( 'NONE', #17, #906, #1186 ) ;
#702 = ADVANCED_FACE ( 'NONE', ( #816 ), #256, .F. ) ;
#703 = EDGE_LOOP ( 'NONE', ( #1099, #1427, #608, #487 ) ) ;
#704 = CIRCLE ( 'NONE', #96, 0.6999999999999992900 ) ;
#705 = CIRCLE ( 'NONE', #305, 0.6999999999999992900 ) ;
#706 = ORIENTED_EDGE ( 'NONE', *, *, #1518, .T. ) ;
#707 =( NAMED_UNIT ( * ) SI_UNIT ( $, .STERADIAN. ) SOLID_ANGLE_UNIT ( ) );
#708 = CARTESIAN_POINT ( 'NONE',  ( 3.399999999999985700, 3.799999999999999800, 5.000000000000018700 ) ) ;
#709 = EDGE_CURVE ( 'NONE', #1454, #414, #275, .T. ) ;
#710 = DIRECTION ( 'NONE',  ( -1.000000000000000000, 0.0000000000000000000, -4.111025437406278300E-015 ) ) ;
#711 = LINE ( 'NONE', #1598, #1538 ) ;
#712 = MANIFOLD_SOLID_BREP ( 'Body-Move/Copy1[2]', #1359 ) ;
#713 = EDGE_CURVE ( 'NONE', #1067, #117, #745, .T. ) ;
#714 = DIRECTION ( 'NONE',  ( 0.7071067811865452400, 0.0000000000000000000, 0.7071067811865497900 ) ) ;
#715 = DIRECTION ( 'NONE',  ( 0.7071067811865497900, -0.0000000000000000000, -0.7071067811865452400 ) ) ;
#716 = VERTEX_POINT ( 'NONE', #671 ) ;
#717 = LINE ( 'NONE', #216, #1366 ) ;
#718 = LINE ( 'NONE', #844, #382 ) ;
#719 = ORIENTED_EDGE ( 'NONE', *, *, #1341, .T. ) ;
#720 = CARTESIAN_POINT ( 'NONE',  ( 5.299999999999977600, 0.1000000000000000100, 6.000000000000018700 ) ) ;
#721 = ORIENTED_EDGE ( 'NONE', *, *, #1102, .F. ) ;
#722 = AXIS2_PLACEMENT_3D ( 'NONE', #1506, #1259, #873 ) ;
#723 = EDGE_LOOP ( 'NONE', ( #1163, #1641, #587, #1413 ) ) ;
#724 = VECTOR ( 'NONE', #540, 1000.000000000000100 ) ;
#725 = ORIENTED_EDGE ( 'NONE', *, *, #212, .T. ) ;
#726 = PLANE ( 'NONE',  #460 ) ;
#727 = MECHANICAL_DESIGN_GEOMETRIC_PRESENTATION_REPRESENTATION (  '', ( #1540 ), #359 ) ;
#728 = DIRECTION ( 'NONE',  ( 0.7071067811865499000, 0.0000000000000000000, -0.7071067811865452400 ) ) ;
#729 = FACE_OUTER_BOUND ( 'NONE', #622, .T. ) ;
#730 = CARTESIAN_POINT ( 'NONE',  ( -6.000000000000007100, 0.1000000000000000100, 1.299999999999979000 ) ) ;
#731 = VECTOR ( 'NONE', #660, 1000.000000000000000 ) ;
#732 = FACE_OUTER_BOUND ( 'NONE', #43, .T. ) ;
#733 = CARTESIAN_POINT ( 'NONE',  ( -6.000000000000019500, 0.1000000000000000100, 5.299999999999979400 ) ) ;
#734 = CARTESIAN_POINT ( 'NONE',  ( 5.000000000000020400, 3.799999999999999800, -4.999999999999985800 ) ) ;
#735 = ORIENTED_EDGE ( 'NONE', *, *, #1440, .T. ) ;
#736 = FACE_OUTER_BOUND ( 'NONE', #1273, .T. ) ;
#737 = DIRECTION ( 'NONE',  ( 4.111025437406278300E-015, 0.0000000000000000000, -1.000000000000000000 ) ) ;
#738 = EDGE_LOOP ( 'NONE', ( #1358, #494, #1456, #840 ) ) ;
#739 = ORIENTED_EDGE ( 'NONE', *, *, #1182, .F. ) ;
#740 = DIRECTION ( 'NONE',  ( -3.491481338843133400E-015, 0.0000000000000000000, 1.000000000000000000 ) ) ;
#741 = LINE ( 'NONE', #983, #408 ) ;
#742 = PLANE ( 'NONE',  #217 ) ;
#743 = VECTOR ( 'NONE', #50, 1000.000000000000000 ) ;
#744 = VERTEX_POINT ( 'NONE', #435 ) ;
#745 = LINE ( 'NONE', #513, #246 ) ;
#746 = PLANE ( 'NONE',  #950 ) ;
#747 = EDGE_CURVE ( 'NONE', #1426, #1222, #1097, .T. ) ;
#748 = CARTESIAN_POINT ( 'NONE',  ( -3.399999999999987000, 3.799999999999999800, -5.000000000000020400 ) ) ;
#749 = DIRECTION ( 'NONE',  ( 0.0000000000000000000, 1.000000000000000000, 0.0000000000000000000 ) ) ;
#750 = PRESENTATION_STYLE_ASSIGNMENT (( #1335 ) ) ;
#751 = CARTESIAN_POINT ( 'NONE',  ( -6.000000000000019500, 4.000000000000000000, 5.299999999999979400 ) ) ;
#752 = MECHANICAL_DESIGN_GEOMETRIC_PRESENTATION_REPRESENTATION (  '', ( #1577 ), #1240 ) ;
#753 = DIRECTION ( 'NONE',  ( 0.0000000000000000000, -1.000000000000000000, 0.0000000000000000000 ) ) ;
#754 = CARTESIAN_POINT ( 'NONE',  ( -4.700000000000006400, 0.0000000000000000000, 1.299999999999983600 ) ) ;
#755 = EDGE_CURVE ( 'NONE', #1583, #207, #560, .T. ) ;
#756 = VERTEX_POINT ( 'NONE', #1165 ) ;
#757 = EDGE_LOOP ( 'NONE', ( #46, #1312, #437, #1224 ) ) ;
#758 =( GEOMETRIC_REPRESENTATION_CONTEXT ( 3 ) GLOBAL_UNCERTAINTY_ASSIGNED_CONTEXT ( ( #768 ) ) GLOBAL_UNIT_ASSIGNED_CONTEXT ( ( #249, #652, #31 ) ) REPRESENTATION_CONTEXT ( 'NONE', 'WORKASPACE' ) );
#759 = CARTESIAN_POINT ( 'NONE',  ( -4.999999999999998200, 0.0000000000000000000, -1.000000000000017500 ) ) ;
#760 = ORIENTED_EDGE ( 'NONE', *, *, #51, .F. ) ;
#761 = ORIENTED_EDGE ( 'NONE', *, *, #578, .F. ) ;
#762 = LINE ( 'NONE', #366, #1469 ) ;
#763 = VERTEX_POINT ( 'NONE', #925 ) ;
#764 = ORIENTED_EDGE ( 'NONE', *, *, #770, .T. ) ;
#765 = DIRECTION ( 'NONE',  ( 1.000000000000000000, 0.0000000000000000000, 0.0000000000000000000 ) ) ;
#766 = ORIENTED_EDGE ( 'NONE', *, *, #375, .T. ) ;
#767 = CARTESIAN_POINT ( 'NONE',  ( -5.299999999999983800, 0.0000000000000000000, -5.300000000000018500 ) ) ;
#768 = UNCERTAINTY_MEASURE_WITH_UNIT (LENGTH_MEASURE( 1.000000000000000100E-005 ), #249, 'distance_accuracy_value', 'NONE');
#769 = CARTESIAN_POINT ( 'NONE',  ( 5.299999999999980300, 0.1000000000000000100, 5.300000000000018500 ) ) ;
#770 = EDGE_CURVE ( 'NONE', #1426, #534, #1552, .T. ) ;
#771 =( LENGTH_UNIT ( ) NAMED_UNIT ( * ) SI_UNIT ( .MILLI., .METRE. ) );
#772 = CARTESIAN_POINT ( 'NONE',  ( -4.999999999999986700, 3.799999999999999800, -3.400000000000023900 ) ) ;
#773 = CARTESIAN_POINT ( 'NONE',  ( -4.999999999999998200, 1.700000000000000000, -1.000000000000017500 ) ) ;
#774 = CARTESIAN_POINT ( 'NONE',  ( 0.0000000000000000000, 0.0000000000000000000, 0.0000000000000000000 ) ) ;
#775 = STYLED_ITEM ( 'NONE', ( #1442 ), #1284 ) ;
#776 = CARTESIAN_POINT ( 'NONE',  ( 3.399999999999985700, 3.799999999999999800, 5.000000000000018700 ) ) ;
#777 = ORIENTED_EDGE ( 'NONE', *, *, #1221, .F. ) ;
#778 = DIRECTION ( 'NONE',  ( 0.0000000000000000000, 1.000000000000000000, 0.0000000000000000000 ) ) ;
#779 = CIRCLE ( 'NONE', #1016, 0.6999999999999992900 ) ;
#780 = EDGE_CURVE ( 'NONE', #1513, #1543, #1025, .T. ) ;
#781 = ORIENTED_EDGE ( 'NONE', *, *, #135, .F. ) ;
#782 = DIRECTION ( 'NONE',  ( -1.000000000000000000, 0.0000000000000000000, -3.491481338843133400E-015 ) ) ;
#783 = CARTESIAN_POINT ( 'NONE',  ( 5.299999999999980300, 0.0000000000000000000, 5.300000000000018500 ) ) ;
#784 = ORIENTED_EDGE ( 'NONE', *, *, #413, .T. ) ;
#785 = LINE ( 'NONE', #1620, #645 ) ;
#786 = CARTESIAN_POINT ( 'NONE',  ( -4.700000000000006400, 0.0000000000000000000, 1.299999999999983600 ) ) ;
#787 = LINE ( 'NONE', #1203, #1492 ) ;
#788 = CARTESIAN_POINT ( 'NONE',  ( 5.299999999999977600, 0.1000000000000000100, 6.000000000000018700 ) ) ;
#789 = VERTEX_POINT ( 'NONE', #428 ) ;
#790 = AXIS2_PLACEMENT_3D ( 'NONE', #1053, #1258, #993 ) ;
#791 = DIRECTION ( 'NONE',  ( 0.0000000000000000000, -1.000000000000000000, 0.0000000000000000000 ) ) ;
#792 = DIRECTION ( 'NONE',  ( 0.0000000000000000000, -1.000000000000000000, 0.0000000000000000000 ) ) ;
#793 = DIRECTION ( 'NONE',  ( -1.000000000000000000, 0.0000000000000000000, -4.111025437406278300E-015 ) ) ;
#794 = CARTESIAN_POINT ( 'NONE',  ( -5.299999999999983800, 4.000000000000000000, -5.300000000000018500 ) ) ;
#795 = EDGE_CURVE ( 'NONE', #14, #280, #1572, .T. ) ;
#796 = DIRECTION ( 'NONE',  ( -2.871937240279988400E-015, 0.0000000000000000000, 1.000000000000000000 ) ) ;
#797 = FACE_OUTER_BOUND ( 'NONE', #723, .T. ) ;
#798 = CARTESIAN_POINT ( 'NONE',  ( -5.299999999999983800, 0.1000000000000000100, -5.300000000000018500 ) ) ;
#799 = VECTOR ( 'NONE', #272, 1000.000000000000000 ) ;
#800 = ORIENTED_EDGE ( 'NONE', *, *, #998, .F. ) ;
#801 = ORIENTED_EDGE ( 'NONE', *, *, #936, .F. ) ;
#802 = LINE ( 'NONE', #1592, #471 ) ;
#803 = ORIENTED_EDGE ( 'NONE', *, *, #1318, .T. ) ;
#804 = EDGE_CURVE ( 'NONE', #146, #1157, #1625, .T. ) ;
#805 = ORIENTED_EDGE ( 'NONE', *, *, #1393, .F. ) ;
#806 = VECTOR ( 'NONE', #1145, 1000.000000000000000 ) ;
#807 = ADVANCED_FACE ( 'NONE', ( #121 ), #543, .F. ) ;
#808 = DIRECTION ( 'NONE',  ( 0.0000000000000000000, -1.000000000000000000, 0.0000000000000000000 ) ) ;
#809 = EDGE_LOOP ( 'NONE', ( #569, #458, #1200, #1333, #257, #1586 ) ) ;
#810 = DIRECTION ( 'NONE',  ( -3.057800469848931600E-015, 0.0000000000000000000, 1.000000000000000000 ) ) ;
#811 = CARTESIAN_POINT ( 'NONE',  ( -5.300000000000022900, 4.000000000000000000, 5.999999999999981300 ) ) ;
#812 = DIRECTION ( 'NONE',  ( 3.573153818879706500E-015, 0.0000000000000000000, -1.000000000000000000 ) ) ;
#813 = PLANE ( 'NONE',  #701 ) ;
#814 = CARTESIAN_POINT ( 'NONE',  ( -5.999999999999998200, 1.700000000000000000, -1.000000000000020900 ) ) ;
#815 = DIRECTION ( 'NONE',  ( 3.491481338843133400E-015, 0.0000000000000000000, -1.000000000000000000 ) ) ;
#816 = FACE_OUTER_BOUND ( 'NONE', #1209, .T. ) ;
#817 = CARTESIAN_POINT ( 'NONE',  ( 6.000000000000016900, 4.000000000000000000, -5.319999999999979000 ) ) ;
#818 = LINE ( 'NONE', #679, #1523 ) ;
#819 = AXIS2_PLACEMENT_3D ( 'NONE', #548, #19, #293 ) ;
#820 = ORIENTED_EDGE ( 'NONE', *, *, #291, .T. ) ;
#821 = CARTESIAN_POINT ( 'NONE',  ( 5.000000000000020400, 3.799999999999999800, -4.999999999999985800 ) ) ;
#822 = ADVANCED_FACE ( 'NONE', ( #1375 ), #1304, .F. ) ;
#823 = VERTEX_POINT ( 'NONE', #1559 ) ;
#824 = PLANE ( 'NONE',  #1263 ) ;
#825 = VERTEX_POINT ( 'NONE', #298 ) ;
#826 = LINE ( 'NONE', #1128, #1223 ) ;
#827 = ORIENTED_EDGE ( 'NONE', *, *, #73, .F. ) ;
#828 = VERTEX_POINT ( 'NONE', #1419 ) ;
#829 = PLANE ( 'NONE',  #986 ) ;
#830 = ADVANCED_FACE ( 'NONE', ( #1071 ), #813, .F. ) ;
#831 = EDGE_CURVE ( 'NONE', #716, #1623, #160, .T. ) ;
#832 = DIRECTION ( 'NONE',  ( 3.491481338843133400E-015, 0.0000000000000000000, -1.000000000000000000 ) ) ;
#833 = LINE ( 'NONE', #691, #296 ) ;
#834 = VECTOR ( 'NONE', #300, 1000.000000000000000 ) ;
#835 = EDGE_LOOP ( 'NONE', ( #304, #688, #517, #868 ) ) ;
#836 = CARTESIAN_POINT ( 'NONE',  ( 4.999999999999988500, 3.799999999999999800, 3.400000000000024300 ) ) ;
#837 = DIRECTION ( 'NONE',  ( -1.000000000000000000, 0.0000000000000000000, -3.491481338843133400E-015 ) ) ;
#838 = ORIENTED_EDGE ( 'NONE', *, *, #1068, .F. ) ;
#839 = DIRECTION ( 'NONE',  ( -1.000000000000000000, 0.0000000000000000000, -3.708321773340234200E-015 ) ) ;
#840 = ORIENTED_EDGE ( 'NONE', *, *, #747, .T. ) ;
#841 = EDGE_CURVE ( 'NONE', #147, #141, #554, .T. ) ;
#842 = VECTOR ( 'NONE', #870, 1000.000000000000000 ) ;
#843 = LINE ( 'NONE', #1311, #939 ) ;
#844 = CARTESIAN_POINT ( 'NONE',  ( -4.999999999999986700, -10.34213562373096800, -3.400000000000023900 ) ) ;
#845 = CARTESIAN_POINT ( 'NONE',  ( -4.999999999999998200, 1.700000000000000000, -1.000000000000017500 ) ) ;
#846 = ORIENTED_EDGE ( 'NONE', *, *, #936, .T. ) ;
#847 = EDGE_CURVE ( 'NONE', #596, #1048, #704, .T. ) ;
#848 = FACE_OUTER_BOUND ( 'NONE', #1239, .T. ) ;
#849 = CARTESIAN_POINT ( 'NONE',  ( -5.999999999999984000, 4.000000000000000000, -5.300000000000015800 ) ) ;
#850 = CLOSED_SHELL ( 'NONE', ( #1443, #445, #427, #1307, #323, #1185, #944, #1215 ) ) ;
#851 = LINE ( 'NONE', #1282, #59 ) ;
#852 = ORIENTED_EDGE ( 'NONE', *, *, #1383, .F. ) ;
#853 = LINE ( 'NONE', #849, #915 ) ;
#854 = LINE ( 'NONE', #370, #1550 ) ;
#855 = EDGE_CURVE ( 'NONE', #106, #953, #959, .T. ) ;
#856 = ORIENTED_EDGE ( 'NONE', *, *, #980, .F. ) ;
#857 = PLANE ( 'NONE',  #1357 ) ;
#858 = CARTESIAN_POINT ( 'NONE',  ( 0.0000000000000000000, 4.000000000000000000, 0.0000000000000000000 ) ) ;
#859 = DIRECTION ( 'NONE',  ( 3.491481338843133400E-015, -0.0000000000000000000, -1.000000000000000000 ) ) ;
#860 = AXIS2_PLACEMENT_3D ( 'NONE', #374, #90, #1249 ) ;
#861 = DIRECTION ( 'NONE',  ( -0.0000000000000000000, -1.000000000000000000, 0.0000000000000000000 ) ) ;
#862 = LINE ( 'NONE', #845, #319 ) ;
#863 = DIRECTION ( 'NONE',  ( 1.000000000000000000, 0.0000000000000000000, 3.573153818879706500E-015 ) ) ;
#864 = EDGE_CURVE ( 'NONE', #93, #41, #1529, .T. ) ;
#865 = EDGE_CURVE ( 'NONE', #368, #342, #1158, .T. ) ;
#866 = DIRECTION ( 'NONE',  ( 1.000000000000000000, 0.0000000000000000000, 3.697996038364181400E-015 ) ) ;
#867 = DIRECTION ( 'NONE',  ( -1.000000000000000000, 0.0000000000000000000, -2.871937240279988400E-015 ) ) ;
#868 = ORIENTED_EDGE ( 'NONE', *, *, #1275, .T. ) ;
#869 = CIRCLE ( 'NONE', #1286, 0.6999999999999992900 ) ;
#870 = DIRECTION ( 'NONE',  ( 3.904510737885229500E-015, 0.0000000000000000000, -1.000000000000000000 ) ) ;
#871 = ORIENTED_EDGE ( 'NONE', *, *, #604, .F. ) ;
#872 = ORIENTED_EDGE ( 'NONE', *, *, #1135, .F. ) ;
#873 = DIRECTION ( 'NONE',  ( 3.491481338843133400E-015, 0.0000000000000000000, -1.000000000000000000 ) ) ;
#874 = VECTOR ( 'NONE', #150, 1000.000000000000000 ) ;
#875 = DIRECTION ( 'NONE',  ( 1.000000000000000000, 0.0000000000000000000, 3.717264591378872000E-015 ) ) ;
#876 = VECTOR ( 'NONE', #1407, 1000.000000000000000 ) ;
#877 = ORIENTED_EDGE ( 'NONE', *, *, #1112, .F. ) ;
#878 = ORIENTED_EDGE ( 'NONE', *, *, #38, .T. ) ;
#879 = EDGE_LOOP ( 'NONE', ( #781, #278, #940, #553 ) ) ;
#880 = EDGE_CURVE ( 'NONE', #699, #763, #285, .T. ) ;
#881 = PLANE ( 'NONE',  #1613 ) ;
#882 = CARTESIAN_POINT ( 'NONE',  ( -5.999999999999997300, 0.1000000000000000100, -1.300000000000021400 ) ) ;
#883 = UNCERTAINTY_MEASURE_WITH_UNIT (LENGTH_MEASURE( 1.000000000000000100E-005 ), #771, 'distance_accuracy_value', 'NONE');
#884 = DIRECTION ( 'NONE',  ( -0.0000000000000000000, -1.000000000000000000, 0.0000000000000000000 ) ) ;
#885 = DIRECTION ( 'NONE',  ( 1.000000000000000000, 0.0000000000000000000, 3.658281673071672600E-015 ) ) ;
#886 = DIRECTION ( 'NONE',  ( 0.0000000000000000000, 0.0000000000000000000, 1.000000000000000000 ) ) ;
#887 = AXIS2_PLACEMENT_3D ( 'NONE', #1520, #886, #765 ) ;
#888 = PLANE ( 'NONE',  #1436 ) ;
#889 = SURFACE_STYLE_FILL_AREA ( #646 ) ;
#890 = DIRECTION ( 'NONE',  ( -0.7071067811865495700, 0.0000000000000000000, 0.7071067811865454600 ) ) ;
#891 = EDGE_CURVE ( 'NONE', #1222, #80, #628, .T. ) ;
#892 = FACE_OUTER_BOUND ( 'NONE', #1567, .T. ) ;
#893 = VECTOR ( 'NONE', #503, 1000.000000000000000 ) ;
#894 = VERTEX_POINT ( 'NONE', #1302 ) ;
#895 = DIRECTION ( 'NONE',  ( -1.000000000000000000, 0.0000000000000000000, -3.491481338843133400E-015 ) ) ;
#896 = FILL_AREA_STYLE_COLOUR ( '', #1039 ) ;
#897 = ORIENTED_EDGE ( 'NONE', *, *, #1451, .T. ) ;
#898 = LINE ( 'NONE', #773, #1622 ) ;
#899 = ORIENTED_EDGE ( 'NONE', *, *, #1466, .T. ) ;
#900 = FACE_OUTER_BOUND ( 'NONE', #1292, .T. ) ;
#901 = FACE_OUTER_BOUND ( 'NONE', #738, .T. ) ;
#902 = CARTESIAN_POINT ( 'NONE',  ( -5.299999999999983800, 0.1000000000000000100, -5.300000000000018500 ) ) ;
#903 = ORIENTED_EDGE ( 'NONE', *, *, #1636, .F. ) ;
#904 = CARTESIAN_POINT ( 'NONE',  ( -5.999999999999997300, 0.0000000000000000000, -1.300000000000021400 ) ) ;
#905 = AXIS2_PLACEMENT_3D ( 'NONE', #454, #1306, #39 ) ;
#906 = DIRECTION ( 'NONE',  ( 1.000000000000000000, 0.0000000000000000000, 3.491481338843133400E-015 ) ) ;
#907 = LINE ( 'NONE', #617, #356 ) ;
#908 = LINE ( 'NONE', #148, #1564 ) ;
#909 = CARTESIAN_POINT ( 'NONE',  ( -5.299999999999983800, 0.0000000000000000000, -5.300000000000018500 ) ) ;
#910 = ORIENTED_EDGE ( 'NONE', *, *, #343, .F. ) ;
#911 = EDGE_CURVE ( 'NONE', #1637, #756, #1095, .T. ) ;
#912 = ORIENTED_EDGE ( 'NONE', *, *, #511, .F. ) ;
#913 = VERTEX_POINT ( 'NONE', #1057 ) ;
#914 = ORIENTED_EDGE ( 'NONE', *, *, #1417, .T. ) ;
#915 = VECTOR ( 'NONE', #1104, 1000.000000000000000 ) ;
#916 = PLANE ( 'NONE',  #819 ) ;
#917 = FACE_OUTER_BOUND ( 'NONE', #175, .T. ) ;
#918 = ORIENTED_EDGE ( 'NONE', *, *, #687, .T. ) ;
#919 = DIRECTION ( 'NONE',  ( 1.000000000000000000, -0.0000000000000000000, 3.274640904346032500E-015 ) ) ;
#920 = EDGE_CURVE ( 'NONE', #1070, #452, #81, .T. ) ;
#921 = DIRECTION ( 'NONE',  ( -1.000000000000000000, 0.0000000000000000000, -3.658281673071672600E-015 ) ) ;
#922 = ADVANCED_FACE ( 'NONE', ( #1428 ), #1317, .F. ) ;
#923 = AXIS2_PLACEMENT_3D ( 'NONE', #1055, #1430, #310 ) ;
#924 = CARTESIAN_POINT ( 'NONE',  ( -5.000000000000005300, 0.0000000000000000000, 0.9999999999999824600 ) ) ;
#925 = CARTESIAN_POINT ( 'NONE',  ( -5.999999999999984000, 0.0000000000000000000, -5.300000000000015800 ) ) ;
#926 = VECTOR ( 'NONE', #715, 1000.000000000000000 ) ;
#927 = CARTESIAN_POINT ( 'NONE',  ( 3.399999999999985700, 4.000000000000000000, 5.000000000000018700 ) ) ;
#928 = CIRCLE ( 'NONE', #541, 0.6999999999999992900 ) ;
#929 = ORIENTED_EDGE ( 'NONE', *, *, #1545, .F. ) ;
#930 = ADVANCED_FACE ( 'NONE', ( #1549 ), #362, .T. ) ;
#931 = CARTESIAN_POINT ( 'NONE',  ( -6.000000000000005300, 1.700000000000000000, 0.9999999999999787900 ) ) ;
#932 = ORIENTED_EDGE ( 'NONE', *, *, #1526, .F. ) ;
#933 =( NAMED_UNIT ( * ) PLANE_ANGLE_UNIT ( ) SI_UNIT ( $, .RADIAN. ) );
#934 = DIRECTION ( 'NONE',  ( 3.274640904346032500E-015, 0.0000000000000000000, -1.000000000000000000 ) ) ;
#935 = ORIENTED_EDGE ( 'NONE', *, *, #1146, .T. ) ;
#936 = EDGE_CURVE ( 'NONE', #1513, #1575, #853, .T. ) ;
#937 = VECTOR ( 'NONE', #401, 1000.000000000000000 ) ;
#938 = VERTEX_POINT ( 'NONE', #1487 ) ;
#939 = VECTOR ( 'NONE', #1446, 1000.000000000000000 ) ;
#940 = ORIENTED_EDGE ( 'NONE', *, *, #192, .F. ) ;
#941 = DIRECTION ( 'NONE',  ( -1.000000000000000000, 0.0000000000000000000, -3.573153818879706500E-015 ) ) ;
#942 = CARTESIAN_POINT ( 'NONE',  ( -4.700000000000006400, 0.1000000000000000100, 1.299999999999983600 ) ) ;
#943 = ORIENTED_EDGE ( 'NONE', *, *, #112, .T. ) ;
#944 = ADVANCED_FACE ( 'NONE', ( #593 ), #746, .T. ) ;
#945 = MECHANICAL_DESIGN_GEOMETRIC_PRESENTATION_REPRESENTATION (  '', ( #775 ), #211 ) ;
#946 = DIRECTION ( 'NONE',  ( -0.7071067811865499000, 0.0000000000000000000, 0.7071067811865452400 ) ) ;
#947 = VECTOR ( 'NONE', #459, 1000.000000000000000 ) ;
#948 = PLANE ( 'NONE',  #529 ) ;
#949 = CARTESIAN_POINT ( 'NONE',  ( 4.999999999999988500, -10.34213562373096800, 3.400000000000024300 ) ) ;
#950 = AXIS2_PLACEMENT_3D ( 'NONE', #858, #1386, #99 ) ;
#951 = ORIENTED_EDGE ( 'NONE', *, *, #1012, .T. ) ;
#952 = FACE_OUTER_BOUND ( 'NONE', #407, .T. ) ;
#953 = VERTEX_POINT ( 'NONE', #352 ) ;
#954 = EDGE_CURVE ( 'NONE', #1139, #530, #741, .T. ) ;
#955 = DIRECTION ( 'NONE',  ( 3.274640904346032500E-015, 0.0000000000000000000, -1.000000000000000000 ) ) ;
#956 = ADVANCED_FACE ( 'NONE', ( #204 ), #227, .F. ) ;
#957 = EDGE_CURVE ( 'NONE', #1352, #342, #490, .T. ) ;
#958 = ORIENTED_EDGE ( 'NONE', *, *, #423, .F. ) ;
#959 = LINE ( 'NONE', #418, #101 ) ;
#960 = LINE ( 'NONE', #282, #286 ) ;
#961 = ORIENTED_EDGE ( 'NONE', *, *, #957, .T. ) ;
#962 = DIRECTION ( 'NONE',  ( 3.057800469848931600E-015, 0.0000000000000000000, -1.000000000000000000 ) ) ;
#963 = CARTESIAN_POINT ( 'NONE',  ( -5.000000000000020400, -10.34213562373096800, 4.999999999999993800 ) ) ;
#964 = EDGE_CURVE ( 'NONE', #1408, #1251, #826, .T. ) ;
#965 = DIRECTION ( 'NONE',  ( 0.7071067811865497900, 0.0000000000000000000, -0.7071067811865452400 ) ) ;
#966 = LINE ( 'NONE', #1609, #1405 ) ;
#967 = CARTESIAN_POINT ( 'NONE',  ( -5.999999999999998200, 1.700000000000000000, -1.000000000000020900 ) ) ;
#968 = DIRECTION ( 'NONE',  ( -1.000000000000000000, 0.0000000000000000000, -3.708321773340234200E-015 ) ) ;
#969 = VERTEX_POINT ( 'NONE', #231 ) ;
#970 = DIRECTION ( 'NONE',  ( 3.697996038364181400E-015, -0.0000000000000000000, -1.000000000000000000 ) ) ;
#971 = VECTOR ( 'NONE', #884, 1000.000000000000000 ) ;
#972 = ORIENTED_EDGE ( 'NONE', *, *, #1382, .T. ) ;
#973 = DIRECTION ( 'NONE',  ( -0.0000000000000000000, -1.000000000000000000, 0.0000000000000000000 ) ) ;
#974 = VERTEX_POINT ( 'NONE', #508 ) ;
#975 = ORIENTED_EDGE ( 'NONE', *, *, #1590, .T. ) ;
#976 = DIRECTION ( 'NONE',  ( -0.7071067811865455700, 0.0000000000000000000, -0.7071067811865495700 ) ) ;
#977 = AXIS2_PLACEMENT_3D ( 'NONE', #1437, #737, #1362 ) ;
#978 = DIRECTION ( 'NONE',  ( 0.0000000000000000000, 1.000000000000000000, 0.0000000000000000000 ) ) ;
#979 = FACE_OUTER_BOUND ( 'NONE', #1409, .T. ) ;
#980 = EDGE_CURVE ( 'NONE', #913, #385, #1205, .T. ) ;
#981 = CARTESIAN_POINT ( 'NONE',  ( -5.999999999999997300, 0.1000000000000000100, -1.300000000000021400 ) ) ;
#982 = DIRECTION ( 'NONE',  ( 0.7071067811865452400, 0.0000000000000000000, 0.7071067811865499000 ) ) ;
#983 = CARTESIAN_POINT ( 'NONE',  ( -6.000000000000019500, 0.1000000000000000100, 5.299999999999979400 ) ) ;
#984 = ORIENTED_EDGE ( 'NONE', *, *, #73, .T. ) ;
#985 = ORIENTED_EDGE ( 'NONE', *, *, #604, .T. ) ;
#986 = AXIS2_PLACEMENT_3D ( 'NONE', #817, #941, #1458 ) ;
#987 = CARTESIAN_POINT ( 'NONE',  ( -4.999999999999998200, 1.700000000000000000, -1.000000000000017500 ) ) ;
#988 = ORIENTED_EDGE ( 'NONE', *, *, #1275, .F. ) ;
#989 = VECTOR ( 'NONE', #674, 1000.000000000000000 ) ;
#990 = EDGE_CURVE ( 'NONE', #106, #825, #1177, .T. ) ;
#991 = ORIENTED_EDGE ( 'NONE', *, *, #1034, .T. ) ;
#992 = CARTESIAN_POINT ( 'NONE',  ( -5.299999999999983800, 4.000000000000000000, -5.300000000000018500 ) ) ;
#993 = DIRECTION ( 'NONE',  ( 1.000000000000000000, 0.0000000000000000000, 3.717264591378876000E-015 ) ) ;
#994 = AXIS2_PLACEMENT_3D ( 'NONE', #963, #463, #480 ) ;
#995 = CARTESIAN_POINT ( 'NONE',  ( -3.399999999999987000, 3.799999999999999400, -5.000000000000020400 ) ) ;
#996 = PLANE ( 'NONE',  #1602 ) ;
#997 = SURFACE_STYLE_USAGE ( .BOTH. , #1509 ) ;
#998 = EDGE_CURVE ( 'NONE', #1201, #1133, #785, .T. ) ;
#999 = CARTESIAN_POINT ( 'NONE',  ( 5.320000000000018900, 0.1000000000000000100, -5.999999999999981300 ) ) ;
#1000 = CARTESIAN_POINT ( 'NONE',  ( -4.999999999999998200, 0.0000000000000000000, -1.000000000000017500 ) ) ;
#1001 = EDGE_LOOP ( 'NONE', ( #910, #1236, #1137, #1316 ) ) ;
#1002 = CARTESIAN_POINT ( 'NONE',  ( -6.000000000000019500, 0.1000000000000000100, 5.299999999999979400 ) ) ;
#1003 = ORIENTED_EDGE ( 'NONE', *, *, #1297, .T. ) ;
#1004 = ORIENTED_EDGE ( 'NONE', *, *, #920, .F. ) ;
#1005 = LINE ( 'NONE', #116, #971 ) ;
#1006 = AXIS2_PLACEMENT_3D ( 'NONE', #521, #1639, #1140 ) ;
#1007 = ORIENTED_EDGE ( 'NONE', *, *, #1341, .F. ) ;
#1008 = LINE ( 'NONE', #379, #1640 ) ;
#1009 = DIRECTION ( 'NONE',  ( -1.000000000000000000, 0.0000000000000000000, -3.491481338843133400E-015 ) ) ;
#1010 = ORIENTED_EDGE ( 'NONE', *, *, #964, .F. ) ;
#1011 = ORIENTED_EDGE ( 'NONE', *, *, #1125, .T. ) ;
#1012 = EDGE_CURVE ( 'NONE', #207, #41, #44, .T. ) ;
#1013 =( NAMED_UNIT ( * ) SI_UNIT ( $, .STERADIAN. ) SOLID_ANGLE_UNIT ( ) );
#1014 = DIRECTION ( 'NONE',  ( 0.0000000000000000000, -1.000000000000000000, 0.0000000000000000000 ) ) ;
#1015 = DIRECTION ( 'NONE',  ( 1.000000000000000000, 0.0000000000000000000, 3.717264591378876000E-015 ) ) ;
#1016 = AXIS2_PLACEMENT_3D ( 'NONE', #344, #74, #1356 ) ;
#1017 = PLANE ( 'NONE',  #1269 ) ;
#1018 = VECTOR ( 'NONE', #1496, 1000.000000000000000 ) ;
#1019 = CARTESIAN_POINT ( 'NONE',  ( -5.999999999999984000, 0.0000000000000000000, -5.300000000000015800 ) ) ;
#1020 = EDGE_CURVE ( 'NONE', #969, #744, #1354, .T. ) ;
#1021 = LINE ( 'NONE', #650, #504 ) ;
#1022 = DIRECTION ( 'NONE',  ( 3.057800469848931600E-015, 0.0000000000000000000, -1.000000000000000000 ) ) ;
#1023 = DIRECTION ( 'NONE',  ( -3.697996038364181400E-015, 0.0000000000000000000, 1.000000000000000000 ) ) ;
#1024 = ORIENTED_EDGE ( 'NONE', *, *, #713, .T. ) ;
#1025 = LINE ( 'NONE', #158, #1254 ) ;
#1026 = VECTOR ( 'NONE', #968, 1000.000000000000000 ) ;
#1027 =( LENGTH_UNIT ( ) NAMED_UNIT ( * ) SI_UNIT ( .MILLI., .METRE. ) );
#1028 = ORIENTED_EDGE ( 'NONE', *, *, #1383, .T. ) ;
#1029 = DIRECTION ( 'NONE',  ( 1.000000000000000000, 0.0000000000000000000, 2.871937240279988400E-015 ) ) ;
#1030 = EDGE_CURVE ( 'NONE', #268, #184, #1314, .T. ) ;
#1031 = VERTEX_POINT ( 'NONE', #1381 ) ;
#1032 = DIRECTION ( 'NONE',  ( 0.0000000000000000000, 1.000000000000000000, 0.0000000000000000000 ) ) ;
#1033 = CARTESIAN_POINT ( 'NONE',  ( -6.000000000000019500, 4.000000000000000000, 5.299999999999979400 ) ) ;
#1034 = EDGE_CURVE ( 'NONE', #118, #828, #533, .T. ) ;
#1035 = CARTESIAN_POINT ( 'NONE',  ( 4.999999999999988500, 3.799999999999999800, 3.400000000000024300 ) ) ;
#1036 = DIRECTION ( 'NONE',  ( 1.000000000000000000, 0.0000000000000000000, 3.708321773340234200E-015 ) ) ;
#1037 = LINE ( 'NONE', #89, #926 ) ;
#1038 = ADVANCED_FACE ( 'NONE', ( #1295 ), #1123, .F. ) ;
#1039 = COLOUR_RGB ( '',0.7921568627450980000, 0.8196078431372548800, 0.9333333333333333500 ) ;
#1040 = DIRECTION ( 'NONE',  ( 0.0000000000000000000, 1.000000000000000000, 0.0000000000000000000 ) ) ;
#1041 = ORIENTED_EDGE ( 'NONE', *, *, #804, .T. ) ;
#1042 = CARTESIAN_POINT ( 'NONE',  ( -6.000000000000007100, 0.1000000000000000100, 1.299999999999979000 ) ) ;
#1043 = EDGE_CURVE ( 'NONE', #1070, #1152, #98, .T. ) ;
#1044 = DIRECTION ( 'NONE',  ( 1.000000000000000000, 0.0000000000000000000, 3.573153818879706500E-015 ) ) ;
#1045 = ORIENTED_EDGE ( 'NONE', *, *, #841, .T. ) ;
#1046 = FACE_OUTER_BOUND ( 'NONE', #159, .T. ) ;
#1047 = CARTESIAN_POINT ( 'NONE',  ( -5.999999999999997300, 0.1000000000000000100, -1.300000000000021400 ) ) ;
#1048 = VERTEX_POINT ( 'NONE', #1632 ) ;
#1049 = DIRECTION ( 'NONE',  ( -0.7071067811865485700, 0.0000000000000000000, 0.7071067811865465700 ) ) ;
#1050 = DIRECTION ( 'NONE',  ( -1.000000000000000000, 0.0000000000000000000, -3.491481338843133400E-015 ) ) ;
#1051 = ORIENTED_EDGE ( 'NONE', *, *, #497, .F. ) ;
#1052 = ORIENTED_EDGE ( 'NONE', *, *, #1519, .F. ) ;
#1053 = CARTESIAN_POINT ( 'NONE',  ( 5.299999999999980300, 0.1000000000000000100, 5.300000000000018500 ) ) ;
#1054 = EDGE_LOOP ( 'NONE', ( #145, #56, #1253, #899 ) ) ;
#1055 = CARTESIAN_POINT ( 'NONE',  ( 5.299999999999977600, 0.1000000000000000100, 6.000000000000018700 ) ) ;
#1056 = ADVANCED_FACE ( 'NONE', ( #405 ), #1373, .T. ) ;
#1057 = CARTESIAN_POINT ( 'NONE',  ( -4.700000000000006400, 0.1000000000000000100, 1.299999999999983600 ) ) ;
#1058 = VECTOR ( 'NONE', #618, 1000.000000000000000 ) ;
#1059 = CARTESIAN_POINT ( 'NONE',  ( 5.320000000000018900, 0.1000000000000000100, -5.999999999999981300 ) ) ;
#1060 = LINE ( 'NONE', #498, #299 ) ;
#1061 = LINE ( 'NONE', #786, #11 ) ;
#1062 = VECTOR ( 'NONE', #1266, 1000.000000000000000 ) ;
#1063 = VERTEX_POINT ( 'NONE', #1274 ) ;
#1064 = DIRECTION ( 'NONE',  ( 0.0000000000000000000, 1.000000000000000000, 0.0000000000000000000 ) ) ;
#1065 = DIRECTION ( 'NONE',  ( -1.000000000000000000, 0.0000000000000000000, -3.274640904346032500E-015 ) ) ;
#1066 = ADVANCED_FACE ( 'NONE', ( #283 ), #609, .T. ) ;
#1067 = VERTEX_POINT ( 'NONE', #1397 ) ;
#1068 = EDGE_CURVE ( 'NONE', #1340, #1541, #898, .T. ) ;
#1069 = VECTOR ( 'NONE', #863, 1000.000000000000000 ) ;
#1070 = VERTEX_POINT ( 'NONE', #1287 ) ;
#1071 = FACE_OUTER_BOUND ( 'NONE', #37, .T. ) ;
#1072 = LINE ( 'NONE', #788, #876 ) ;
#1073 = ORIENTED_EDGE ( 'NONE', *, *, #804, .F. ) ;
#1074 = DIRECTION ( 'NONE',  ( -0.0000000000000000000, -1.000000000000000000, 0.0000000000000000000 ) ) ;
#1075 = VECTOR ( 'NONE', #36, 1000.000000000000000 ) ;
#1076 = DIRECTION ( 'NONE',  ( 0.0000000000000000000, -1.000000000000000000, 0.0000000000000000000 ) ) ;
#1077 = CLOSED_SHELL ( 'NONE', ( #1208, #956, #1066, #1332, #1080, #442, #580, #306, #335, #702, #295, #1196, #830, #198, #1455, #1578, #1555, #586, #28, #1435, #807, #1038, #557, #922, #1585 ) ) ;
#1078 = ORIENTED_EDGE ( 'NONE', *, *, #353, .T. ) ;
#1079 = DIRECTION ( 'NONE',  ( -3.658281673071672600E-015, 0.0000000000000000000, 1.000000000000000000 ) ) ;
#1080 = ADVANCED_FACE ( 'NONE', ( #625 ), #386, .F. ) ;
#1081 = EDGE_CURVE ( 'NONE', #184, #690, #851, .T. ) ;
#1082 =( NAMED_UNIT ( * ) SI_UNIT ( $, .STERADIAN. ) SOLID_ANGLE_UNIT ( ) );
#1083 = LINE ( 'NONE', #1593, #1213 ) ;
#1084 = PLANE ( 'NONE',  #638 ) ;
#1085 = CARTESIAN_POINT ( 'NONE',  ( -3.399999999999987000, -10.34213562373096800, -5.000000000000020400 ) ) ;
#1086 = LINE ( 'NONE', #759, #76 ) ;
#1087 = AXIS2_PLACEMENT_3D ( 'NONE', #167, #564, #685 ) ;
#1088 = ORIENTED_EDGE ( 'NONE', *, *, #522, .T. ) ;
#1089 = LINE ( 'NONE', #77, #136 ) ;
#1090 = ORIENTED_EDGE ( 'NONE', *, *, #1411, .F. ) ;
#1091 = VECTOR ( 'NONE', #130, 1000.000000000000000 ) ;
#1092 = DIRECTION ( 'NONE',  ( -0.7071067811865485700, 0.0000000000000000000, 0.7071067811865465700 ) ) ;
#1093 = AXIS2_PLACEMENT_3D ( 'NONE', #1042, #186, #1570 ) ;
#1094 = ORIENTED_EDGE ( 'NONE', *, *, #795, .F. ) ;
#1095 = LINE ( 'NONE', #931, #142 ) ;
#1096 = ORIENTED_EDGE ( 'NONE', *, *, #911, .F. ) ;
#1097 = LINE ( 'NONE', #662, #436 ) ;
#1098 = CLOSED_SHELL ( 'NONE', ( #1315, #930, #172, #1461, #563, #67 ) ) ;
#1099 = ORIENTED_EDGE ( 'NONE', *, *, #558, .F. ) ;
#1100 = CARTESIAN_POINT ( 'NONE',  ( -4.700000000000006400, 0.0000000000000000000, 1.299999999999983600 ) ) ;
#1101 = AXIS2_PLACEMENT_3D ( 'NONE', #992, #753, #875 ) ;
#1102 = EDGE_CURVE ( 'NONE', #1250, #1352, #179, .T. ) ;
#1103 = CARTESIAN_POINT ( 'NONE',  ( -5.000000000000020400, 3.799999999999999400, 4.999999999999993800 ) ) ;
#1104 = DIRECTION ( 'NONE',  ( 0.0000000000000000000, -1.000000000000000000, 0.0000000000000000000 ) ) ;
#1105 = VECTOR ( 'NONE', #378, 1000.000000000000000 ) ;
#1106 = LINE ( 'NONE', #1642, #1389 ) ;
#1107 = CARTESIAN_POINT ( 'NONE',  ( -5.000000000000020400, 3.799999999999999800, 4.999999999999993800 ) ) ;
#1108 = DIRECTION ( 'NONE',  ( -3.573153818879706500E-015, 0.0000000000000000000, 1.000000000000000000 ) ) ;
#1109 = ORIENTED_EDGE ( 'NONE', *, *, #1504, .F. ) ;
#1110 = AXIS2_PLACEMENT_3D ( 'NONE', #1291, #1187, #155 ) ;
#1111 = ORIENTED_EDGE ( 'NONE', *, *, #1382, .F. ) ;
#1112 = EDGE_CURVE ( 'NONE', #181, #147, #1008, .T. ) ;
#1113 = ORIENTED_EDGE ( 'NONE', *, *, #1393, .T. ) ;
#1114 = DIRECTION ( 'NONE',  ( 0.0000000000000000000, 1.000000000000000000, 0.0000000000000000000 ) ) ;
#1115 = VECTOR ( 'NONE', #808, 1000.000000000000000 ) ;
#1116 = DIRECTION ( 'NONE',  ( -3.491481338843133400E-015, 0.0000000000000000000, 1.000000000000000000 ) ) ;
#1117 = LINE ( 'NONE', #12, #514 ) ;
#1118 = ORIENTED_EDGE ( 'NONE', *, *, #864, .T. ) ;
#1119 = ORIENTED_EDGE ( 'NONE', *, *, #149, .F. ) ;
#1120 = CARTESIAN_POINT ( 'NONE',  ( -5.999999999999998200, 1.700000000000000000, -1.000000000000020900 ) ) ;
#1121 = AXIS2_PLACEMENT_3D ( 'NONE', #1612, #1108, #1380 ) ;
#1122 = DIRECTION ( 'NONE',  ( -1.000000000000000000, 0.0000000000000000000, -3.491481338843133400E-015 ) ) ;
#1123 = PLANE ( 'NONE',  #505 ) ;
#1124 = VECTOR ( 'NONE', #861, 1000.000000000000000 ) ;
#1125 = EDGE_CURVE ( 'NONE', #756, #894, #572, .T. ) ;
#1126 = DIRECTION ( 'NONE',  ( 3.697996038364181400E-015, 0.0000000000000000000, -1.000000000000000000 ) ) ;
#1127 = CARTESIAN_POINT ( 'NONE',  ( 6.000000000000016900, 0.1000000000000000100, -5.319999999999979000 ) ) ;
#1128 = CARTESIAN_POINT ( 'NONE',  ( -3.399999999999987000, -10.34213562373096800, -5.000000000000020400 ) ) ;
#1129 = ORIENTED_EDGE ( 'NONE', *, *, #532, .T. ) ;
#1130 = ORIENTED_EDGE ( 'NONE', *, *, #1568, .F. ) ;
#1131 = CARTESIAN_POINT ( 'NONE',  ( 6.000000000000016900, 4.000000000000000000, -5.319999999999979000 ) ) ;
#1132 = CARTESIAN_POINT ( 'NONE',  ( -5.300000000000020300, 0.0000000000000000000, 5.299999999999982100 ) ) ;
#1133 = VERTEX_POINT ( 'NONE', #754 ) ;
#1134 = FACE_OUTER_BOUND ( 'NONE', #1377, .T. ) ;
#1135 = EDGE_CURVE ( 'NONE', #596, #969, #220, .T. ) ;
#1136 = DIRECTION ( 'NONE',  ( -3.409654759787623700E-015, 0.0000000000000000000, 1.000000000000000000 ) ) ;
#1137 = ORIENTED_EDGE ( 'NONE', *, *, #1227, .T. ) ;
#1138 = DIRECTION ( 'NONE',  ( -3.491481338843133400E-015, 0.0000000000000000000, 1.000000000000000000 ) ) ;
#1139 = VERTEX_POINT ( 'NONE', #1002 ) ;
#1140 = DIRECTION ( 'NONE',  ( 1.000000000000000000, 0.0000000000000000000, 3.717264591378876000E-015 ) ) ;
#1141 = PLANE ( 'NONE',  #661 ) ;
#1142 =( GEOMETRIC_REPRESENTATION_CONTEXT ( 3 ) GLOBAL_UNCERTAINTY_ASSIGNED_CONTEXT ( ( #883 ) ) GLOBAL_UNIT_ASSIGNED_CONTEXT ( ( #771, #255, #1013 ) ) REPRESENTATION_CONTEXT ( 'NONE', 'WORKASPACE' ) );
#1143 = DIRECTION ( 'NONE',  ( 0.0000000000000000000, 1.000000000000000000, 0.0000000000000000000 ) ) ;
#1144 = CARTESIAN_POINT ( 'NONE',  ( -5.000000000000005300, 0.0000000000000000000, 0.9999999999999824600 ) ) ;
#1145 = DIRECTION ( 'NONE',  ( -0.0000000000000000000, -1.000000000000000000, 0.0000000000000000000 ) ) ;
#1146 = EDGE_CURVE ( 'NONE', #1495, #1515, #439, .T. ) ;
#1147 =( NAMED_UNIT ( * ) PLANE_ANGLE_UNIT ( ) SI_UNIT ( $, .RADIAN. ) );
#1148 = FACE_OUTER_BOUND ( 'NONE', #1392, .T. ) ;
#1149 = CARTESIAN_POINT ( 'NONE',  ( 5.299999999999977600, 4.000000000000000000, 6.000000000000018700 ) ) ;
#1150 = VECTOR ( 'NONE', #1049, 1000.000000000000000 ) ;
#1151 = DIRECTION ( 'NONE',  ( 3.491481338843133400E-015, 0.0000000000000000000, -1.000000000000000000 ) ) ;
#1152 = VERTEX_POINT ( 'NONE', #259 ) ;
#1153 = DIRECTION ( 'NONE',  ( 1.000000000000000000, 0.0000000000000000000, 3.717264591378876000E-015 ) ) ;
#1154 = ORIENTED_EDGE ( 'NONE', *, *, #1360, .F. ) ;
#1155 = AXIS2_PLACEMENT_3D ( 'NONE', #798, #289, #676 ) ;
#1156 = DIRECTION ( 'NONE',  ( 1.000000000000000000, 0.0000000000000000000, 3.717264591378876000E-015 ) ) ;
#1157 = VERTEX_POINT ( 'NONE', #1144 ) ;
#1158 = LINE ( 'NONE', #292, #330 ) ;
#1159 = CARTESIAN_POINT ( 'NONE',  ( 5.320000000000018900, 0.1000000000000000100, -5.999999999999981300 ) ) ;
#1160 = VECTOR ( 'NONE', #1313, 1000.000000000000000 ) ;
#1161 = EDGE_LOOP ( 'NONE', ( #456, #838, #663, #329 ) ) ;
#1162 = EDGE_CURVE ( 'NONE', #184, #1133, #1005, .T. ) ;
#1163 = ORIENTED_EDGE ( 'NONE', *, *, #1346, .F. ) ;
#1164 = DIRECTION ( 'NONE',  ( 0.0000000000000000000, 1.000000000000000000, 0.0000000000000000000 ) ) ;
#1165 = CARTESIAN_POINT ( 'NONE',  ( -6.000000000000005300, 0.0000000000000000000, 0.9999999999999787900 ) ) ;
#1166 = DIRECTION ( 'NONE',  ( 0.0000000000000000000, 1.000000000000000000, 0.0000000000000000000 ) ) ;
#1167 = LINE ( 'NONE', #54, #655 ) ;
#1168 = CARTESIAN_POINT ( 'NONE',  ( -3.399999999999987000, -10.34213562373096800, -5.000000000000020400 ) ) ;
#1169 = EDGE_CURVE ( 'NONE', #1603, #1454, #389, .T. ) ;
#1170 = FACE_OUTER_BOUND ( 'NONE', #1248, .T. ) ;
#1171 = ORIENTED_EDGE ( 'NONE', *, *, #83, .T. ) ;
#1172 = DIRECTION ( 'NONE',  ( 3.697996038364181400E-015, -0.0000000000000000000, -1.000000000000000000 ) ) ;
#1173 = CARTESIAN_POINT ( 'NONE',  ( -3.399999999999987000, 4.000000000000000000, -5.000000000000020400 ) ) ;
#1174 = CARTESIAN_POINT ( 'NONE',  ( 5.299999999999980300, 4.000000000000000000, 5.300000000000018500 ) ) ;
#1175 = ADVANCED_FACE ( 'NONE', ( #619 ), #996, .T. ) ;
#1176 = EDGE_LOOP ( 'NONE', ( #805, #1398, #852, #648 ) ) ;
#1177 = LINE ( 'NONE', #1498, #842 ) ;
#1178 = PRESENTATION_LAYER_ASSIGNMENT (  '', '', ( #1540 ) ) ;
#1179 = LINE ( 'NONE', #1059, #63 ) ;
#1180 = ORIENTED_EDGE ( 'NONE', *, *, #1607, .F. ) ;
#1181 = DIRECTION ( 'NONE',  ( -3.409654759787623700E-015, 0.0000000000000000000, 1.000000000000000000 ) ) ;
#1182 = EDGE_CURVE ( 'NONE', #268, #1201, #1235, .T. ) ;
#1183 = ORIENTED_EDGE ( 'NONE', *, *, #1034, .F. ) ;
#1184 = UNCERTAINTY_MEASURE_WITH_UNIT (LENGTH_MEASURE( 1.000000000000000100E-005 ), #461, 'distance_accuracy_value', 'NONE');
#1185 = ADVANCED_FACE ( 'NONE', ( #1170 ), #1303, .T. ) ;
#1186 = DIRECTION ( 'NONE',  ( 3.491481338843133400E-015, 0.0000000000000000000, -1.000000000000000000 ) ) ;
#1187 = DIRECTION ( 'NONE',  ( 0.0000000000000000000, 1.000000000000000000, 0.0000000000000000000 ) ) ;
#1188 = CARTESIAN_POINT ( 'NONE',  ( -5.000000000000005300, 1.700000000000000000, 0.9999999999999824600 ) ) ;
#1189 = VECTOR ( 'NONE', #1114, 1000.000000000000000 ) ;
#1190 = DIRECTION ( 'NONE',  ( -3.904510737885229500E-015, 0.0000000000000000000, 1.000000000000000000 ) ) ;
#1191 = LINE ( 'NONE', #882, #525 ) ;
#1192 = LINE ( 'NONE', #1527, #154 ) ;
#1193 = CARTESIAN_POINT ( 'NONE',  ( -5.299999999999975800, 0.1000000000000000100, -6.000000000000018700 ) ) ;
#1194 = CARTESIAN_POINT ( 'NONE',  ( -4.999999999999998200, 1.700000000000000000, -1.000000000000017500 ) ) ;
#1195 = VECTOR ( 'NONE', #1534, 1000.000000000000000 ) ;
#1196 = ADVANCED_FACE ( 'NONE', ( #848 ), #916, .F. ) ;
#1197 = EDGE_CURVE ( 'NONE', #763, #118, #1539, .T. ) ;
#1198 = ORIENTED_EDGE ( 'NONE', *, *, #1518, .F. ) ;
#1199 = CARTESIAN_POINT ( 'NONE',  ( -5.999999999999997300, 0.1000000000000000100, -1.300000000000021400 ) ) ;
#1200 = ORIENTED_EDGE ( 'NONE', *, *, #1370, .T. ) ;
#1201 = VERTEX_POINT ( 'NONE', #409 ) ;
#1202 = PLANE ( 'NONE',  #1206 ) ;
#1203 = CARTESIAN_POINT ( 'NONE',  ( -5.000000000000020400, 4.000000000000000000, 4.999999999999993800 ) ) ;
#1204 = ORIENTED_EDGE ( 'NONE', *, *, #291, .F. ) ;
#1205 = LINE ( 'NONE', #369, #457 ) ;
#1206 = AXIS2_PLACEMENT_3D ( 'NONE', #1334, #955, #185 ) ;
#1207 = ORIENTED_EDGE ( 'NONE', *, *, #780, .F. ) ;
#1208 = ADVANCED_FACE ( 'NONE', ( #1217 ), #698, .T. ) ;
#1209 = EDGE_LOOP ( 'NONE', ( #1052, #1445, #350, #670, #441, #472, #658, #1412 ) ) ;
#1210 = EDGE_CURVE ( 'NONE', #141, #1251, #547, .T. ) ;
#1211 = DIRECTION ( 'NONE',  ( 1.000000000000000000, 0.0000000000000000000, 2.871937240279988400E-015 ) ) ;
#1212 = SURFACE_STYLE_USAGE ( .BOTH. , #576 ) ;
#1213 = VECTOR ( 'NONE', #710, 1000.000000000000000 ) ;
#1214 = CARTESIAN_POINT ( 'NONE',  ( -4.999999999999998200, 0.0000000000000000000, -1.000000000000017500 ) ) ;
#1215 = ADVANCED_FACE ( 'NONE', ( #1484 ), #1420, .F. ) ;
#1216 = AXIS2_PLACEMENT_3D ( 'NONE', #520, #651, #6 ) ;
#1217 = FACE_OUTER_BOUND ( 'NONE', #1176, .T. ) ;
#1218 = EDGE_CURVE ( 'NONE', #1421, #368, #502, .T. ) ;
#1219 = ORIENTED_EDGE ( 'NONE', *, *, #51, .T. ) ;
#1220 = CYLINDRICAL_SURFACE ( 'NONE', #297, 0.7000000000000000700 ) ;
#1221 = EDGE_CURVE ( 'NONE', #1031, #938, #194, .T. ) ;
#1222 = VERTEX_POINT ( 'NONE', #421 ) ;
#1223 = VECTOR ( 'NONE', #978, 1000.000000000000000 ) ;
#1224 = ORIENTED_EDGE ( 'NONE', *, *, #149, .T. ) ;
#1225 = CARTESIAN_POINT ( 'NONE',  ( -5.300000000000020300, 4.000000000000000000, 5.299999999999982100 ) ) ;
#1226 = ORIENTED_EDGE ( 'NONE', *, *, #343, .T. ) ;
#1227 = EDGE_CURVE ( 'NONE', #1281, #1070, #620, .T. ) ;
#1228 = DIRECTION ( 'NONE',  ( -0.7071067811865465700, 0.0000000000000000000, -0.7071067811865485700 ) ) ;
#1229 = DIRECTION ( 'NONE',  ( 0.0000000000000000000, 1.000000000000000000, 0.0000000000000000000 ) ) ;
#1230 = LINE ( 'NONE', #1149, #1481 ) ;
#1231 = LINE ( 'NONE', #1399, #53 ) ;
#1232 = LINE ( 'NONE', #1193, #449 ) ;
#1233 = ORIENTED_EDGE ( 'NONE', *, *, #1288, .T. ) ;
#1234 = ORIENTED_EDGE ( 'NONE', *, *, #200, .F. ) ;
#1235 = LINE ( 'NONE', #416, #1268 ) ;
#1236 = ORIENTED_EDGE ( 'NONE', *, *, #443, .F. ) ;
#1237 = FACE_OUTER_BOUND ( 'NONE', #1001, .T. ) ;
#1238 = VECTOR ( 'NONE', #1634, 1000.000000000000000 ) ;
#1239 = EDGE_LOOP ( 'NONE', ( #1544, #1096, #512, #1041 ) ) ;
#1240 =( GEOMETRIC_REPRESENTATION_CONTEXT ( 3 ) GLOBAL_UNCERTAINTY_ASSIGNED_CONTEXT ( ( #1473 ) ) GLOBAL_UNIT_ASSIGNED_CONTEXT ( ( #1390, #392, #134 ) ) REPRESENTATION_CONTEXT ( 'NONE', 'WORKASPACE' ) );
#1241 = ORIENTED_EDGE ( 'NONE', *, *, #497, .T. ) ;
#1242 = DIRECTION ( 'NONE',  ( 1.000000000000000000, 0.0000000000000000000, 3.658281673071672600E-015 ) ) ;
#1243 = DIRECTION ( 'NONE',  ( -0.0000000000000000000, -1.000000000000000000, 0.0000000000000000000 ) ) ;
#1244 = FACE_OUTER_BOUND ( 'NONE', #1470, .T. ) ;
#1245 = DIRECTION ( 'NONE',  ( 1.000000000000000000, 0.0000000000000000000, 3.658281673071672600E-015 ) ) ;
#1246 = CARTESIAN_POINT ( 'NONE',  ( -5.999999999999984000, 0.0000000000000000000, -5.300000000000015800 ) ) ;
#1247 = DIRECTION ( 'NONE',  ( 3.697996038364181400E-015, -0.0000000000000000000, -1.000000000000000000 ) ) ;
#1248 = EDGE_LOOP ( 'NONE', ( #1309, #1468, #1573, #827 ) ) ;
#1249 = DIRECTION ( 'NONE',  ( -3.491481338843133400E-015, 0.0000000000000000000, 1.000000000000000000 ) ) ;
#1250 = VERTEX_POINT ( 'NONE', #30 ) ;
#1251 = VERTEX_POINT ( 'NONE', #281 ) ;
#1252 = EDGE_CURVE ( 'NONE', #280, #630, #153, .T. ) ;
#1253 = ORIENTED_EDGE ( 'NONE', *, *, #1431, .F. ) ;
#1254 = VECTOR ( 'NONE', #1181, 1000.000000000000000 ) ;
#1255 = DIRECTION ( 'NONE',  ( -1.000000000000000000, 0.0000000000000000000, -3.491481338843133400E-015 ) ) ;
#1256 = FACE_OUTER_BOUND ( 'NONE', #243, .T. ) ;
#1257 = ORIENTED_EDGE ( 'NONE', *, *, #755, .T. ) ;
#1258 = DIRECTION ( 'NONE',  ( -0.0000000000000000000, -1.000000000000000000, 0.0000000000000000000 ) ) ;
#1259 = DIRECTION ( 'NONE',  ( 1.000000000000000000, 0.0000000000000000000, 3.491481338843133400E-015 ) ) ;
#1260 = DIRECTION ( 'NONE',  ( -1.000000000000000000, 0.0000000000000000000, -3.491481338843133400E-015 ) ) ;
#1261 = EDGE_CURVE ( 'NONE', #690, #14, #818, .T. ) ;
#1262 = LINE ( 'NONE', #1214, #947 ) ;
#1263 = AXIS2_PLACEMENT_3D ( 'NONE', #168, #934, #1065 ) ;
#1264 = LINE ( 'NONE', #733, #893 ) ;
#1265 = CARTESIAN_POINT ( 'NONE',  ( 5.999999999999979600, 0.1000000000000000100, 5.300000000000021100 ) ) ;
#1266 = DIRECTION ( 'NONE',  ( -0.0000000000000000000, -1.000000000000000000, 0.0000000000000000000 ) ) ;
#1267 = VERTEX_POINT ( 'NONE', #1557 ) ;
#1268 = VECTOR ( 'NONE', #151, 1000.000000000000000 ) ;
#1269 = AXIS2_PLACEMENT_3D ( 'NONE', #263, #524, #639 ) ;
#1270 = ORIENTED_EDGE ( 'NONE', *, *, #1417, .F. ) ;
#1271 = CARTESIAN_POINT ( 'NONE',  ( -3.399999999999987000, 3.799999999999999800, -5.000000000000020400 ) ) ;
#1272 = DIRECTION ( 'NONE',  ( -1.000000000000000000, 0.0000000000000000000, -3.708321773340234200E-015 ) ) ;
#1273 = EDGE_LOOP ( 'NONE', ( #381, #872, #311, #1276 ) ) ;
#1274 = CARTESIAN_POINT ( 'NONE',  ( -5.299999999999975800, 0.1000000000000000100, -6.000000000000018700 ) ) ;
#1275 = EDGE_CURVE ( 'NONE', #240, #164, #484, .T. ) ;
#1276 = ORIENTED_EDGE ( 'NONE', *, *, #1504, .T. ) ;
#1277 = VECTOR ( 'NONE', #867, 1000.000000000000000 ) ;
#1278 = APPLICATION_PROTOCOL_DEFINITION ( 'draft international standard', 'automotive_design', 1998, #1395 ) ;
#1279 = ORIENTED_EDGE ( 'NONE', *, *, #841, .F. ) ;
#1280 = PLANE ( 'NONE',  #187 ) ;
#1281 = VERTEX_POINT ( 'NONE', #1554 ) ;
#1282 = CARTESIAN_POINT ( 'NONE',  ( -4.700000000000006400, 0.1000000000000000100, 1.299999999999983600 ) ) ;
#1283 = PLANE ( 'NONE',  #481 ) ;
#1284 = MANIFOLD_SOLID_BREP ( 'Plate', #850 ) ;
#1285 = CARTESIAN_POINT ( 'NONE',  ( -5.999999999999984000, 0.1000000000000000100, -5.300000000000015800 ) ) ;
#1286 = AXIS2_PLACEMENT_3D ( 'NONE', #468, #354, #1597 ) ;
#1287 = CARTESIAN_POINT ( 'NONE',  ( 5.999999999999979600, 0.1000000000000000100, 5.300000000000021100 ) ) ;
#1288 = EDGE_CURVE ( 'NONE', #429, #1421, #908, .T. ) ;
#1289 = CARTESIAN_POINT ( 'NONE',  ( -5.300000000000022900, 4.000000000000000000, 5.999999999999981300 ) ) ;
#1290 = SURFACE_STYLE_FILL_AREA ( #561 ) ;
#1291 = CARTESIAN_POINT ( 'NONE',  ( 0.0000000000000000000, 3.799999999999999800, 0.0000000000000000000 ) ) ;
#1292 = EDGE_LOOP ( 'NONE', ( #1394, #988, #761, #1448 ) ) ;
#1293 = ORIENTED_EDGE ( 'NONE', *, *, #880, .T. ) ;
#1294 = FILL_AREA_STYLE ('',( #16 ) ) ;
#1295 = FACE_OUTER_BOUND ( 'NONE', #226, .T. ) ;
#1296 = ORIENTED_EDGE ( 'NONE', *, *, #865, .T. ) ;
#1297 = EDGE_CURVE ( 'NONE', #385, #1222, #1061, .T. ) ;
#1298 = LINE ( 'NONE', #261, #806 ) ;
#1299 = ORIENTED_EDGE ( 'NONE', *, *, #1210, .T. ) ;
#1300 = EDGE_CURVE ( 'NONE', #630, #118, #1232, .T. ) ;
#1301 = EDGE_LOOP ( 'NONE', ( #35, #777, #223, #465 ) ) ;
#1302 = CARTESIAN_POINT ( 'NONE',  ( -6.000000000000005300, 0.0000000000000000000, 1.299999999999979000 ) ) ;
#1303 = PLANE ( 'NONE',  #483 ) ;
#1304 = PLANE ( 'NONE',  #1087 ) ;
#1305 = VECTOR ( 'NONE', #1076, 1000.000000000000000 ) ;
#1306 = DIRECTION ( 'NONE',  ( 1.000000000000000000, 0.0000000000000000000, 3.409654759787623700E-015 ) ) ;
#1307 = ADVANCED_FACE ( 'NONE', ( #892 ), #948, .T. ) ;
#1308 = EDGE_CURVE ( 'NONE', #1353, #974, #258, .T. ) ;
#1309 = ORIENTED_EDGE ( 'NONE', *, *, #582, .F. ) ;
#1310 = DIRECTION ( 'NONE',  ( -1.000000000000000000, 0.0000000000000000000, -3.057800469848931600E-015 ) ) ;
#1311 = CARTESIAN_POINT ( 'NONE',  ( 5.299999999999977600, 0.1000000000000000100, 6.000000000000018700 ) ) ;
#1312 = ORIENTED_EDGE ( 'NONE', *, *, #1012, .F. ) ;
#1313 = DIRECTION ( 'NONE',  ( 1.000000000000000000, 0.0000000000000000000, 3.658281673071672600E-015 ) ) ;
#1314 = LINE ( 'NONE', #730, #308 ) ;
#1315 = ADVANCED_FACE ( 'NONE', ( #235 ), #1202, .T. ) ;
#1316 = ORIENTED_EDGE ( 'NONE', *, *, #1043, .T. ) ;
#1317 = PLANE ( 'NONE',  #977 ) ;
#1318 = EDGE_CURVE ( 'NONE', #415, #953, #585, .T. ) ;
#1319 = EDGE_LOOP ( 'NONE', ( #1204, #196, #877, #18 ) ) ;
#1320 = EDGE_LOOP ( 'NONE', ( #1562, #22, #1257, #951 ) ) ;
#1321 = DIRECTION ( 'NONE',  ( -3.491481338843133400E-015, 0.0000000000000000000, 1.000000000000000000 ) ) ;
#1322 = ADVANCED_FACE ( 'NONE', ( #588 ), #189, .T. ) ;
#1323 = AXIS2_PLACEMENT_3D ( 'NONE', #1132, #1143, #1260 ) ;
#1324 = VECTOR ( 'NONE', #566, 1000.000000000000000 ) ;
#1325 = VECTOR ( 'NONE', #251, 1000.000000000000000 ) ;
#1326 = CARTESIAN_POINT ( 'NONE',  ( 5.320000000000018900, 0.1000000000000000100, -5.999999999999981300 ) ) ;
#1327 = CARTESIAN_POINT ( 'NONE',  ( -5.299999999999975800, 0.1000000000000000100, -6.000000000000018700 ) ) ;
#1328 = VECTOR ( 'NONE', #583, 1000.000000000000000 ) ;
#1329 = AXIS2_PLACEMENT_3D ( 'NONE', #794, #1166, #1410 ) ;
#1330 = LINE ( 'NONE', #1120, #1444 ) ;
#1331 = ORIENTED_EDGE ( 'NONE', *, *, #1169, .T. ) ;
#1332 = ADVANCED_FACE ( 'NONE', ( #732 ), #829, .F. ) ;
#1333 = ORIENTED_EDGE ( 'NONE', *, *, #1102, .T. ) ;
#1334 = CARTESIAN_POINT ( 'NONE',  ( -4.999999999999998200, 1.700000000000000000, -1.000000000000017500 ) ) ;
#1335 = SURFACE_STYLE_USAGE ( .BOTH. , #327 ) ;
#1336 = ORIENTED_EDGE ( 'NONE', *, *, #1596, .F. ) ;
#1337 = CIRCLE ( 'NONE', #1329, 0.7000000000000000700 ) ;
#1338 = LINE ( 'NONE', #623, #1368 ) ;
#1339 = ORIENTED_EDGE ( 'NONE', *, *, #58, .F. ) ;
#1340 = VERTEX_POINT ( 'NONE', #309 ) ;
#1341 = EDGE_CURVE ( 'NONE', #1251, #415, #659, .T. ) ;
#1342 = CARTESIAN_POINT ( 'NONE',  ( 3.399999999999986100, 3.799999999999999400, 5.000000000000018700 ) ) ;
#1343 = ADVANCED_FACE ( 'NONE', ( #952 ), #1220, .T. ) ;
#1344 = LINE ( 'NONE', #708, #193 ) ;
#1345 = DIRECTION ( 'NONE',  ( -3.573153818879706500E-015, 0.0000000000000000000, 1.000000000000000000 ) ) ;
#1346 = EDGE_CURVE ( 'NONE', #1133, #361, #238, .T. ) ;
#1347 = CIRCLE ( 'NONE', #1400, 0.7000000000000000700 ) ;
#1348 = ORIENTED_EDGE ( 'NONE', *, *, #511, .T. ) ;
#1349 = CARTESIAN_POINT ( 'NONE',  ( -3.399999999999987000, 4.000000000000000000, -5.000000000000020400 ) ) ;
#1350 = DIRECTION ( 'NONE',  ( 0.0000000000000000000, 1.000000000000000000, 0.0000000000000000000 ) ) ;
#1351 = ORIENTED_EDGE ( 'NONE', *, *, #633, .T. ) ;
#1352 = VERTEX_POINT ( 'NONE', #1107 ) ;
#1353 = VERTEX_POINT ( 'NONE', #814 ) ;
#1354 = CIRCLE ( 'NONE', #1379, 0.6999999999999992900 ) ;
#1355 = ORIENTED_EDGE ( 'NONE', *, *, #224, .F. ) ;
#1356 = DIRECTION ( 'NONE',  ( 1.000000000000000000, 0.0000000000000000000, 3.717264591378876000E-015 ) ) ;
#1357 = AXIS2_PLACEMENT_3D ( 'NONE', #495, #982, #728 ) ;
#1358 = ORIENTED_EDGE ( 'NONE', *, *, #891, .T. ) ;
#1359 = CLOSED_SHELL ( 'NONE', ( #1175, #1425, #180, #1056, #40, #1322, #317, #1343, #697, #55, #455, #191, #822, #683 ) ) ;
#1360 = EDGE_CURVE ( 'NONE', #938, #164, #13, .T. ) ;
#1361 = CARTESIAN_POINT ( 'NONE',  ( -3.399999999999987000, 3.799999999999999400, -5.000000000000020400 ) ) ;
#1362 = DIRECTION ( 'NONE',  ( -1.000000000000000000, 0.0000000000000000000, -4.111025437406278300E-015 ) ) ;
#1363 = LINE ( 'NONE', #1131, #1018 ) ;
#1364 = CARTESIAN_POINT ( 'NONE',  ( -3.399999999999987000, 3.799999999999999800, -5.000000000000020400 ) ) ;
#1365 = CARTESIAN_POINT ( 'NONE',  ( -6.000000000000005300, 1.700000000000000000, 0.9999999999999787900 ) ) ;
#1366 = VECTOR ( 'NONE', #349, 1000.000000000000000 ) ;
#1367 = CARTESIAN_POINT ( 'NONE',  ( -4.999999999999986700, 3.799999999999999800, -3.400000000000023900 ) ) ;
#1368 = VECTOR ( 'NONE', #1378, 1000.000000000000000 ) ;
#1369 = ORIENTED_EDGE ( 'NONE', *, *, #129, .F. ) ;
#1370 = EDGE_CURVE ( 'NONE', #429, #1250, #551, .T. ) ;
#1371 = ORIENTED_EDGE ( 'NONE', *, *, #1462, .T. ) ;
#1372 = DIRECTION ( 'NONE',  ( 1.000000000000000000, 0.0000000000000000000, 3.658281673071672600E-015 ) ) ;
#1373 = CYLINDRICAL_SURFACE ( 'NONE', #673, 0.6999999999999992900 ) ;
#1374 = ORIENTED_EDGE ( 'NONE', *, *, #1568, .T. ) ;
#1375 = FACE_OUTER_BOUND ( 'NONE', #188, .T. ) ;
#1376 = VECTOR ( 'NONE', #839, 1000.000000000000000 ) ;
#1377 = EDGE_LOOP ( 'NONE', ( #1118, #347, #700, #1374 ) ) ;
#1378 = DIRECTION ( 'NONE',  ( 0.0000000000000000000, -1.000000000000000000, 0.0000000000000000000 ) ) ;
#1379 = AXIS2_PLACEMENT_3D ( 'NONE', #485, #626, #1508 ) ;
#1380 = DIRECTION ( 'NONE',  ( 1.000000000000000000, 0.0000000000000000000, 3.573153818879706500E-015 ) ) ;
#1381 = CARTESIAN_POINT ( 'NONE',  ( 4.999999999999988500, 3.799999999999999800, 3.400000000000024300 ) ) ;
#1382 = EDGE_CURVE ( 'NONE', #825, #1408, #717, .T. ) ;
#1383 = EDGE_CURVE ( 'NONE', #1543, #716, #869, .T. ) ;
#1384 = CARTESIAN_POINT ( 'NONE',  ( 6.000000000000016900, 4.000000000000000000, -5.319999999999979000 ) ) ;
#1385 = COLOUR_RGB ( '',0.7921568627450980000, 0.8196078431372548800, 0.9333333333333333500 ) ;
#1386 = DIRECTION ( 'NONE',  ( 0.0000000000000000000, 1.000000000000000000, 0.0000000000000000000 ) ) ;
#1387 = FILL_AREA_STYLE ('',( #4 ) ) ;
#1388 = VECTOR ( 'NONE', #1014, 1000.000000000000000 ) ;
#1389 = VECTOR ( 'NONE', #542, 1000.000000000000000 ) ;
#1390 =( LENGTH_UNIT ( ) NAMED_UNIT ( * ) SI_UNIT ( .MILLI., .METRE. ) );
#1391 = ORIENTED_EDGE ( 'NONE', *, *, #558, .T. ) ;
#1392 = EDGE_LOOP ( 'NONE', ( #1003, #245, #929, #518 ) ) ;
#1393 = EDGE_CURVE ( 'NONE', #1623, #1139, #779, .T. ) ;
#1394 = ORIENTED_EDGE ( 'NONE', *, *, #1360, .T. ) ;
#1395 = APPLICATION_CONTEXT ( 'automotive_design' ) ;
#1396 = ORIENTED_EDGE ( 'NONE', *, *, #1630, .T. ) ;
#1397 = CARTESIAN_POINT ( 'NONE',  ( 5.000000000000019500, 3.799999999999999400, -4.999999999999985800 ) ) ;
#1398 = ORIENTED_EDGE ( 'NONE', *, *, #831, .F. ) ;
#1399 = CARTESIAN_POINT ( 'NONE',  ( 5.320000000000018900, 4.000000000000000000, -5.999999999999981300 ) ) ;
#1400 = AXIS2_PLACEMENT_3D ( 'NONE', #902, #269, #397 ) ;
#1401 = CARTESIAN_POINT ( 'NONE',  ( -5.999999999999997300, 0.1000000000000000100, -1.300000000000021400 ) ) ;
#1402 = DIRECTION ( 'NONE',  ( 0.7071067811865454600, 0.0000000000000000000, 0.7071067811865495700 ) ) ;
#1403 = EDGE_CURVE ( 'NONE', #744, #1201, #510, .T. ) ;
#1404 = CARTESIAN_POINT ( 'NONE',  ( -5.999999999999998200, 1.700000000000000000, -1.000000000000020900 ) ) ;
#1405 = VECTOR ( 'NONE', #218, 1000.000000000000000 ) ;
#1406 = DIRECTION ( 'NONE',  ( -3.904510737885229500E-015, 0.0000000000000000000, 1.000000000000000000 ) ) ;
#1407 = DIRECTION ( 'NONE',  ( -1.000000000000000000, 0.0000000000000000000, -3.573307917898643400E-015 ) ) ;
#1408 = VERTEX_POINT ( 'NONE', #1361 ) ;
#1409 = EDGE_LOOP ( 'NONE', ( #1111, #914, #1007, #1010 ) ) ;
#1410 = DIRECTION ( 'NONE',  ( -1.000000000000000000, 0.0000000000000000000, -3.717264591378872000E-015 ) ) ;
#1411 = EDGE_CURVE ( 'NONE', #559, #938, #802, .T. ) ;
#1412 = ORIENTED_EDGE ( 'NONE', *, *, #693, .F. ) ;
#1413 = ORIENTED_EDGE ( 'NONE', *, *, #58, .T. ) ;
#1414 = ORIENTED_EDGE ( 'NONE', *, *, #83, .F. ) ;
#1415 = DIRECTION ( 'NONE',  ( 1.000000000000000000, 0.0000000000000000000, 3.717264591378876000E-015 ) ) ;
#1416 = CARTESIAN_POINT ( 'NONE',  ( -5.300000000000020300, 0.1000000000000000100, 5.299999999999982100 ) ) ;
#1417 = EDGE_CURVE ( 'NONE', #825, #415, #718, .T. ) ;
#1418 = LINE ( 'NONE', #1384, #1058 ) ;
#1419 = CARTESIAN_POINT ( 'NONE',  ( 5.320000000000018900, -0.0000000000000000000, -5.999999999999981300 ) ) ;
#1420 = PLANE ( 'NONE',  #1110 ) ;
#1421 = VERTEX_POINT ( 'NONE', #1349 ) ;
#1422 = DIRECTION ( 'NONE',  ( -3.708321773340234200E-015, 0.0000000000000000000, 1.000000000000000000 ) ) ;
#1423 = ORIENTED_EDGE ( 'NONE', *, *, #1252, .F. ) ;
#1424 = LINE ( 'NONE', #120, #138 ) ;
#1425 = ADVANCED_FACE ( 'NONE', ( #736 ), #199, .T. ) ;
#1426 = VERTEX_POINT ( 'NONE', #597 ) ;
#1427 = ORIENTED_EDGE ( 'NONE', *, *, #1536, .T. ) ;
#1428 = FACE_OUTER_BOUND ( 'NONE', #835, .T. ) ;
#1429 = CARTESIAN_POINT ( 'NONE',  ( -3.399999999999987000, 4.000000000000000000, -5.000000000000020400 ) ) ;
#1430 = DIRECTION ( 'NONE',  ( -3.573307917898643400E-015, 0.0000000000000000000, 1.000000000000000000 ) ) ;
#1431 = EDGE_CURVE ( 'NONE', #1524, #573, #1089, .T. ) ;
#1432 = ORIENTED_EDGE ( 'NONE', *, *, #212, .F. ) ;
#1433 = CARTESIAN_POINT ( 'NONE',  ( -5.000000000000020400, 3.799999999999999800, 4.999999999999993800 ) ) ;
#1434 = PLANE ( 'NONE',  #1093 ) ;
#1435 = ADVANCED_FACE ( 'NONE', ( #1618 ), #1084, .F. ) ;
#1436 = AXIS2_PLACEMENT_3D ( 'NONE', #1401, #1009, #1138 ) ;
#1437 = CARTESIAN_POINT ( 'NONE',  ( -3.399999999999987000, 3.799999999999999800, -5.000000000000020400 ) ) ;
#1438 = CARTESIAN_POINT ( 'NONE',  ( -4.999999999999986700, 4.000000000000000000, -3.400000000000023900 ) ) ;
#1439 = CARTESIAN_POINT ( 'NONE',  ( -4.999999999999998200, 1.700000000000000000, -1.000000000000017500 ) ) ;
#1440 = EDGE_CURVE ( 'NONE', #1637, #1353, #1330, .T. ) ;
#1441 = LINE ( 'NONE', #523, #1560 ) ;
#1442 = PRESENTATION_STYLE_ASSIGNMENT (( #1212 ) ) ;
#1443 = ADVANCED_FACE ( 'NONE', ( #219 ), #358, .T. ) ;
#1444 = VECTOR ( 'NONE', #859, 1000.000000000000000 ) ;
#1445 = ORIENTED_EDGE ( 'NONE', *, *, #891, .F. ) ;
#1446 = DIRECTION ( 'NONE',  ( -1.000000000000000000, 0.0000000000000000000, -3.573307917898643400E-015 ) ) ;
#1447 = AXIS2_PLACEMENT_3D ( 'NONE', #555, #565, #1415 ) ;
#1448 = ORIENTED_EDGE ( 'NONE', *, *, #1221, .T. ) ;
#1449 = VECTOR ( 'NONE', #749, 1000.000000000000000 ) ;
#1450 = LINE ( 'NONE', #664, #102 ) ;
#1451 = EDGE_CURVE ( 'NONE', #14, #699, #103, .T. ) ;
#1452 = ORIENTED_EDGE ( 'NONE', *, *, #1112, .T. ) ;
#1453 = PLANE ( 'NONE',  #318 ) ;
#1454 = VERTEX_POINT ( 'NONE', #1265 ) ;
#1455 = ADVANCED_FACE ( 'NONE', ( #901 ), #493, .F. ) ;
#1456 = ORIENTED_EDGE ( 'NONE', *, *, #770, .F. ) ;
#1457 = PLANE ( 'NONE',  #1631 ) ;
#1458 = DIRECTION ( 'NONE',  ( -3.573153818879706500E-015, 0.0000000000000000000, 1.000000000000000000 ) ) ;
#1459 =( LENGTH_UNIT ( ) NAMED_UNIT ( * ) SI_UNIT ( .MILLI., .METRE. ) );
#1460 = FACE_OUTER_BOUND ( 'NONE', #1605, .T. ) ;
#1461 = ADVANCED_FACE ( 'NONE', ( #215 ), #209, .T. ) ;
#1462 = EDGE_CURVE ( 'NONE', #823, #1063, #1338, .T. ) ;
#1463 = DIRECTION ( 'NONE',  ( -1.000000000000000000, 0.0000000000000000000, -3.573153818879706500E-015 ) ) ;
#1464 = VECTOR ( 'NONE', #1040, 1000.000000000000000 ) ;
#1465 = FACE_OUTER_BOUND ( 'NONE', #570, .T. ) ;
#1466 = EDGE_CURVE ( 'NONE', #1524, #1515, #1363, .T. ) ;
#1467 = ORIENTED_EDGE ( 'NONE', *, *, #1169, .F. ) ;
#1468 = ORIENTED_EDGE ( 'NONE', *, *, #964, .T. ) ;
#1469 = VECTOR ( 'NONE', #383, 1000.000000000000000 ) ;
#1470 = EDGE_LOOP ( 'NONE', ( #610, #314, #1475, #1488 ) ) ;
#1471 = VECTOR ( 'NONE', #919, 1000.000000000000000 ) ;
#1472 = LINE ( 'NONE', #924, #1376 ) ;
#1473 = UNCERTAINTY_MEASURE_WITH_UNIT (LENGTH_MEASURE( 1.000000000000000100E-005 ), #1390, 'distance_accuracy_value', 'NONE');
#1474 = CARTESIAN_POINT ( 'NONE',  ( -5.000000000000005300, 1.700000000000000000, 0.9999999999999824600 ) ) ;
#1475 = ORIENTED_EDGE ( 'NONE', *, *, #244, .F. ) ;
#1476 = ORIENTED_EDGE ( 'NONE', *, *, #665, .T. ) ;
#1477 = EDGE_CURVE ( 'NONE', #346, #828, #1424, .T. ) ;
#1478 = FILL_AREA_STYLE ('',( #78 ) ) ;
#1479 = CARTESIAN_POINT ( 'NONE',  ( -3.399999999999987000, 3.799999999999999800, -5.000000000000020400 ) ) ;
#1480 = STYLED_ITEM ( 'NONE', ( #34 ), #1576 ) ;
#1481 = VECTOR ( 'NONE', #1516, 1000.000000000000000 ) ;
#1482 = EDGE_CURVE ( 'NONE', #452, #789, #412, .T. ) ;
#1483 = SHAPE_DEFINITION_REPRESENTATION ( #419, #1576 ) ;
#1484 = FACE_OUTER_BOUND ( 'NONE', #1490, .T. ) ;
#1485 = DIRECTION ( 'NONE',  ( 0.7071067811865497900, -0.0000000000000000000, -0.7071067811865452400 ) ) ;
#1486 = EDGE_LOOP ( 'NONE', ( #871, #105, #66, #388 ) ) ;
#1487 = CARTESIAN_POINT ( 'NONE',  ( 4.999999999999988500, 4.000000000000000000, 3.400000000000024300 ) ) ;
#1488 = ORIENTED_EDGE ( 'NONE', *, *, #1615, .T. ) ;
#1489 = VECTOR ( 'NONE', #131, 1000.000000000000000 ) ;
#1490 = EDGE_LOOP ( 'NONE', ( #1024, #820, #1391, #391, #972, #492 ) ) ;
#1491 = DIRECTION ( 'NONE',  ( -0.0000000000000000000, -1.000000000000000000, 0.0000000000000000000 ) ) ;
#1492 = VECTOR ( 'NONE', #1211, 1000.000000000000000 ) ;
#1493 = ORIENTED_EDGE ( 'NONE', *, *, #1477, .T. ) ;
#1494 = DIRECTION ( 'NONE',  ( -1.000000000000000000, 0.0000000000000000000, -3.904510737885229500E-015 ) ) ;
#1495 = VERTEX_POINT ( 'NONE', #999 ) ;
#1496 = DIRECTION ( 'NONE',  ( 0.0000000000000000000, -1.000000000000000000, 0.0000000000000000000 ) ) ;
#1497 = CARTESIAN_POINT ( 'NONE',  ( 5.299999999999977600, 0.1000000000000000100, 6.000000000000018700 ) ) ;
#1498 = CARTESIAN_POINT ( 'NONE',  ( -4.999999999999986700, 3.799999999999999400, -3.400000000000023900 ) ) ;
#1499 = LINE ( 'NONE', #967, #1614 ) ;
#1500 = AXIS2_PLACEMENT_3D ( 'NONE', #981, #233, #1372 ) ;
#1501 = COLOUR_RGB ( '',0.7921568627450980000, 0.8196078431372548800, 0.9333333333333333500 ) ;
#1502 = LINE ( 'NONE', #144, #799 ) ;
#1503 = EDGE_LOOP ( 'NONE', ( #592, #680, #127, #1571, #1293, #208, #991, #1621, #1226, #985, #239, #225 ) ) ;
#1504 = EDGE_CURVE ( 'NONE', #1048, #744, #1264, .T. ) ;
#1505 = CYLINDRICAL_SURFACE ( 'NONE', #1101, 0.7000000000000000700 ) ;
#1506 = CARTESIAN_POINT ( 'NONE',  ( -4.999999999999998200, 1.700000000000000000, -1.000000000000017500 ) ) ;
#1507 = PLANE ( 'NONE',  #71 ) ;
#1508 = DIRECTION ( 'NONE',  ( 1.000000000000000000, 0.0000000000000000000, 3.717264591378876000E-015 ) ) ;
#1509 = SURFACE_SIDE_STYLE ('',( #474 ) ) ;
#1510 = ORIENTED_EDGE ( 'NONE', *, *, #1519, .T. ) ;
#1511 = VECTOR ( 'NONE', #265, 1000.000000000000000 ) ;
#1512 = FACE_OUTER_BOUND ( 'NONE', #1619, .T. ) ;
#1513 = VERTEX_POINT ( 'NONE', #1624 ) ;
#1514 = CARTESIAN_POINT ( 'NONE',  ( 6.000000000000016900, 4.000000000000000000, -5.319999999999979000 ) ) ;
#1515 = VERTEX_POINT ( 'NONE', #631 ) ;
#1516 = DIRECTION ( 'NONE',  ( 0.0000000000000000000, -1.000000000000000000, 0.0000000000000000000 ) ) ;
#1517 = CARTESIAN_POINT ( 'NONE',  ( -4.999999999999986700, 3.799999999999999800, -3.400000000000023900 ) ) ;
#1518 = EDGE_CURVE ( 'NONE', #1340, #146, #535, .T. ) ;
#1519 = EDGE_CURVE ( 'NONE', #80, #974, #426, .T. ) ;
#1520 = CARTESIAN_POINT ( 'NONE',  ( 0.0000000000000000000, 0.0000000000000000000, 0.0000000000000000000 ) ) ;
#1521 = PRODUCT_CONTEXT ( 'NONE', #1395, 'mechanical' ) ;
#1522 = DIRECTION ( 'NONE',  ( -0.0000000000000000000, -1.000000000000000000, 0.0000000000000000000 ) ) ;
#1523 = VECTOR ( 'NONE', #921, 1000.000000000000000 ) ;
#1524 = VERTEX_POINT ( 'NONE', #1514 ) ;
#1525 = ORIENTED_EDGE ( 'NONE', *, *, #880, .F. ) ;
#1526 = EDGE_CURVE ( 'NONE', #361, #699, #762, .T. ) ;
#1527 = CARTESIAN_POINT ( 'NONE',  ( -5.299999999999975800, 0.1000000000000000100, -6.000000000000018700 ) ) ;
#1528 = ORIENTED_EDGE ( 'NONE', *, *, #467, .T. ) ;
#1529 = LINE ( 'NONE', #406, #1471 ) ;
#1530 = ORIENTED_EDGE ( 'NONE', *, *, #214, .T. ) ;
#1531 = EDGE_LOOP ( 'NONE', ( #64, #589, #595, #1233 ) ) ;
#1532 = CARTESIAN_POINT ( 'NONE',  ( -4.700000000000006400, 0.1000000000000000100, 1.299999999999983600 ) ) ;
#1533 = SURFACE_STYLE_USAGE ( .BOTH. , #1 ) ;
#1534 = DIRECTION ( 'NONE',  ( -3.573153818879706500E-015, 0.0000000000000000000, 1.000000000000000000 ) ) ;
#1535 = DIRECTION ( 'NONE',  ( 1.000000000000000000, 0.0000000000000000000, 2.871937240279988400E-015 ) ) ;
#1536 = EDGE_CURVE ( 'NONE', #328, #181, #634, .T. ) ;
#1537 = DIRECTION ( 'NONE',  ( 1.000000000000000000, -0.0000000000000000000, 3.274640904346032500E-015 ) ) ;
#1538 = VECTOR ( 'NONE', #1345, 1000.000000000000000 ) ;
#1539 = CIRCLE ( 'NONE', #649, 0.7000000000000000700 ) ;
#1540 = STYLED_ITEM ( 'NONE', ( #750 ), #425 ) ;
#1541 = VERTEX_POINT ( 'NONE', #1611 ) ;
#1542 = DIRECTION ( 'NONE',  ( -0.0000000000000000000, -1.000000000000000000, 0.0000000000000000000 ) ) ;
#1543 = VERTEX_POINT ( 'NONE', #751 ) ;
#1544 = ORIENTED_EDGE ( 'NONE', *, *, #42, .T. ) ;
#1545 = EDGE_CURVE ( 'NONE', #913, #1426, #1060, .T. ) ;
#1546 = DIRECTION ( 'NONE',  ( -0.0000000000000000000, -1.000000000000000000, 0.0000000000000000000 ) ) ;
#1547 = CARTESIAN_POINT ( 'NONE',  ( 5.000000000000020400, 4.000000000000000000, -4.999999999999985800 ) ) ;
#1548 = ORIENTED_EDGE ( 'NONE', *, *, #911, .T. ) ;
#1549 = FACE_OUTER_BOUND ( 'NONE', #607, .T. ) ;
#1550 = VECTOR ( 'NONE', #778, 1000.000000000000000 ) ;
#1551 = ORIENTED_EDGE ( 'NONE', *, *, #1477, .F. ) ;
#1552 = LINE ( 'NONE', #152, #1075 ) ;
#1553 = ORIENTED_EDGE ( 'NONE', *, *, #1197, .F. ) ;
#1554 = CARTESIAN_POINT ( 'NONE',  ( 6.000000000000016900, 0.1000000000000000100, -5.319999999999979000 ) ) ;
#1555 = ADVANCED_FACE ( 'NONE', ( #195 ), #881, .F. ) ;
#1556 = CARTESIAN_POINT ( 'NONE',  ( 5.000000000000020400, 4.000000000000000000, -4.999999999999985800 ) ) ;
#1557 = CARTESIAN_POINT ( 'NONE',  ( 6.000000000000016900, -0.0000000000000000000, -5.319999999999979000 ) ) ;
#1558 = EDGE_CURVE ( 'NONE', #240, #429, #602, .T. ) ;
#1559 = CARTESIAN_POINT ( 'NONE',  ( -5.299999999999975800, 4.000000000000000000, -6.000000000000018700 ) ) ;
#1560 = VECTOR ( 'NONE', #1022, 1000.000000000000000 ) ;
#1561 = CARTESIAN_POINT ( 'NONE',  ( -4.999999999999986700, -10.34213562373096800, -3.400000000000023900 ) ) ;
#1562 = ORIENTED_EDGE ( 'NONE', *, *, #864, .F. ) ;
#1563 = CARTESIAN_POINT ( 'NONE',  ( 5.000000000000020400, 3.799999999999999800, -4.999999999999985800 ) ) ;
#1564 = VECTOR ( 'NONE', #1064, 1000.000000000000000 ) ;
#1565 = PLANE ( 'NONE',  #277 ) ;
#1566 = MECHANICAL_DESIGN_GEOMETRIC_PRESENTATION_REPRESENTATION (  '', ( #1480 ), #1142 ) ;
#1567 = EDGE_LOOP ( 'NONE', ( #284, #176, #301, #1270 ) ) ;
#1568 = EDGE_CURVE ( 'NONE', #348, #93, #1502, .T. ) ;
#1569 = CARTESIAN_POINT ( 'NONE',  ( -5.999999999999998200, 1.700000000000000000, -1.000000000000020900 ) ) ;
#1570 = DIRECTION ( 'NONE',  ( -1.000000000000000000, 0.0000000000000000000, -3.658281673071672600E-015 ) ) ;
#1571 = ORIENTED_EDGE ( 'NONE', *, *, #1526, .T. ) ;
#1572 = LINE ( 'NONE', #1047, #989 ) ;
#1573 = ORIENTED_EDGE ( 'NONE', *, *, #1210, .F. ) ;
#1574 = CARTESIAN_POINT ( 'NONE',  ( -4.999999999999998200, 0.0000000000000000000, -1.000000000000017500 ) ) ;
#1575 = VERTEX_POINT ( 'NONE', #1285 ) ;
#1576 = ADVANCED_BREP_SHAPE_REPRESENTATION ( 'ANT-GNSSCP-SM12L1', ( #72, #712, #1284, #425, #887 ), #23 ) ;
#1577 = STYLED_ITEM ( 'NONE', ( #446 ), #712 ) ;
#1578 = ADVANCED_FACE ( 'NONE', ( #1148 ), #653, .F. ) ;
#1579 = DIRECTION ( 'NONE',  ( -0.0000000000000000000, -1.000000000000000000, 0.0000000000000000000 ) ) ;
#1580 = FACE_OUTER_BOUND ( 'NONE', #1161, .T. ) ;
#1581 = CARTESIAN_POINT ( 'NONE',  ( -5.999999999999997300, 0.1000000000000000100, -1.300000000000021400 ) ) ;
#1582 = APPLICATION_PROTOCOL_DEFINITION ( 'draft international standard', 'automotive_design', 1998, #669 ) ;
#1583 = VERTEX_POINT ( 'NONE', #1404 ) ;
#1584 =( NAMED_UNIT ( * ) PLANE_ANGLE_UNIT ( ) SI_UNIT ( $, .RADIAN. ) );
#1585 = ADVANCED_FACE ( 'NONE', ( #398 ), #1141, .T. ) ;
#1586 = ORIENTED_EDGE ( 'NONE', *, *, #339, .T. ) ;
#1587 = VECTOR ( 'NONE', #248, 1000.000000000000000 ) ;
#1588 = EDGE_LOOP ( 'NONE', ( #68, #1396, #643, #764, #918, #640, #1088, #935, #538, #1628, #450, #1113 ) ) ;
#1589 = VECTOR ( 'NONE', #174, 1000.000000000000000 ) ;
#1590 = EDGE_CURVE ( 'NONE', #630, #346, #1192, .T. ) ;
#1591 = ORIENTED_EDGE ( 'NONE', *, *, #1300, .F. ) ;
#1592 = CARTESIAN_POINT ( 'NONE',  ( 4.999999999999988500, 4.000000000000000000, 3.400000000000024300 ) ) ;
#1593 = CARTESIAN_POINT ( 'NONE',  ( -3.399999999999987000, 4.000000000000000000, -5.000000000000020400 ) ) ;
#1594 = DIRECTION ( 'NONE',  ( -1.000000000000000000, 0.0000000000000000000, -3.708321773340234200E-015 ) ) ;
#1595 = SURFACE_STYLE_FILL_AREA ( #1478 ) ;
#1596 = EDGE_CURVE ( 'NONE', #1575, #1063, #1347, .T. ) ;
#1597 = DIRECTION ( 'NONE',  ( -1.000000000000000000, 0.0000000000000000000, -3.717264591378876000E-015 ) ) ;
#1598 = CARTESIAN_POINT ( 'NONE',  ( 6.000000000000016900, -0.0000000000000000000, -5.319999999999979000 ) ) ;
#1599 = ORIENTED_EDGE ( 'NONE', *, *, #1308, .F. ) ;
#1600 = ORIENTED_EDGE ( 'NONE', *, *, #1182, .T. ) ;
#1601 = EDGE_LOOP ( 'NONE', ( #878, #856, #509, #262 ) ) ;
#1602 = AXIS2_PLACEMENT_3D ( 'NONE', #3, #1310, #810 ) ;
#1603 = VERTEX_POINT ( 'NONE', #390 ) ;
#1604 = VECTOR ( 'NONE', #320, 1000.000000000000000 ) ;
#1605 = EDGE_LOOP ( 'NONE', ( #1011, #489, #575, #603, #1207, #846, #515, #766, #1510, #1599, #114, #1548 ) ) ;
#1606 = ORIENTED_EDGE ( 'NONE', *, *, #1030, .T. ) ;
#1607 = EDGE_CURVE ( 'NONE', #1048, #268, #1441, .T. ) ;
#1608 = ORIENTED_EDGE ( 'NONE', *, *, #1218, .F. ) ;
#1609 = CARTESIAN_POINT ( 'NONE',  ( -5.299999999999975800, 0.1000000000000000100, -6.000000000000018700 ) ) ;
#1610 = DIRECTION ( 'NONE',  ( 3.573307917898643400E-015, 0.0000000000000000000, -1.000000000000000000 ) ) ;
#1611 = CARTESIAN_POINT ( 'NONE',  ( -4.999999999999998200, 0.0000000000000000000, -1.000000000000017500 ) ) ;
#1612 = CARTESIAN_POINT ( 'NONE',  ( -5.299999999999975800, 4.000000000000000000, -6.000000000000018700 ) ) ;
#1613 = AXIS2_PLACEMENT_3D ( 'NONE', #95, #228, #133 ) ;
#1614 = VECTOR ( 'NONE', #210, 1000.000000000000000 ) ;
#1615 = EDGE_CURVE ( 'NONE', #573, #1495, #1231, .T. ) ;
#1616 = DIRECTION ( 'NONE',  ( -0.0000000000000000000, -1.000000000000000000, 0.0000000000000000000 ) ) ;
#1617 = PLANE ( 'NONE',  #312 ) ;
#1618 = FACE_OUTER_BOUND ( 'NONE', #1301, .T. ) ;
#1619 = EDGE_LOOP ( 'NONE', ( #1078, #706, #260, #735 ) ) ;
#1620 = CARTESIAN_POINT ( 'NONE',  ( -6.000000000000007100, 0.0000000000000000000, 1.299999999999979000 ) ) ;
#1621 = ORIENTED_EDGE ( 'NONE', *, *, #27, .T. ) ;
#1622 = VECTOR ( 'NONE', #124, 1000.000000000000000 ) ;
#1623 = VERTEX_POINT ( 'NONE', #139 ) ;
#1624 = CARTESIAN_POINT ( 'NONE',  ( -5.999999999999984000, 4.000000000000000000, -5.300000000000015800 ) ) ;
#1625 = LINE ( 'NONE', #24, #1115 ) ;
#1626 = DIRECTION ( 'NONE',  ( 3.491481338843133400E-015, -0.0000000000000000000, -1.000000000000000000 ) ) ;
#1627 = VECTOR ( 'NONE', #692, 1000.000000000000100 ) ;
#1628 = ORIENTED_EDGE ( 'NONE', *, *, #709, .T. ) ;
#1629 = CARTESIAN_POINT ( 'NONE',  ( -5.299999999999975800, 0.0000000000000000000, -6.000000000000018700 ) ) ;
#1630 = EDGE_CURVE ( 'NONE', #530, #913, #1021, .T. ) ;
#1631 = AXIS2_PLACEMENT_3D ( 'NONE', #1581, #1079, #885 ) ;
#1632 = CARTESIAN_POINT ( 'NONE',  ( -6.000000000000019500, 0.1000000000000000100, 5.299999999999979400 ) ) ;
#1633 = LINE ( 'NONE', #1365, #1124 ) ;
#1634 = DIRECTION ( 'NONE',  ( -0.0000000000000000000, -1.000000000000000000, 0.0000000000000000000 ) ) ;
#1635 = ORIENTED_EDGE ( 'NONE', *, *, #847, .F. ) ;
#1636 = EDGE_CURVE ( 'NONE', #789, #969, #1106, .T. ) ;
#1637 = VERTEX_POINT ( 'NONE', #404 ) ;
#1638 = DIRECTION ( 'NONE',  ( 0.0000000000000000000, -1.000000000000000000, 0.0000000000000000000 ) ) ;
#1639 = DIRECTION ( 'NONE',  ( 0.0000000000000000000, -1.000000000000000000, 0.0000000000000000000 ) ) ;
#1640 = VECTOR ( 'NONE', #531, 1000.000000000000000 ) ;
#1641 = ORIENTED_EDGE ( 'NONE', *, *, #1162, .F. ) ;
#1642 = CARTESIAN_POINT ( 'NONE',  ( 5.299999999999977600, 0.0000000000000000000, 6.000000000000018700 ) ) ;
#1643 = ORIENTED_EDGE ( 'NONE', *, *, #1451, .F. ) ;
ENDSEC;
END-ISO-10303-21;
