ISO-10303-21;
HEADER;
FILE_DESCRIPTION (( 'STEP AP214' ),
    '1' );
FILE_NAME ('ANT-GNSSCP-TH18L1.STEP',
    '2021-12-17T19:10:18',
    ( '' ),
    ( '' ),
    'SwSTEP 2.0',
    'SolidWorks 2017',
    '' );
FILE_SCHEMA (( 'AUTOMOTIVE_DESIGN' ));
ENDSEC;

DATA;
#1 = ORIENTED_EDGE ( 'NONE', *, *, #1756, .T. ) ;
#2 = MANIFOLD_SOLID_BREP ( 'Cut-Extrude2[1]', #585 ) ;
#3 = EDGE_CURVE ( 'NONE', #1996, #357, #1363, .T. ) ;
#4 = CARTESIAN_POINT ( 'NONE',  ( -7.500000000000000000, 4.000000000000000000, -7.500000000000001800 ) ) ;
#5 = CIRCLE ( 'NONE', #105, 0.2000000000000005100 ) ;
#6 = ORIENTED_EDGE ( 'NONE', *, *, #494, .T. ) ;
#7 = DIRECTION ( 'NONE',  ( 0.0000000000000000000, -1.000000000000000000, -0.0000000000000000000 ) ) ;
#8 = EDGE_LOOP ( 'NONE', ( #391, #1667, #110, #617 ) ) ;
#9 = CARTESIAN_POINT ( 'NONE',  ( -8.500000000000001800, 3.799999999999999800, -9.000000000000000000 ) ) ;
#10 = CARTESIAN_POINT ( 'NONE',  ( -8.799999999999995400, 4.065758146820641600E-017, 8.499999999999994700 ) ) ;
#11 = CARTESIAN_POINT ( 'NONE',  ( 2.571758278209442000E-016, 3.799999999999999800, -0.3000000000000027600 ) ) ;
#12 = ADVANCED_FACE ( 'NONE', ( #2173 ), #360, .T. ) ;
#13 = CARTESIAN_POINT ( 'NONE',  ( 7.058578643762691800, 0.2000000000000000400, -8.941421356237308200 ) ) ;
#14 = EDGE_CURVE ( 'NONE', #1448, #1951, #1866, .T. ) ;
#15 = PLANE ( 'NONE',  #1176 ) ;
#16 = EDGE_CURVE ( 'NONE', #2201, #565, #1326, .T. ) ;
#17 = VERTEX_POINT ( 'NONE', #1442 ) ;
#18 = DIRECTION ( 'NONE',  ( 0.0000000000000000000, -1.000000000000000000, 0.0000000000000000000 ) ) ;
#19 = AXIS2_PLACEMENT_3D ( 'NONE', #1147, #467, #457 ) ;
#20 = EDGE_LOOP ( 'NONE', ( #1579, #835, #2184, #1926 ) ) ;
#21 = CARTESIAN_POINT ( 'NONE',  ( 6.971249471705415400, 4.001103551519472400, -8.916144501151405800 ) ) ;
#22 = VERTEX_POINT ( 'NONE', #1119 ) ;
#23 = DIRECTION ( 'NONE',  ( 0.0000000000000000000, 0.0000000000000000000, -1.000000000000000000 ) ) ;
#24 = VECTOR ( 'NONE', #1726, 1000.000000000000000 ) ;
#25 = VECTOR ( 'NONE', #82, 1000.000000000000000 ) ;
#26 = VERTEX_POINT ( 'NONE', #1884 ) ;
#27 = CIRCLE ( 'NONE', #266, 0.2000000000000005100 ) ;
#28 = CARTESIAN_POINT ( 'NONE',  ( -8.917157287525380800, -9.260626234891564600E-016, -8.499999999999996400 ) ) ;
#29 = LINE ( 'NONE', #1615, #1192 ) ;
#30 = CARTESIAN_POINT ( 'NONE',  ( 0.0000000000000000000, -3.959797974644666300, 1.799999999999997600 ) ) ;
#31 =( NAMED_UNIT ( * ) PLANE_ANGLE_UNIT ( ) SI_UNIT ( $, .RADIAN. ) );
#32 = FACE_OUTER_BOUND ( 'NONE', #250, .T. ) ;
#33 = EDGE_CURVE ( 'NONE', #1768, #1695, #2242, .T. ) ;
#34 = CARTESIAN_POINT ( 'NONE',  ( -8.500000000000000000, 4.065758146820641600E-017, -8.799999999999998900 ) ) ;
#35 = ORIENTED_EDGE ( 'NONE', *, *, #1688, .T. ) ;
#36 = MANIFOLD_SOLID_BREP ( 'Cut-Extrude1[1]', #1108 ) ;
#37 = VECTOR ( 'NONE', #2175, 1000.000000000000000 ) ;
#38 = AXIS2_PLACEMENT_3D ( 'NONE', #1244, #1459, #1649 ) ;
#39 = ORIENTED_EDGE ( 'NONE', *, *, #2252, .F. ) ;
#40 = CARTESIAN_POINT ( 'NONE',  ( -9.000000000000001800, 0.08284271247461828800, -8.499999999999996400 ) ) ;
#41 = SURFACE_SIDE_STYLE ('',( #228 ) ) ;
#42 = DIRECTION ( 'NONE',  ( 0.0000000000000000000, -0.0000000000000000000, 1.000000000000000000 ) ) ;
#43 = ADVANCED_FACE ( 'NONE', ( #1236, #873 ), #2226, .T. ) ;
#44 = DIRECTION ( 'NONE',  ( 0.0000000000000000000, 0.0000000000000000000, -1.000000000000000000 ) ) ;
#45 = EDGE_CURVE ( 'NONE', #1372, #1394, #847, .T. ) ;
#46 = CARTESIAN_POINT ( 'NONE',  ( 8.927675165784206100E-017, 0.0000000000000000000, 2.529000000000001200 ) ) ;
#47 = ORIENTED_EDGE ( 'NONE', *, *, #220, .F. ) ;
#48 = CARTESIAN_POINT ( 'NONE',  ( 0.0000000000000000000, 0.1000000000000000100, 1.800000000000001200 ) ) ;
#49 = DIRECTION ( 'NONE',  ( 0.0000000000000000000, 0.0000000000000000000, 1.000000000000000000 ) ) ;
#50 = DIRECTION ( 'NONE',  ( 0.0000000000000000000, 0.0000000000000000000, -1.000000000000000000 ) ) ;
#51 = CIRCLE ( 'NONE', #85, 1.326794919239730600 ) ;
#52 = EDGE_CURVE ( 'NONE', #357, #1846, #958, .T. ) ;
#53 = ORIENTED_EDGE ( 'NONE', *, *, #502, .F. ) ;
#54 = FACE_OUTER_BOUND ( 'NONE', #1747, .T. ) ;
#55 = CARTESIAN_POINT ( 'NONE',  ( 0.0000000000000000000, 3.799999999999999800, 1.799999999999997600 ) ) ;
#56 = ADVANCED_FACE ( 'NONE', ( #2114 ), #406, .T. ) ;
#57 = EDGE_LOOP ( 'NONE', ( #284, #158, #263, #1662 ) ) ;
#58 = DIRECTION ( 'NONE',  ( 0.0000000000000000000, 1.000000000000000000, 0.0000000000000000000 ) ) ;
#59 = DIRECTION ( 'NONE',  ( 1.119176436114069300E-016, 0.0000000000000000000, 1.000000000000000000 ) ) ;
#60 = CYLINDRICAL_SURFACE ( 'NONE', #2262, 0.2000000000000005100 ) ;
#61 = DIRECTION ( 'NONE',  ( -0.0000000000000000000, -1.000000000000000000, -0.0000000000000000000 ) ) ;
#62 = CARTESIAN_POINT ( 'NONE',  ( -1.399999999999999500, 0.09999999999999977000, -9.000763337145965400 ) ) ;
#63 = VERTEX_POINT ( 'NONE', #1281 ) ;
#64 = FACE_OUTER_BOUND ( 'NONE', #271, .T. ) ;
#65 = LINE ( 'NONE', #1971, #517 ) ;
#66 = CARTESIAN_POINT ( 'NONE',  ( -2.755455298056410700E-016, 4.000000000000000000, 0.2999999999786244200 ) ) ;
#67 = EDGE_LOOP ( 'NONE', ( #1105, #169 ) ) ;
#68 = DIRECTION ( 'NONE',  ( -0.0000000000000000000, -1.000000000000000000, 0.0000000000000000000 ) ) ;
#69 = VECTOR ( 'NONE', #1208, 1000.000000000000000 ) ;
#70 = ORIENTED_EDGE ( 'NONE', *, *, #1440, .F. ) ;
#71 = CARTESIAN_POINT ( 'NONE',  ( 7.058578643762691800, 4.000000000000000000, -8.941421356237308200 ) ) ;
#72 = EDGE_CURVE ( 'NONE', #485, #2020, #985, .T. ) ;
#73 = DIRECTION ( 'NONE',  ( 0.0000000000000000000, 0.0000000000000000000, 1.000000000000000000 ) ) ;
#74 = DIRECTION ( 'NONE',  ( -5.145373498328648700E-015, -0.0000000000000000000, -1.000000000000000000 ) ) ;
#75 = AXIS2_PLACEMENT_3D ( 'NONE', #1082, #7, #1249 ) ;
#76 = ORIENTED_EDGE ( 'NONE', *, *, #1602, .F. ) ;
#77 = CARTESIAN_POINT ( 'NONE',  ( 8.800000000000002500, 4.000000000000000000, 8.675735931288070200 ) ) ;
#78 = DIRECTION ( 'NONE',  ( 0.0000000000000000000, 0.0000000000000000000, 1.000000000000000000 ) ) ;
#79 = EDGE_CURVE ( 'NONE', #17, #2095, #2015, .T. ) ;
#80 = DIRECTION ( 'NONE',  ( 0.0000000000000000000, 0.0000000000000000000, 1.000000000000000000 ) ) ;
#81 = VECTOR ( 'NONE', #722, 1000.000000000000000 ) ;
#82 = DIRECTION ( 'NONE',  ( 0.0000000000000000000, 1.000000000000000000, 0.0000000000000000000 ) ) ;
#83 = ORIENTED_EDGE ( 'NONE', *, *, #1933, .T. ) ;
#84 = CARTESIAN_POINT ( 'NONE',  ( 8.798115072313368800, 3.917152084231535700, -7.117148404947171200 ) ) ;
#85 = AXIS2_PLACEMENT_3D ( 'NONE', #1269, #721, #341 ) ;
#86 = ORIENTED_EDGE ( 'NONE', *, *, #1355, .T. ) ;
#87 = VECTOR ( 'NONE', #1918, 1000.000000000000000 ) ;
#88 = LINE ( 'NONE', #2141, #286 ) ;
#89 = LINE ( 'NONE', #765, #397 ) ;
#90 = VECTOR ( 'NONE', #530, 1000.000000000000000 ) ;
#91 = CARTESIAN_POINT ( 'NONE',  ( 0.0000000000000000000, 4.000000000075942800, 1.799999999999997600 ) ) ;
#92 = DIRECTION ( 'NONE',  ( 0.0000000000000000000, 1.000000000000000000, 0.0000000000000000000 ) ) ;
#93 = ORIENTED_EDGE ( 'NONE', *, *, #2036, .T. ) ;
#94 = CIRCLE ( 'NONE', #767, 0.4499999999999996800 ) ;
#95 = LINE ( 'NONE', #1204, #69 ) ;
#96 = ORIENTED_EDGE ( 'NONE', *, *, #1899, .T. ) ;
#97 = FACE_OUTER_BOUND ( 'NONE', #1010, .T. ) ;
#98 = DIRECTION ( 'NONE',  ( 0.0000000000000000000, 0.0000000000000000000, 1.000000000000000000 ) ) ;
#99 = ORIENTED_EDGE ( 'NONE', *, *, #1154, .T. ) ;
#100 = CARTESIAN_POINT ( 'NONE',  ( 7.021175221205957900, 0.09425148413841170900, -8.979182124840033200 ) ) ;
#101 = STYLED_ITEM ( 'NONE', ( #225 ), #2 ) ;
#102 = DIRECTION ( 'NONE',  ( 0.0000000000000000000, 1.000000000000000000, 0.0000000000000000000 ) ) ;
#103 = DIRECTION ( 'NONE',  ( -0.0000000000000000000, -1.000000000000000000, -0.0000000000000000000 ) ) ;
#104 = FILL_AREA_STYLE_COLOUR ( '', #308 ) ;
#105 = AXIS2_PLACEMENT_3D ( 'NONE', #1050, #498, #1777 ) ;
#106 = CARTESIAN_POINT ( 'NONE',  ( 7.499999999999999100, 3.799999999999999800, 7.500000000000000000 ) ) ;
#107 = DIRECTION ( 'NONE',  ( 1.000000000000000000, -0.0000000000000000000, 1.294569758191647200E-016 ) ) ;
#108 = DIRECTION ( 'NONE',  ( 1.294569758191647200E-016, 0.0000000000000000000, -1.000000000000000000 ) ) ;
#109 = DIRECTION ( 'NONE',  ( 0.0000000000000000000, 1.000000000000000000, 0.0000000000000000000 ) ) ;
#110 = ORIENTED_EDGE ( 'NONE', *, *, #442, .T. ) ;
#111 = CIRCLE ( 'NONE', #812, 1.500000000021373300 ) ;
#112 =( BOUNDED_SURFACE ( )  B_SPLINE_SURFACE ( 3, 3, ( 
 ( #987, #2120, #1378, #300 ),
 ( #1350, #1749, #100, #1533 ),
 ( #639, #443, #1004, #1367 ),
 ( #633, #2105, #463, #1942 ) ),
 .UNSPECIFIED., .F., .F., .T. ) 
 B_SPLINE_SURFACE_WITH_KNOTS ( ( 4, 4 ),
 ( 4, 4 ),
 ( 0.0000000000000000000, 1.000000000000000000 ),
 ( 0.0000000000000000000, 1.000000000000000000 ),
 .UNSPECIFIED. ) 
 GEOMETRIC_REPRESENTATION_ITEM ( )  RATIONAL_B_SPLINE_SURFACE ( (
 ( 1.000000000000000000, 0.8025111867385934500, 0.8025111867385934500, 1.000000000000000000),
 ( 0.9486501948152641400, 0.7613023936409955000, 0.7613023936409955000, 0.9486501948152641400),
 ( 0.9486501948152641400, 0.7613023936409955000, 0.7613023936409955000, 0.9486501948152641400),
 ( 1.000000000000000000, 0.8025111867385934500, 0.8025111867385934500, 1.000000000000000000) ) ) 
 REPRESENTATION_ITEM ( '' )  SURFACE ( )  );
#113 = VERTEX_POINT ( 'NONE', #2266 ) ;
#114 = EDGE_LOOP ( 'NONE', ( #1824, #1207, #2240, #2035 ) ) ;
#115 = EDGE_CURVE ( 'NONE', #804, #513, #479, .T. ) ;
#116 = PRESENTATION_STYLE_ASSIGNMENT (( #1674 ) ) ;
#117 = SURFACE_SIDE_STYLE ('',( #2315 ) ) ;
#118 = PLANE ( 'NONE',  #1720 ) ;
#119 = ORIENTED_EDGE ( 'NONE', *, *, #131, .T. ) ;
#120 = CYLINDRICAL_SURFACE ( 'NONE', #679, 0.2000000000000005100 ) ;
#121 = AXIS2_PLACEMENT_3D ( 'NONE', #1214, #156, #889 ) ;
#122 = DIRECTION ( 'NONE',  ( 0.0000000000000000000, 0.0000000000000000000, 1.000000000000000000 ) ) ;
#123 = CARTESIAN_POINT ( 'NONE',  ( -5.899999999999998600, 3.800000000000000700, 7.500000000000000000 ) ) ;
#124 = FACE_OUTER_BOUND ( 'NONE', #1457, .T. ) ;
#125 = VECTOR ( 'NONE', #1036, 1000.000000000000000 ) ;
#126 = ORIENTED_EDGE ( 'NONE', *, *, #2336, .F. ) ;
#127 = DIRECTION ( 'NONE',  ( 0.0000000000000000000, -1.000000000000000000, -0.0000000000000000000 ) ) ;
#128 = COLOUR_RGB ( '',0.7921568627450980000, 0.8196078431372548800, 0.9333333333333333500 ) ;
#129 = VERTEX_POINT ( 'NONE', #244 ) ;
#130 = CARTESIAN_POINT ( 'NONE',  ( -5.899999999999998600, 4.000000000000000000, 7.500000000000000000 ) ) ;
#131 = EDGE_CURVE ( 'NONE', #1963, #510, #2290, .T. ) ;
#132 = CARTESIAN_POINT ( 'NONE',  ( 9.000000000000000000, 0.2000000000000005400, -6.917157287525382600 ) ) ;
#133 =( LENGTH_UNIT ( ) NAMED_UNIT ( * ) SI_UNIT ( .MILLI., .METRE. ) );
#134 = AXIS2_PLACEMENT_3D ( 'NONE', #274, #1547, #1349 ) ;
#135 = PLANE ( 'NONE',  #648 ) ;
#136 = CARTESIAN_POINT ( 'NONE',  ( -8.792893218813455600, 3.917157287525381300, 9.000000000000000000 ) ) ;
#137 = CARTESIAN_POINT ( 'NONE',  ( 6.858578643762690800, 0.2000000000000000900, -8.858578643762689000 ) ) ;
#138 = CARTESIAN_POINT ( 'NONE',  ( -8.499999999999991100, 0.2000000000000000900, 9.000000000000001800 ) ) ;
#139 = MECHANICAL_DESIGN_GEOMETRIC_PRESENTATION_REPRESENTATION (  '', ( #1704 ), #772 ) ;
#140 = VECTOR ( 'NONE', #1883, 1000.000000000000000 ) ;
#141 = ORIENTED_EDGE ( 'NONE', *, *, #2119, .F. ) ;
#142 = EDGE_CURVE ( 'NONE', #1996, #1046, #820, .T. ) ;
#143 = DIRECTION ( 'NONE',  ( 0.7071067811865477900, 0.0000000000000000000, -0.7071067811865472400 ) ) ;
#144 = ORIENTED_EDGE ( 'NONE', *, *, #924, .F. ) ;
#145 =( GEOMETRIC_REPRESENTATION_CONTEXT ( 3 ) GLOBAL_UNCERTAINTY_ASSIGNED_CONTEXT ( ( #2133 ) ) GLOBAL_UNIT_ASSIGNED_CONTEXT ( ( #133, #1390, #309 ) ) REPRESENTATION_CONTEXT ( 'NONE', 'WORKASPACE' ) );
#146 = CIRCLE ( 'NONE', #1520, 2.100000000000000100 ) ;
#147 = EDGE_CURVE ( 'NONE', #1093, #2246, #511, .T. ) ;
#148 = VECTOR ( 'NONE', #2271, 1000.000000000000000 ) ;
#149 = ADVANCED_FACE ( 'NONE', ( #1894 ), #597, .F. ) ;
#150 = CARTESIAN_POINT ( 'NONE',  ( -8.799999999999997200, 4.000000000000000000, -8.499999999999996400 ) ) ;
#151 = AXIS2_PLACEMENT_3D ( 'NONE', #192, #1470, #723 ) ;
#152 = FACE_OUTER_BOUND ( 'NONE', #1806, .T. ) ;
#153 = EDGE_LOOP ( 'NONE', ( #508, #689, #1534, #2177 ) ) ;
#154 = SURFACE_STYLE_FILL_AREA ( #1185 ) ;
#155 = VERTEX_POINT ( 'NONE', #783 ) ;
#156 = DIRECTION ( 'NONE',  ( -0.0000000000000000000, -1.000000000000000000, -0.0000000000000000000 ) ) ;
#157 = CYLINDRICAL_SURFACE ( 'NONE', #121, 0.4999999999999987200 ) ;
#158 = ORIENTED_EDGE ( 'NONE', *, *, #147, .T. ) ;
#159 = CARTESIAN_POINT ( 'NONE',  ( 9.000000000000003600, 3.799999999999999800, 8.499999999999998200 ) ) ;
#160 = CARTESIAN_POINT ( 'NONE',  ( 8.917157287525382600, 8.848897779465004600E-017, 8.744365081389590300 ) ) ;
#161 = CARTESIAN_POINT ( 'NONE',  ( 0.0000000000000000000, 3.799999999999999800, 1.799999999999997600 ) ) ;
#162 = EDGE_CURVE ( 'NONE', #2332, #1996, #1037, .T. ) ;
#163 = DIRECTION ( 'NONE',  ( 1.000000000000000000, -0.0000000000000000000, 1.294569758191647200E-016 ) ) ;
#164 = DIRECTION ( 'NONE',  ( -0.0000000000000000000, -1.000000000000000000, -0.0000000000000000000 ) ) ;
#165 = DIRECTION ( 'NONE',  ( 0.0000000000000000000, 0.0000000000000000000, 1.000000000000000000 ) ) ;
#166 = AXIS2_PLACEMENT_3D ( 'NONE', #2194, #520, #342 ) ;
#167 = CARTESIAN_POINT ( 'NONE',  ( 8.744365081389595700, 3.999999999999999100, 8.917157287525379100 ) ) ;
#168 = LINE ( 'NONE', #954, #140 ) ;
#169 = ORIENTED_EDGE ( 'NONE', *, *, #131, .F. ) ;
#170 = AXIS2_PLACEMENT_3D ( 'NONE', #1600, #1790, #691 ) ;
#171 = ADVANCED_FACE ( 'NONE', ( #1748 ), #1472, .T. ) ;
#172 = ORIENTED_EDGE ( 'NONE', *, *, #1688, .F. ) ;
#173 = CARTESIAN_POINT ( 'NONE',  ( -5.899999999999998600, 3.799999999999999800, 7.500000000000000000 ) ) ;
#174 = CIRCLE ( 'NONE', #253, 2.100000000000000100 ) ;
#175 = ORIENTED_EDGE ( 'NONE', *, *, #398, .F. ) ;
#176 = EDGE_CURVE ( 'NONE', #510, #1503, #535, .T. ) ;
#177 =( NAMED_UNIT ( * ) PLANE_ANGLE_UNIT ( ) SI_UNIT ( $, .RADIAN. ) );
#178 = FACE_OUTER_BOUND ( 'NONE', #403, .T. ) ;
#179 = CARTESIAN_POINT ( 'NONE',  ( 9.000000000000001800, 3.917157287525380800, 8.792893218813450300 ) ) ;
#180 = CARTESIAN_POINT ( 'NONE',  ( 5.510910596163085200E-017, 0.2000000000000000100, 2.250000000000001300 ) ) ;
#181 = VECTOR ( 'NONE', #2014, 1000.000000000000000 ) ;
#182 = AXIS2_PLACEMENT_3D ( 'NONE', #1959, #1827, #893 ) ;
#183 = ORIENTED_EDGE ( 'NONE', *, *, #2368, .F. ) ;
#184 = FACE_OUTER_BOUND ( 'NONE', #395, .T. ) ;
#185 = SURFACE_SIDE_STYLE ('',( #1526 ) ) ;
#186 = EDGE_LOOP ( 'NONE', ( #1566, #1417, #86, #2351 ) ) ;
#187 = CARTESIAN_POINT ( 'NONE',  ( -8.799999999999997200, 4.000000000000000000, 8.500000000000000000 ) ) ;
#188 = DIRECTION ( 'NONE',  ( -1.000000000000000000, 0.0000000000000000000, 8.673617379884013400E-015 ) ) ;
#189 = CARTESIAN_POINT ( 'NONE',  ( 8.800000000000000700, 3.799999999999999800, 8.499999999999998200 ) ) ;
#190 = CARTESIAN_POINT ( 'NONE',  ( -8.917157287525380800, 4.000000000000000900, -8.744365081389592100 ) ) ;
#191 = EDGE_CURVE ( 'NONE', #680, #504, #1741, .T. ) ;
#192 = CARTESIAN_POINT ( 'NONE',  ( -7.500000000000000000, 3.799999999999999800, 5.899999999999999500 ) ) ;
#193 = ORIENTED_EDGE ( 'NONE', *, *, #886, .T. ) ;
#194 = ADVANCED_FACE ( 'NONE', ( #54 ), #1182, .T. ) ;
#195 = PLANE ( 'NONE',  #594 ) ;
#196 = ADVANCED_FACE ( 'NONE', ( #1409 ), #607, .T. ) ;
#197 = DIRECTION ( 'NONE',  ( 1.000000000000000000, 0.0000000000000000000, -1.020425574104004500E-016 ) ) ;
#198 = CIRCLE ( 'NONE', #445, 0.1999999999999996500 ) ;
#199 = EDGE_LOOP ( 'NONE', ( #6, #1725 ) ) ;
#200 = ORIENTED_EDGE ( 'NONE', *, *, #944, .F. ) ;
#201 = EDGE_CURVE ( 'NONE', #939, #857, #563, .T. ) ;
#202 = FACE_OUTER_BOUND ( 'NONE', #1158, .T. ) ;
#203 = AXIS2_PLACEMENT_3D ( 'NONE', #265, #1528, #1149 ) ;
#204 = EDGE_LOOP ( 'NONE', ( #1778, #2140, #1864, #1771 ) ) ;
#205 = FILL_AREA_STYLE ('',( #1092 ) ) ;
#206 = EDGE_CURVE ( 'NONE', #1406, #1097, #394, .T. ) ;
#207 = PLANE ( 'NONE',  #1803 ) ;
#208 = CARTESIAN_POINT ( 'NONE',  ( -8.800000000000000700, 4.000000000000000000, -8.675735931288070200 ) ) ;
#209 = CIRCLE ( 'NONE', #1298, 0.2000000000000005100 ) ;
#210 = ORIENTED_EDGE ( 'NONE', *, *, #3, .F. ) ;
#211 = CIRCLE ( 'NONE', #1628, 1.399999999999999900 ) ;
#212 = ADVANCED_FACE ( 'NONE', ( #1954 ), #1364, .T. ) ;
#213 = SURFACE_STYLE_FILL_AREA ( #2111 ) ;
#214 = ORIENTED_EDGE ( 'NONE', *, *, #1055, .T. ) ;
#215 = CARTESIAN_POINT ( 'NONE',  ( 6.971249471705414500, 3.999991117421790600, -8.798115072313375900 ) ) ;
#216 = LINE ( 'NONE', #2289, #1668 ) ;
#217 = VERTEX_POINT ( 'NONE', #636 ) ;
#218 = CARTESIAN_POINT ( 'NONE',  ( 5.899999999999998600, 4.000000000000000000, -7.500000000000000000 ) ) ;
#219 = EDGE_LOOP ( 'NONE', ( #1408, #709 ) ) ;
#220 = EDGE_CURVE ( 'NONE', #1907, #670, #646, .T. ) ;
#221 = CARTESIAN_POINT ( 'NONE',  ( 8.800000000000002500, 8.131516293641285700E-017, 8.675735931288070200 ) ) ;
#222 = CARTESIAN_POINT ( 'NONE',  ( -8.499999999999992900, 4.000000000000000000, 9.000000000000001800 ) ) ;
#223 = EDGE_CURVE ( 'NONE', #744, #2285, #285, .T. ) ;
#224 = CIRCLE ( 'NONE', #283, 0.2000000000000005100 ) ;
#225 = PRESENTATION_STYLE_ASSIGNMENT (( #905 ) ) ;
#226 = DIRECTION ( 'NONE',  ( 0.0000000000000000000, 0.0000000000000000000, 1.000000000000000000 ) ) ;
#227 = ORIENTED_EDGE ( 'NONE', *, *, #1115, .F. ) ;
#228 = SURFACE_STYLE_FILL_AREA ( #205 ) ;
#229 = AXIS2_PLACEMENT_3D ( 'NONE', #62, #429, #2085 ) ;
#230 = ORIENTED_EDGE ( 'NONE', *, *, #1920, .F. ) ;
#231 = CARTESIAN_POINT ( 'NONE',  ( 0.0000000000000000000, 0.09999999999999939500, 1.799999999999997600 ) ) ;
#232 = ADVANCED_FACE ( 'NONE', ( #450 ), #2309, .T. ) ;
#233 = ORIENTED_EDGE ( 'NONE', *, *, #1136, .F. ) ;
#234 = CARTESIAN_POINT ( 'NONE',  ( 0.0000000000000000000, 3.799999999999999800, 1.799999999999997600 ) ) ;
#235 = DIRECTION ( 'NONE',  ( -0.0000000000000000000, -1.000000000000000000, 0.0000000000000000000 ) ) ;
#236 = EDGE_CURVE ( 'NONE', #913, #1503, #174, .T. ) ;
#237 = CARTESIAN_POINT ( 'NONE',  ( 9.000000000000000000, 3.918034671099021700, -6.917157287525379900 ) ) ;
#238 = LINE ( 'NONE', #2363, #1630 ) ;
#239 = ORIENTED_EDGE ( 'NONE', *, *, #268, .F. ) ;
#240 = VECTOR ( 'NONE', #919, 1000.000000000000000 ) ;
#241 = ORIENTED_EDGE ( 'NONE', *, *, #1494, .T. ) ;
#242 = CARTESIAN_POINT ( 'NONE',  ( 7.499999999999999100, 3.799999999999999800, -5.899999999999999500 ) ) ;
#243 = CARTESIAN_POINT ( 'NONE',  ( 1.836970198747204300E-016, 3.799999999999999800, 0.2999999999786244200 ) ) ;
#244 = CARTESIAN_POINT ( 'NONE',  ( 0.0000000000000000000, 4.000000000000000000, 3.300000000021370700 ) ) ;
#245 = ADVANCED_FACE ( 'NONE', ( #1622 ), #1044, .T. ) ;
#246 = CARTESIAN_POINT ( 'NONE',  ( -8.675735931288070200, 8.131516293641283300E-017, -8.799999999999998900 ) ) ;
#247 = AXIS2_PLACEMENT_3D ( 'NONE', #1925, #291, #2299 ) ;
#248 = EDGE_CURVE ( 'NONE', #565, #359, #1068, .T. ) ;
#249 = CARTESIAN_POINT ( 'NONE',  ( 0.0000000000000000000, 0.0000000000000000000, 1.800000000000001200 ) ) ;
#250 = EDGE_LOOP ( 'NONE', ( #2298, #1190, #433, #1841 ) ) ;
#251 = CARTESIAN_POINT ( 'NONE',  ( 8.927675165784206100E-017, 0.0000000000000000000, 2.529000000000001200 ) ) ;
#252 = CARTESIAN_POINT ( 'NONE',  ( 8.916144501151402200, 3.917803733038712100, -7.118260839044855200 ) ) ;
#253 = AXIS2_PLACEMENT_3D ( 'NONE', #2004, #2172, #684 ) ;
#254 = DIRECTION ( 'NONE',  ( 0.0000000000000000000, 0.0000000000000000000, -1.000000000000000000 ) ) ;
#255 = EDGE_LOOP ( 'NONE', ( #1557, #807, #448, #1608 ) ) ;
#256 = DIRECTION ( 'NONE',  ( 0.0000000000000000000, 1.000000000000000000, 0.0000000000000000000 ) ) ;
#257 =( BOUNDED_SURFACE ( )  B_SPLINE_SURFACE ( 3, 3, ( 
 ( #1301, #1509, #811, #421 ),
 ( #1140, #269, #1344, #237 ),
 ( #413, #252, #592, #1318 ),
 ( #2268, #84, #1145, #1927 ) ),
 .UNSPECIFIED., .F., .F., .F. ) 
 B_SPLINE_SURFACE_WITH_KNOTS ( ( 4, 4 ),
 ( 4, 4 ),
 ( 0.0000000000000000000, 1.000000000000000000 ),
 ( 0.0000000000000000000, 1.000000000000000000 ),
 .UNSPECIFIED. ) 
 GEOMETRIC_REPRESENTATION_ITEM ( )  RATIONAL_B_SPLINE_SURFACE ( (
 ( 1.000000000000000000, 0.8047378541243624900, 0.8047378541243624900, 1.000000000000000000),
 ( 0.8025111867385927900, 0.6458111303268107000, 0.6458111303268107000, 0.8025111867385927900),
 ( 0.8025111867385927900, 0.6458111303268107000, 0.6458111303268107000, 0.8025111867385927900),
 ( 1.000000000000000000, 0.8047378541243624900, 0.8047378541243624900, 1.000000000000000000) ) ) 
 REPRESENTATION_ITEM ( '' )  SURFACE ( )  );
#258 = EDGE_LOOP ( 'NONE', ( #2116, #2166, #482, #649 ) ) ;
#259 = CARTESIAN_POINT ( 'NONE',  ( 6.917157287525379100, 3.999991117421790600, -8.798115072313372300 ) ) ;
#260 = ORIENTED_EDGE ( 'NONE', *, *, #1767, .T. ) ;
#261 = FACE_OUTER_BOUND ( 'NONE', #114, .T. ) ;
#262 = LINE ( 'NONE', #1627, #90 ) ;
#263 = ORIENTED_EDGE ( 'NONE', *, *, #742, .T. ) ;
#264 = FACE_OUTER_BOUND ( 'NONE', #363, .T. ) ;
#265 = CARTESIAN_POINT ( 'NONE',  ( 6.917157287525379100, 3.799999999999999800, -8.799999999999998900 ) ) ;
#266 = AXIS2_PLACEMENT_3D ( 'NONE', #1135, #1518, #2089 ) ;
#267 = ORIENTED_EDGE ( 'NONE', *, *, #661, .F. ) ;
#268 = EDGE_CURVE ( 'NONE', #1620, #22, #586, .T. ) ;
#269 = CARTESIAN_POINT ( 'NONE',  ( 9.000000000000000000, 3.869143109499560300, -7.035191958624403200 ) ) ;
#270 = FACE_OUTER_BOUND ( 'NONE', #299, .T. ) ;
#271 = EDGE_LOOP ( 'NONE', ( #1300, #1012, #1990, #2277, #903, #612, #1086, #183 ) ) ;
#272 = AXIS2_PLACEMENT_3D ( 'NONE', #137, #2335, #681 ) ;
#273 = PLANE ( 'NONE',  #1744 ) ;
#274 = CARTESIAN_POINT ( 'NONE',  ( -7.500000000000000000, -17.41320343559642600, 5.899999999999999500 ) ) ;
#275 = DIRECTION ( 'NONE',  ( 0.0000000000000000000, 0.0000000000000000000, -1.000000000000000000 ) ) ;
#276 = DIRECTION ( 'NONE',  ( 0.0000000000000000000, 0.0000000000000000000, -1.000000000000000000 ) ) ;
#277 = CARTESIAN_POINT ( 'NONE',  ( 5.510910596163085200E-017, 0.1000000000000000100, 2.250000000000001300 ) ) ;
#278 = ORIENTED_EDGE ( 'NONE', *, *, #322, .T. ) ;
#279 = EDGE_CURVE ( 'NONE', #1394, #1243, #1810, .T. ) ;
#280 = LINE ( 'NONE', #2170, #81 ) ;
#281 = ORIENTED_EDGE ( 'NONE', *, *, #1461, .F. ) ;
#282 =( LENGTH_UNIT ( ) NAMED_UNIT ( * ) SI_UNIT ( .MILLI., .METRE. ) );
#283 = AXIS2_PLACEMENT_3D ( 'NONE', #1083, #2366, #916 ) ;
#284 = ORIENTED_EDGE ( 'NONE', *, *, #2134, .T. ) ;
#285 = CIRCLE ( 'NONE', #1979, 0.7290000000000000900 ) ;
#286 = VECTOR ( 'NONE', #1213, 1000.000000000000200 ) ;
#287 = DIRECTION ( 'NONE',  ( -1.020425574104004700E-016, 0.0000000000000000000, -1.000000000000000000 ) ) ;
#288 = MANIFOLD_SOLID_BREP ( 'Housing', #1464 ) ;
#289 = ORIENTED_EDGE ( 'NONE', *, *, #1507, .F. ) ;
#290 = VECTOR ( 'NONE', #2062, 1000.000000000000000 ) ;
#291 = DIRECTION ( 'NONE',  ( 0.0000000000000000000, -1.000000000000000000, 0.0000000000000000000 ) ) ;
#292 = ADVANCED_FACE ( 'NONE', ( #1063, #1617 ), #1619, .F. ) ;
#293 =( NAMED_UNIT ( * ) PLANE_ANGLE_UNIT ( ) SI_UNIT ( $, .RADIAN. ) );
#294 = VERTEX_POINT ( 'NONE', #2003 ) ;
#295 = VECTOR ( 'NONE', #1260, 1000.000000000000000 ) ;
#296 = ORIENTED_EDGE ( 'NONE', *, *, #694, .T. ) ;
#297 = LINE ( 'NONE', #861, #1759 ) ;
#298 = CARTESIAN_POINT ( 'NONE',  ( 8.798115072313368800, 8.882578209521634600E-006, -7.034309371756914500 ) ) ;
#299 = EDGE_LOOP ( 'NONE', ( #774, #877, #1366, #1424 ) ) ;
#300 = CARTESIAN_POINT ( 'NONE',  ( 7.059243503495345400, 0.1999999999999987900, -8.940753356021575700 ) ) ;
#301 = EDGE_CURVE ( 'NONE', #1046, #761, #928, .T. ) ;
#302 = CARTESIAN_POINT ( 'NONE',  ( -8.799999999999997200, 0.2000000000000000900, 8.499999999999994700 ) ) ;
#303 = CARTESIAN_POINT ( 'NONE',  ( 0.0000000000000000000, 0.1000000000000000100, 1.800000000000001200 ) ) ;
#304 = CARTESIAN_POINT ( 'NONE',  ( 7.499999999999998200, 4.000000000000000000, -5.900000000000000400 ) ) ;
#305 = ORIENTED_EDGE ( 'NONE', *, *, #72, .T. ) ;
#306 = CLOSED_SHELL ( 'NONE', ( #2094, #171, #925, #800, #1871, #43 ) ) ;
#307 = EDGE_CURVE ( 'NONE', #1473, #217, #280, .T. ) ;
#308 = COLOUR_RGB ( '',1.000000000000000000, 0.7529411764705882200, 0.7529411764705882200 ) ;
#309 =( NAMED_UNIT ( * ) SI_UNIT ( $, .STERADIAN. ) SOLID_ANGLE_UNIT ( ) );
#310 = DIRECTION ( 'NONE',  ( -0.0000000000000000000, -1.000000000000000000, -0.0000000000000000000 ) ) ;
#311 = ORIENTED_EDGE ( 'NONE', *, *, #1336, .F. ) ;
#312 = PLANE ( 'NONE',  #920 ) ;
#313 = LINE ( 'NONE', #71, #1038 ) ;
#314 = CARTESIAN_POINT ( 'NONE',  ( -8.675735931288072000, 4.000000000000000000, 8.800000000000000700 ) ) ;
#315 = LINE ( 'NONE', #571, #624 ) ;
#316 = DIRECTION ( 'NONE',  ( 0.0000000000000000000, 1.000000000000000000, 0.0000000000000000000 ) ) ;
#317 = LINE ( 'NONE', #1610, #1906 ) ;
#318 = CARTESIAN_POINT ( 'NONE',  ( 0.0000000000000000000, 3.799999999999999800, -7.499999999999999100 ) ) ;
#319 = ORIENTED_EDGE ( 'NONE', *, *, #2165, .F. ) ;
#320 = FACE_OUTER_BOUND ( 'NONE', #1206, .T. ) ;
#321 = DIRECTION ( 'NONE',  ( 0.0000000000000000000, 0.0000000000000000000, 1.000000000000000000 ) ) ;
#322 = EDGE_CURVE ( 'NONE', #804, #435, #2168, .T. ) ;
#323 = ORIENTED_EDGE ( 'NONE', *, *, #2148, .F. ) ;
#324 = AXIS2_PLACEMENT_3D ( 'NONE', #303, #103, #1572 ) ;
#325 = CARTESIAN_POINT ( 'NONE',  ( 0.0000000000000000000, 0.1000000000000000100, 1.800000000000001200 ) ) ;
#326 = LINE ( 'NONE', #500, #2220 ) ;
#327 = EDGE_LOOP ( 'NONE', ( #456, #1356, #1902, #2157 ) ) ;
#328 = AXIS2_PLACEMENT_3D ( 'NONE', #1794, #2353, #1642 ) ;
#329 = CARTESIAN_POINT ( 'NONE',  ( -8.499999999999992900, 3.799999999999999800, 9.000000000000001800 ) ) ;
#330 = CARTESIAN_POINT ( 'NONE',  ( 0.0000000000000000000, 3.799999999999999800, 3.300000000021370700 ) ) ;
#331 = DIRECTION ( 'NONE',  ( 0.0000000000000000000, 1.000000000000000000, 0.0000000000000000000 ) ) ;
#332 = FACE_OUTER_BOUND ( 'NONE', #57, .T. ) ;
#333 = SURFACE_SIDE_STYLE ('',( #447 ) ) ;
#334 = VERTEX_POINT ( 'NONE', #1433 ) ;
#335 = CARTESIAN_POINT ( 'NONE',  ( 8.500000000000000000, 0.08284271247461907900, 9.000000000000000000 ) ) ;
#336 = ORIENTED_EDGE ( 'NONE', *, *, #411, .T. ) ;
#337 = VECTOR ( 'NONE', #1139, 999.9999999999998900 ) ;
#338 = ORIENTED_EDGE ( 'NONE', *, *, #725, .F. ) ;
#339 = VECTOR ( 'NONE', #1760, 1000.000000000000000 ) ;
#340 = DIRECTION ( 'NONE',  ( 0.0000000000000000000, 0.0000000000000000000, 1.000000000000000000 ) ) ;
#341 = DIRECTION ( 'NONE',  ( 0.0000000000000000000, 0.0000000000000000000, -1.000000000000000000 ) ) ;
#342 = DIRECTION ( 'NONE',  ( -1.000000000000000000, 0.0000000000000000000, 0.0000000000000000000 ) ) ;
#343 = ORIENTED_EDGE ( 'NONE', *, *, #1115, .T. ) ;
#344 = CIRCLE ( 'NONE', #528, 1.500000000021373300 ) ;
#345 = ORIENTED_EDGE ( 'NONE', *, *, #220, .T. ) ;
#346 = DIRECTION ( 'NONE',  ( 1.000000000000000000, 7.744301232039317900E-017, 0.0000000000000000000 ) ) ;
#347 = LINE ( 'NONE', #1256, #1847 ) ;
#348 = ORIENTED_EDGE ( 'NONE', *, *, #509, .T. ) ;
#349 = FILL_AREA_STYLE ('',( #1065 ) ) ;
#350 = EDGE_CURVE ( 'NONE', #664, #701, #111, .T. ) ;
#351 = MANIFOLD_SOLID_BREP ( 'Keepout', #306 ) ;
#352 = CARTESIAN_POINT ( 'NONE',  ( -8.499999999999992900, 0.08284271247461907900, 9.000000000000000000 ) ) ;
#353 = MECHANICAL_DESIGN_GEOMETRIC_PRESENTATION_REPRESENTATION (  '', ( #1001 ), #1713 ) ;
#354 = CARTESIAN_POINT ( 'NONE',  ( 0.0000000000000000000, 0.1000000000000000100, 1.800000000000001200 ) ) ;
#355 = CARTESIAN_POINT ( 'NONE',  ( 8.500000000000000000, 8.131516293641283300E-017, 8.799999999999998900 ) ) ;
#356 =( LENGTH_UNIT ( ) NAMED_UNIT ( * ) SI_UNIT ( .MILLI., .METRE. ) );
#357 = VERTEX_POINT ( 'NONE', #1638 ) ;
#358 = AXIS2_PLACEMENT_3D ( 'NONE', #2161, #1783, #2329 ) ;
#359 = VERTEX_POINT ( 'NONE', #2159 ) ;
#360 = CYLINDRICAL_SURFACE ( 'NONE', #2356, 0.5000000000000004400 ) ;
#361 = DIRECTION ( 'NONE',  ( 1.294569758191647200E-016, 0.0000000000000000000, -1.000000000000000000 ) ) ;
#362 =( NAMED_UNIT ( * ) SI_UNIT ( $, .STERADIAN. ) SOLID_ANGLE_UNIT ( ) );
#363 = EDGE_LOOP ( 'NONE', ( #348, #1992 ) ) ;
#364 = EDGE_CURVE ( 'NONE', #1963, #913, #390, .T. ) ;
#365 = PLANE ( 'NONE',  #386 ) ;
#366 = CARTESIAN_POINT ( 'NONE',  ( 0.0000000000000000000, 0.1000000000000000100, 1.071000000000001300 ) ) ;
#367 = VECTOR ( 'NONE', #2355, 1000.000000000000000 ) ;
#368 = ADVANCED_FACE ( 'NONE', ( #870 ), #1437, .T. ) ;
#369 = CARTESIAN_POINT ( 'NONE',  ( 8.799999999999998900, 0.2000000000000000900, -6.917157287525380800 ) ) ;
#370 = EDGE_CURVE ( 'NONE', #744, #17, #1795, .T. ) ;
#371 = LINE ( 'NONE', #159, #125 ) ;
#372 = AXIS2_PLACEMENT_3D ( 'NONE', #189, #714, #2017 ) ;
#373 = ORIENTED_EDGE ( 'NONE', *, *, #370, .F. ) ;
#374 = CYLINDRICAL_SURFACE ( 'NONE', #1002, 0.1999999999999996500 ) ;
#375 = CARTESIAN_POINT ( 'NONE',  ( 7.499999999999998200, 3.799999999999999800, -5.899999999999999500 ) ) ;
#376 = FACE_OUTER_BOUND ( 'NONE', #255, .T. ) ;
#377 = CARTESIAN_POINT ( 'NONE',  ( -8.792893218813453900, 3.917157287525382200, -9.000000000000000000 ) ) ;
#378 = ORIENTED_EDGE ( 'NONE', *, *, #79, .T. ) ;
#379 = FACE_OUTER_BOUND ( 'NONE', #2293, .T. ) ;
#380 = VERTEX_POINT ( 'NONE', #556 ) ;
#381 = AXIS2_PLACEMENT_3D ( 'NONE', #91, #1934, #276 ) ;
#382 = CARTESIAN_POINT ( 'NONE',  ( -8.744365081389595700, 4.000000000000000900, -8.917157287525377300 ) ) ;
#383 = UNCERTAINTY_MEASURE_WITH_UNIT (LENGTH_MEASURE( 1.000000000000000100E-005 ), #1088, 'distance_accuracy_value', 'NONE');
#384 = EDGE_CURVE ( 'NONE', #990, #1245, #1924, .T. ) ;
#385 = CARTESIAN_POINT ( 'NONE',  ( -7.500000000000000000, 4.000000000000000000, 5.899999999999999500 ) ) ;
#386 = AXIS2_PLACEMENT_3D ( 'NONE', #1253, #1064, #527 ) ;
#387 = CARTESIAN_POINT ( 'NONE',  ( -8.499999999999996400, 0.2000000000000000900, 8.499999999999998200 ) ) ;
#388 = ADVANCED_FACE ( 'NONE', ( #1981 ), #665, .T. ) ;
#389 = CARTESIAN_POINT ( 'NONE',  ( 8.500000000000000000, 4.065758146820641600E-017, 8.799999999999998900 ) ) ;
#390 = LINE ( 'NONE', #1605, #1152 ) ;
#391 = ORIENTED_EDGE ( 'NONE', *, *, #473, .T. ) ;
#392 = ORIENTED_EDGE ( 'NONE', *, *, #2027, .T. ) ;
#393 = ADVANCED_FACE ( 'NONE', ( #1860 ), #1498, .T. ) ;
#394 = CIRCLE ( 'NONE', #1384, 1.500000000021373300 ) ;
#395 = EDGE_LOOP ( 'NONE', ( #1480, #1587, #892, #519 ) ) ;
#396 = CARTESIAN_POINT ( 'NONE',  ( 7.059243503495344500, 3.940747104758111500, -8.798673450511246900 ) ) ;
#397 = VECTOR ( 'NONE', #2053, 1000.000000000000000 ) ;
#398 = EDGE_CURVE ( 'NONE', #63, #485, #198, .T. ) ;
#399 = ORIENTED_EDGE ( 'NONE', *, *, #14, .F. ) ;
#400 = AXIS2_PLACEMENT_3D ( 'NONE', #369, #1840, #1291 ) ;
#401 = CARTESIAN_POINT ( 'NONE',  ( -8.499999999999996400, 3.799999999999999800, 8.499999999999998200 ) ) ;
#402 = LINE ( 'NONE', #1983, #2274 ) ;
#403 = EDGE_LOOP ( 'NONE', ( #305, #241, #1869, #1220 ) ) ;
#404 = DIRECTION ( 'NONE',  ( 0.0000000000000000000, 0.0000000000000000000, -1.000000000000000000 ) ) ;
#405 = VECTOR ( 'NONE', #566, 1000.000000000000000 ) ;
#406 = PLANE ( 'NONE',  #1087 ) ;
#407 = EDGE_LOOP ( 'NONE', ( #2233, #193, #2182, #1122 ) ) ;
#408 = ADVANCED_FACE ( 'NONE', ( #474 ), #15, .F. ) ;
#409 = DIRECTION ( 'NONE',  ( -0.0000000000000000000, 1.000000000000000000, -0.0000000000000000000 ) ) ;
#410 = CARTESIAN_POINT ( 'NONE',  ( -8.499999999999998200, 3.799999999999999800, -8.499999999999998200 ) ) ;
#411 = EDGE_CURVE ( 'NONE', #983, #518, #698, .T. ) ;
#412 = DIRECTION ( 'NONE',  ( 0.0000000000000000000, 0.0000000000000000000, 1.000000000000000000 ) ) ;
#413 = CARTESIAN_POINT ( 'NONE',  ( 8.916144501151402200, 3.800000000000000300, -7.118260839044855200 ) ) ;
#414 = AXIS2_PLACEMENT_3D ( 'NONE', #603, #59, #589 ) ;
#415 = VERTEX_POINT ( 'NONE', #2006 ) ;
#416 = CARTESIAN_POINT ( 'NONE',  ( -9.000000000000001800, 0.2000000000000000900, -8.499999999999996400 ) ) ;
#417 = AXIS2_PLACEMENT_3D ( 'NONE', #2077, #1292, #254 ) ;
#418 = ORIENTED_EDGE ( 'NONE', *, *, #223, .F. ) ;
#419 = DIRECTION ( 'NONE',  ( 0.0000000000000000000, 1.000000000000000000, 0.0000000000000000000 ) ) ;
#420 = EDGE_LOOP ( 'NONE', ( #828, #53, #1090 ) ) ;
#421 = CARTESIAN_POINT ( 'NONE',  ( 9.000000000000000000, 3.800000000000000300, -6.917157287525380800 ) ) ;
#422 = COLOUR_RGB ( '',0.7921568627450980000, 0.8196078431372548800, 0.9333333333333333500 ) ;
#423 = ADVANCED_FACE ( 'NONE', ( #2284 ), #1553, .T. ) ;
#424 = VERTEX_POINT ( 'NONE', #711 ) ;
#425 = ORIENTED_EDGE ( 'NONE', *, *, #1583, .T. ) ;
#426 = CIRCLE ( 'NONE', #2051, 0.4499999999999996800 ) ;
#427 = EDGE_CURVE ( 'NONE', #424, #2098, #51, .T. ) ;
#428 = ADVANCED_FACE ( 'NONE', ( #332 ), #195, .T. ) ;
#429 = DIRECTION ( 'NONE',  ( 7.744301232039317900E-017, -1.000000000000000000, 0.0000000000000000000 ) ) ;
#430 = ORIENTED_EDGE ( 'NONE', *, *, #899, .T. ) ;
#431 = CYLINDRICAL_SURFACE ( 'NONE', #1525, 0.2000000000000005100 ) ;
#432 = AXIS2_PLACEMENT_3D ( 'NONE', #2149, #1030, #143 ) ;
#433 = ORIENTED_EDGE ( 'NONE', *, *, #728, .T. ) ;
#434 = CARTESIAN_POINT ( 'NONE',  ( -7.500000000000000000, -17.41320343559642600, -7.500000000000001800 ) ) ;
#435 = VERTEX_POINT ( 'NONE', #724 ) ;
#436 = CARTESIAN_POINT ( 'NONE',  ( 0.0000000000000000000, 3.799999999999999800, 1.799999999999997600 ) ) ;
#437 = CARTESIAN_POINT ( 'NONE',  ( -8.499999999999994700, 4.000000000000000000, -9.000000000000001800 ) ) ;
#438 = DIRECTION ( 'NONE',  ( -0.0000000000000000000, 1.000000000000000000, -0.0000000000000000000 ) ) ;
#439 = AXIS2_PLACEMENT_3D ( 'NONE', #2145, #2334, #1550 ) ;
#440 = CARTESIAN_POINT ( 'NONE',  ( 0.0000000000000000000, 3.799999999999999800, 3.899999999999998100 ) ) ;
#441 = CARTESIAN_POINT ( 'NONE',  ( 0.0000000000000000000, 3.799999999999999800, -7.499999999999999100 ) ) ;
#442 = EDGE_CURVE ( 'NONE', #1916, #1717, #531, .T. ) ;
#443 = CARTESIAN_POINT ( 'NONE',  ( 6.971249471705414500, -0.001103551519475174800, -8.916144501151404000 ) ) ;
#444 = CARTESIAN_POINT ( 'NONE',  ( 5.899999999999998600, 3.799999999999999800, -7.500000000000000000 ) ) ;
#445 = AXIS2_PLACEMENT_3D ( 'NONE', #745, #927, #1640 ) ;
#446 = DIRECTION ( 'NONE',  ( -0.0000000000000000000, -1.000000000000000000, -0.0000000000000000000 ) ) ;
#447 = SURFACE_STYLE_FILL_AREA ( #1825 ) ;
#448 = ORIENTED_EDGE ( 'NONE', *, *, #661, .T. ) ;
#449 = DIRECTION ( 'NONE',  ( -1.000000000000000000, -9.486769009248140100E-016, 8.673617379884013400E-015 ) ) ;
#450 = FACE_OUTER_BOUND ( 'NONE', #768, .T. ) ;
#451 = FACE_OUTER_BOUND ( 'NONE', #888, .T. ) ;
#452 = CARTESIAN_POINT ( 'NONE',  ( -8.499999999999992900, 4.000000000000000000, 8.800000000000000700 ) ) ;
#453 = DIRECTION ( 'NONE',  ( 0.0000000000000000000, 0.0000000000000000000, 1.000000000000000000 ) ) ;
#454 = ORIENTED_EDGE ( 'NONE', *, *, #2288, .F. ) ;
#455 = FACE_BOUND ( 'NONE', #871, .T. ) ;
#456 = ORIENTED_EDGE ( 'NONE', *, *, #717, .T. ) ;
#457 = DIRECTION ( 'NONE',  ( 0.0000000000000000000, 0.0000000000000000000, 1.000000000000000000 ) ) ;
#458 = VECTOR ( 'NONE', #1492, 1000.000000000000000 ) ;
#459 = PRODUCT ( 'ANT-GNSSCP-TH18L1', 'ANT-GNSSCP-TH18L1', '', ( #1431 ) ) ;
#460 = CARTESIAN_POINT ( 'NONE',  ( 0.0000000000000000000, 0.1000000000000000100, 1.800000000000001200 ) ) ;
#461 = VECTOR ( 'NONE', #1031, 1000.000000000000100 ) ;
#462 = ORIENTED_EDGE ( 'NONE', *, *, #2180, .F. ) ;
#463 = CARTESIAN_POINT ( 'NONE',  ( 6.917157287525379900, 0.08196532890097540900, -8.999999999999998200 ) ) ;
#464 =( NAMED_UNIT ( * ) SI_UNIT ( $, .STERADIAN. ) SOLID_ANGLE_UNIT ( ) );
#465 = VECTOR ( 'NONE', #700, 1000.000000000000000 ) ;
#466 = ORIENTED_EDGE ( 'NONE', *, *, #1210, .F. ) ;
#467 = DIRECTION ( 'NONE',  ( 0.0000000000000000000, 1.000000000000000000, 0.0000000000000000000 ) ) ;
#468 = ADVANCED_FACE ( 'NONE', ( #951 ), #1891, .T. ) ;
#469 = CARTESIAN_POINT ( 'NONE',  ( 0.0000000000000000000, 0.0000000000000000000, 0.0000000000000000000 ) ) ;
#470 = DIRECTION ( 'NONE',  ( 1.000000000000000000, 0.0000000000000000000, 0.0000000000000000000 ) ) ;
#471 = CARTESIAN_POINT ( 'NONE',  ( 8.798115072313368800, 0.2000000000000005100, -7.117148404947170300 ) ) ;
#472 = EDGE_LOOP ( 'NONE', ( #210, #1148, #2374 ) ) ;
#473 = EDGE_CURVE ( 'NONE', #959, #415, #224, .T. ) ;
#474 = FACE_OUTER_BOUND ( 'NONE', #1312, .T. ) ;
#475 = DIRECTION ( 'NONE',  ( -1.000000000000000000, 0.0000000000000000000, 1.020425574104004500E-016 ) ) ;
#476 = CARTESIAN_POINT ( 'NONE',  ( -9.000000000000000000, 4.000000000000000000, -8.499999999999994700 ) ) ;
#477 = AXIS2_PLACEMENT_3D ( 'NONE', #1445, #2183, #696 ) ;
#478 = ORIENTED_EDGE ( 'NONE', *, *, #899, .F. ) ;
#479 = CIRCLE ( 'NONE', #1058, 0.7290000000000000900 ) ;
#480 = CARTESIAN_POINT ( 'NONE',  ( -8.499999999999998200, 3.917157287525381300, 9.000000000000000000 ) ) ;
#481 = CARTESIAN_POINT ( 'NONE',  ( 8.799999999999998900, 0.0000000000000000000, -6.917157287525380800 ) ) ;
#482 = ORIENTED_EDGE ( 'NONE', *, *, #1210, .T. ) ;
#483 = CARTESIAN_POINT ( 'NONE',  ( 0.0000000000000000000, 0.0000000000000000000, 1.800000000000001200 ) ) ;
#484 = VECTOR ( 'NONE', #2129, 1000.000000000000000 ) ;
#485 = VERTEX_POINT ( 'NONE', #2179 ) ;
#486 = FILL_AREA_STYLE_COLOUR ( '', #596 ) ;
#487 = ORIENTED_EDGE ( 'NONE', *, *, #694, .F. ) ;
#488 = PRESENTATION_STYLE_ASSIGNMENT (( #2112 ) ) ;
#489 = DIRECTION ( 'NONE',  ( 0.0000000000000000000, 0.0000000000000000000, -1.000000000000000000 ) ) ;
#490 = EDGE_LOOP ( 'NONE', ( #547, #296, #233, #543 ) ) ;
#491 = CARTESIAN_POINT ( 'NONE',  ( 6.917157287525380800, 3.799999999999999800, -9.000000000000000000 ) ) ;
#492 = LINE ( 'NONE', #481, #1104 ) ;
#493 = ORIENTED_EDGE ( 'NONE', *, *, #2336, .T. ) ;
#494 = EDGE_CURVE ( 'NONE', #435, #740, #815, .T. ) ;
#495 = ORIENTED_EDGE ( 'NONE', *, *, #1636, .F. ) ;
#496 = DIRECTION ( 'NONE',  ( -0.7071067811865477900, -0.0000000000000000000, -0.7071067811865473500 ) ) ;
#497 = CARTESIAN_POINT ( 'NONE',  ( -8.499999999999992900, 3.799999999999999800, 9.000000000000001800 ) ) ;
#498 = DIRECTION ( 'NONE',  ( -1.119176436114069300E-016, 0.0000000000000000000, -1.000000000000000000 ) ) ;
#499 = CARTESIAN_POINT ( 'NONE',  ( 8.798115072313368800, 8.882578210537813200E-006, -6.917157287525379900 ) ) ;
#500 = CARTESIAN_POINT ( 'NONE',  ( 7.499999999999999100, 3.799999999999999800, -5.900000000000000400 ) ) ;
#501 = CARTESIAN_POINT ( 'NONE',  ( -7.500000000000000000, 3.799999999999999800, 0.0000000000000000000 ) ) ;
#502 = EDGE_CURVE ( 'NONE', #2237, #1046, #1644, .T. ) ;
#503 = CARTESIAN_POINT ( 'NONE',  ( -7.500000000000000000, 4.000000000000000000, 5.900000000000000400 ) ) ;
#504 = VERTEX_POINT ( 'NONE', #1128 ) ;
#505 = AXIS2_PLACEMENT_3D ( 'NONE', #1187, #109, #2131 ) ;
#506 = CYLINDRICAL_SURFACE ( 'NONE', #1047, 1.399999999999999900 ) ;
#507 = CARTESIAN_POINT ( 'NONE',  ( 5.899999999999998600, -17.41320343559642600, -7.500000000000000000 ) ) ;
#508 = ORIENTED_EDGE ( 'NONE', *, *, #2282, .T. ) ;
#509 = EDGE_CURVE ( 'NONE', #1893, #983, #641, .T. ) ;
#510 = VERTEX_POINT ( 'NONE', #703 ) ;
#511 = LINE ( 'NONE', #2258, #1302 ) ;
#512 = CIRCLE ( 'NONE', #1672, 2.100000000000000100 ) ;
#513 = VERTEX_POINT ( 'NONE', #46 ) ;
#514 = CARTESIAN_POINT ( 'NONE',  ( -8.499999999999996400, 4.000000000000000000, 8.917157287525380800 ) ) ;
#515 = LINE ( 'NONE', #1305, #2118 ) ;
#516 = ADVANCED_FACE ( 'NONE', ( #1585 ), #2087, .T. ) ;
#517 = VECTOR ( 'NONE', #496, 1000.000000000000000 ) ;
#518 = VERTEX_POINT ( 'NONE', #755 ) ;
#519 = ORIENTED_EDGE ( 'NONE', *, *, #1224, .F. ) ;
#520 = DIRECTION ( 'NONE',  ( -1.119176436114069300E-016, 0.0000000000000000000, -1.000000000000000000 ) ) ;
#521 = LINE ( 'NONE', #2038, #2186 ) ;
#522 = ORIENTED_EDGE ( 'NONE', *, *, #2252, .T. ) ;
#523 = EDGE_CURVE ( 'NONE', #113, #155, #668, .T. ) ;
#524 = PLANE ( 'NONE',  #1039 ) ;
#525 = AXIS2_PLACEMENT_3D ( 'NONE', #2231, #2238, #1112 ) ;
#526 = DIRECTION ( 'NONE',  ( 0.0000000000000000000, 0.0000000000000000000, 1.000000000000000000 ) ) ;
#527 = DIRECTION ( 'NONE',  ( 0.0000000000000000000, -0.0000000000000000000, 1.000000000000000000 ) ) ;
#528 = AXIS2_PLACEMENT_3D ( 'NONE', #1877, #1652, #1465 ) ;
#529 = CARTESIAN_POINT ( 'NONE',  ( -9.000000000000000000, 0.2000000000000000900, 8.792893218813452100 ) ) ;
#530 = DIRECTION ( 'NONE',  ( -0.0000000000000000000, 0.0000000000000000000, -1.000000000000000000 ) ) ;
#531 = CIRCLE ( 'NONE', #1544, 0.2000000000000005100 ) ;
#532 = EDGE_CURVE ( 'NONE', #2201, #63, #1232, .T. ) ;
#533 = CARTESIAN_POINT ( 'NONE',  ( 9.000000000000001800, 0.08284271247461906500, 8.792893218813450300 ) ) ;
#534 = ORIENTED_EDGE ( 'NONE', *, *, #532, .F. ) ;
#535 = LINE ( 'NONE', #440, #24 ) ;
#536 = CARTESIAN_POINT ( 'NONE',  ( 0.0000000000000000000, 0.1000000000000000100, 1.800000000000001200 ) ) ;
#537 = ORIENTED_EDGE ( 'NONE', *, *, #52, .T. ) ;
#538 = FACE_OUTER_BOUND ( 'NONE', #2169, .T. ) ;
#539 = CARTESIAN_POINT ( 'NONE',  ( -8.799999999999998900, 8.131516293641282000E-017, -8.675735931288068400 ) ) ;
#540 = EDGE_LOOP ( 'NONE', ( #1221, #343, #2088, #2223 ) ) ;
#541 = AXIS2_PLACEMENT_3D ( 'NONE', #1432, #1427, #1231 ) ;
#542 = CARTESIAN_POINT ( 'NONE',  ( 8.800000000000000700, 8.131516293641284500E-017, 8.675735931288068400 ) ) ;
#543 = ORIENTED_EDGE ( 'NONE', *, *, #162, .T. ) ;
#544 = FACE_OUTER_BOUND ( 'NONE', #1687, .T. ) ;
#545 = ORIENTED_EDGE ( 'NONE', *, *, #1479, .T. ) ;
#546 = FACE_BOUND ( 'NONE', #1456, .T. ) ;
#547 = ORIENTED_EDGE ( 'NONE', *, *, #3, .T. ) ;
#548 = CARTESIAN_POINT ( 'NONE',  ( 0.0000000000000000000, 0.0000000000000000000, 1.800000000000001200 ) ) ;
#549 = EDGE_LOOP ( 'NONE', ( #658, #345 ) ) ;
#550 = CARTESIAN_POINT ( 'NONE',  ( -8.499999999999992900, -8.809142651444723500E-017, 8.799999999999998900 ) ) ;
#551 = CARTESIAN_POINT ( 'NONE',  ( -9.000000000000005300, 3.917157287525382200, -8.792893218813448500 ) ) ;
#552 = EDGE_CURVE ( 'NONE', #1773, #817, #168, .T. ) ;
#553 = DIRECTION ( 'NONE',  ( 0.7071067811865474600, 0.0000000000000000000, 0.7071067811865474600 ) ) ;
#554 = AXIS2_PLACEMENT_3D ( 'NONE', #1793, #843, #122 ) ;
#555 = CARTESIAN_POINT ( 'NONE',  ( -5.510910596163085200E-017, 0.1000000000000000100, 1.350000000000001600 ) ) ;
#556 = CARTESIAN_POINT ( 'NONE',  ( 0.0000000000000000000, 4.000000000000000000, 3.899999999999998100 ) ) ;
#557 = ORIENTED_EDGE ( 'NONE', *, *, #1322, .T. ) ;
#558 = FACE_OUTER_BOUND ( 'NONE', #1389, .T. ) ;
#559 = ORIENTED_EDGE ( 'NONE', *, *, #1085, .T. ) ;
#560 = DIRECTION ( 'NONE',  ( 0.0000000000000000000, 0.0000000000000000000, 1.000000000000000000 ) ) ;
#561 = PRESENTATION_STYLE_ASSIGNMENT (( #2281 ) ) ;
#562 = ORIENTED_EDGE ( 'NONE', *, *, #1811, .F. ) ;
#563 = LINE ( 'NONE', #434, #87 ) ;
#564 = CARTESIAN_POINT ( 'NONE',  ( -8.792893218813455600, 3.800000000000000300, -8.999999999999998200 ) ) ;
#565 = VERTEX_POINT ( 'NONE', #922 ) ;
#566 = DIRECTION ( 'NONE',  ( -1.020425574104004700E-016, 0.0000000000000000000, -1.000000000000000000 ) ) ;
#567 = DIRECTION ( 'NONE',  ( -0.0000000000000000000, 1.000000000000000000, -0.0000000000000000000 ) ) ;
#568 = CARTESIAN_POINT ( 'NONE',  ( 7.021175221205957100, 3.980170808370680800, -8.904055092523973900 ) ) ;
#569 = ORIENTED_EDGE ( 'NONE', *, *, #777, .T. ) ;
#570 = CARTESIAN_POINT ( 'NONE',  ( 0.0000000000000000000, 0.0000000000000000000, 1.800000000000001200 ) ) ;
#571 = CARTESIAN_POINT ( 'NONE',  ( 0.0000000000000000000, -288091.8790697333800, 499000.0000000000600 ) ) ;
#572 = FACE_OUTER_BOUND ( 'NONE', #971, .T. ) ;
#573 = VERTEX_POINT ( 'NONE', #935 ) ;
#574 = CARTESIAN_POINT ( 'NONE',  ( -8.675735931288070200, 8.131516293641285700E-017, 8.799999999999998900 ) ) ;
#575 =( GEOMETRIC_REPRESENTATION_CONTEXT ( 3 ) GLOBAL_UNCERTAINTY_ASSIGNED_CONTEXT ( ( #1294 ) ) GLOBAL_UNIT_ASSIGNED_CONTEXT ( ( #282, #1949, #464 ) ) REPRESENTATION_CONTEXT ( 'NONE', 'WORKASPACE' ) );
#576 = CIRCLE ( 'NONE', #1377, 0.7290000000000000900 ) ;
#577 = ORIENTED_EDGE ( 'NONE', *, *, #1461, .T. ) ;
#578 = ADVANCED_FACE ( 'NONE', ( #558 ), #506, .T. ) ;
#579 = CARTESIAN_POINT ( 'NONE',  ( 7.059243503495344500, 3.799999999999999800, -8.940753356021575700 ) ) ;
#580 = DIRECTION ( 'NONE',  ( -7.744301232039317900E-017, 1.000000000000000000, -0.0000000000000000000 ) ) ;
#581 = ADVANCED_FACE ( 'NONE', ( #981, #1745 ), #1100, .F. ) ;
#582 = PLANE ( 'NONE',  #2163 ) ;
#583 = DIRECTION ( 'NONE',  ( -1.020425574104004700E-016, -0.0000000000000000000, -1.000000000000000000 ) ) ;
#584 = EDGE_LOOP ( 'NONE', ( #2090, #1489, #1762, #1362, #1624, #2187 ) ) ;
#585 = CLOSED_SHELL ( 'NONE', ( #194, #1287, #516, #1611, #1843, #2369 ) ) ;
#586 = LINE ( 'NONE', #1041, #1647 ) ;
#587 = CARTESIAN_POINT ( 'NONE',  ( -8.799999999999997200, 4.000000000000000000, -8.499999999999996400 ) ) ;
#588 = ORIENTED_EDGE ( 'NONE', *, *, #2023, .F. ) ;
#589 = DIRECTION ( 'NONE',  ( 1.000000000000000000, 0.0000000000000000000, 0.0000000000000000000 ) ) ;
#590 = LINE ( 'NONE', #441, #148 ) ;
#591 = EDGE_CURVE ( 'NONE', #2095, #17, #1558, .T. ) ;
#592 = CARTESIAN_POINT ( 'NONE',  ( 8.916144501151402200, 4.001103551519476800, -7.034961020564091800 ) ) ;
#593 = ORIENTED_EDGE ( 'NONE', *, *, #2210, .T. ) ;
#594 = AXIS2_PLACEMENT_3D ( 'NONE', #1250, #1441, #2022 ) ;
#595 = CARTESIAN_POINT ( 'NONE',  ( -8.500000000000000000, 0.08284271247461828800, -9.000000000000001800 ) ) ;
#596 = COLOUR_RGB ( '',0.7921568627450980000, 0.8196078431372548800, 0.9333333333333333500 ) ;
#597 = PLANE ( 'NONE',  #1141 ) ;
#598 = DIRECTION ( 'NONE',  ( 0.0000000000000000000, 1.000000000000000000, 0.0000000000000000000 ) ) ;
#599 = ORIENTED_EDGE ( 'NONE', *, *, #1447, .T. ) ;
#600 = UNCERTAINTY_MEASURE_WITH_UNIT (LENGTH_MEASURE( 1.000000000000000100E-005 ), #2283, 'distance_accuracy_value', 'NONE');
#601 = CARTESIAN_POINT ( 'NONE',  ( -8.675735931288070200, 4.000000000000000000, 8.799999999999998900 ) ) ;
#602 = ADVANCED_FACE ( 'NONE', ( #2057 ), #1259, .T. ) ;
#603 = CARTESIAN_POINT ( 'NONE',  ( 8.799999999999998900, 3.799999999999999800, -6.917157287525380800 ) ) ;
#604 = ORIENTED_EDGE ( 'NONE', *, *, #725, .T. ) ;
#605 = CARTESIAN_POINT ( 'NONE',  ( 7.499999999999999100, -17.41320343559642600, 7.500000000000000000 ) ) ;
#606 = PLANE ( 'NONE',  #229 ) ;
#607 = PLANE ( 'NONE',  #1511 ) ;
#608 = EDGE_CURVE ( 'NONE', #485, #359, #1345, .T. ) ;
#609 = CARTESIAN_POINT ( 'NONE',  ( 5.510910596163085200E-017, 0.0000000000000000000, 2.250000000000001300 ) ) ;
#610 = DIRECTION ( 'NONE',  ( 0.0000000000000000000, 1.000000000000000000, 0.0000000000000000000 ) ) ;
#611 = MECHANICAL_DESIGN_GEOMETRIC_PRESENTATION_REPRESENTATION (  '', ( #101 ), #2058 ) ;
#612 = ORIENTED_EDGE ( 'NONE', *, *, #824, .F. ) ;
#613 = CARTESIAN_POINT ( 'NONE',  ( 0.0000000000000000000, 3.799999999999999800, 1.799999999999997600 ) ) ;
#614 = AXIS2_PLACEMENT_3D ( 'NONE', #2191, #1072, #705 ) ;
#615 = CARTESIAN_POINT ( 'NONE',  ( -1.714505518806294400E-016, 0.09999999999999982500, 3.199999999999997500 ) ) ;
#616 = DIRECTION ( 'NONE',  ( -0.0000000000000000000, -1.000000000000000000, -0.0000000000000000000 ) ) ;
#617 = ORIENTED_EDGE ( 'NONE', *, *, #1868, .T. ) ;
#618 = DIRECTION ( 'NONE',  ( 0.0000000000000000000, 0.0000000000000000000, -1.000000000000000000 ) ) ;
#619 = AXIS2_PLACEMENT_3D ( 'NONE', #640, #102, #1201 ) ;
#620 = EDGE_LOOP ( 'NONE', ( #2128, #2113, #2243, #96, #1513, #1953 ) ) ;
#621 = DIRECTION ( 'NONE',  ( 0.0000000000000000000, 0.0000000000000000000, 1.000000000000000000 ) ) ;
#622 = LINE ( 'NONE', #1522, #337 ) ;
#623 = CARTESIAN_POINT ( 'NONE',  ( 8.800000000000000700, 4.000000000000000000, 8.499999999999998200 ) ) ;
#624 = VECTOR ( 'NONE', #2232, 1000.000000000000200 ) ;
#625 = SURFACE_STYLE_FILL_AREA ( #1194 ) ;
#626 = EDGE_CURVE ( 'NONE', #129, #1471, #942, .T. ) ;
#627 = ORIENTED_EDGE ( 'NONE', *, *, #1026, .T. ) ;
#628 = CIRCLE ( 'NONE', #1020, 0.5000000000000004400 ) ;
#629 = AXIS2_PLACEMENT_3D ( 'NONE', #325, #692, #1593 ) ;
#630 = VERTEX_POINT ( 'NONE', #2081 ) ;
#631 = VECTOR ( 'NONE', #1613, 1000.000000000000000 ) ;
#632 = ORIENTED_EDGE ( 'NONE', *, *, #2304, .F. ) ;
#633 = CARTESIAN_POINT ( 'NONE',  ( 6.917157287525380800, 8.882578208830194800E-006, -8.798115072313368800 ) ) ;
#634 = FILL_AREA_STYLE_COLOUR ( '', #1908 ) ;
#635 = EDGE_CURVE ( 'NONE', #513, #804, #576, .T. ) ;
#636 = CARTESIAN_POINT ( 'NONE',  ( -7.500000000000000000, 3.799999999999999800, -7.500000000000000000 ) ) ;
#637 = DIRECTION ( 'NONE',  ( 0.7071067811865474600, -0.0000000000000000000, 0.7071067811865474600 ) ) ;
#638 = EDGE_CURVE ( 'NONE', #1153, #729, #2044, .T. ) ;
#639 = CARTESIAN_POINT ( 'NONE',  ( 6.971249471705415400, 8.882578208593300000E-006, -8.798115072313367000 ) ) ;
#640 = CARTESIAN_POINT ( 'NONE',  ( 0.0000000000000000000, 3.799999999999999800, 1.799999999999997600 ) ) ;
#641 = CIRCLE ( 'NONE', #525, 1.399999999999999900 ) ;
#642 = ORIENTED_EDGE ( 'NONE', *, *, #236, .T. ) ;
#643 = DIRECTION ( 'NONE',  ( 0.0000000000000000000, 0.0000000000000000000, -1.000000000000000000 ) ) ;
#644 = DIRECTION ( 'NONE',  ( 0.0000000000000000000, -1.000000000000000000, 0.0000000000000000000 ) ) ;
#645 = ORIENTED_EDGE ( 'NONE', *, *, #2282, .F. ) ;
#646 = CIRCLE ( 'NONE', #1903, 0.4499999999999996800 ) ;
#647 = APPLICATION_CONTEXT ( 'automotive_design' ) ;
#648 = AXIS2_PLACEMENT_3D ( 'NONE', #1022, #1589, #1775 ) ;
#649 = ORIENTED_EDGE ( 'NONE', *, *, #1616, .F. ) ;
#650 = CARTESIAN_POINT ( 'NONE',  ( 0.0000000000000000000, 4.000000000044805900, 1.799999999999997600 ) ) ;
#651 = FACE_OUTER_BOUND ( 'NONE', #1746, .T. ) ;
#652 = VERTEX_POINT ( 'NONE', #1538 ) ;
#653 = EDGE_CURVE ( 'NONE', #2201, #359, #1604, .T. ) ;
#654 = FACE_OUTER_BOUND ( 'NONE', #2069, .T. ) ;
#655 = EDGE_LOOP ( 'NONE', ( #1257, #2199 ) ) ;
#656 = CARTESIAN_POINT ( 'NONE',  ( 1.714505518806294400E-016, -3.959797974644666300, 0.3999999999999975800 ) ) ;
#657 = CYLINDRICAL_SURFACE ( 'NONE', #688, 0.2000000000000005100 ) ;
#658 = ORIENTED_EDGE ( 'NONE', *, *, #1675, .T. ) ;
#659 = FILL_AREA_STYLE_COLOUR ( '', #128 ) ;
#660 = DIRECTION ( 'NONE',  ( -0.0000000000000000000, 1.000000000000000000, -0.0000000000000000000 ) ) ;
#661 = EDGE_CURVE ( 'NONE', #1372, #155, #1280, .T. ) ;
#662 = ORIENTED_EDGE ( 'NONE', *, *, #509, .F. ) ;
#663 = EDGE_CURVE ( 'NONE', #1695, #565, #216, .T. ) ;
#664 = VERTEX_POINT ( 'NONE', #243 ) ;
#665 =( BOUNDED_SURFACE ( )  B_SPLINE_SURFACE ( 3, 3, ( 
 ( #2195, #1261, #208, #1838 ),
 ( #726, #382, #190, #1666 ),
 ( #1462, #377, #551, #1852 ),
 ( #9, #564, #2218, #2031 ) ),
 .UNSPECIFIED., .F., .F., .F. ) 
 B_SPLINE_SURFACE_WITH_KNOTS ( ( 4, 4 ),
 ( 4, 4 ),
 ( 0.0000000000000000000, 1.000000000000000000 ),
 ( 0.0000000000000000000, 1.000000000000000000 ),
 .UNSPECIFIED. ) 
 GEOMETRIC_REPRESENTATION_ITEM ( )  RATIONAL_B_SPLINE_SURFACE ( (
 ( 1.000000000000000000, 0.8047378541243647200, 0.8047378541243647200, 1.000000000000000000),
 ( 0.8047378541243628300, 0.6476030138606857500, 0.6476030138606857500, 0.8047378541243628300),
 ( 0.8047378541243628300, 0.6476030138606857500, 0.6476030138606857500, 0.8047378541243628300),
 ( 1.000000000000000000, 0.8047378541243647200, 0.8047378541243647200, 1.000000000000000000) ) ) 
 REPRESENTATION_ITEM ( '' )  SURFACE ( )  );
#666 = DIRECTION ( 'NONE',  ( 0.0000000000000000000, 0.0000000000000000000, 1.000000000000000000 ) ) ;
#667 = CARTESIAN_POINT ( 'NONE',  ( 7.499999999999999100, 4.000000000000000000, 7.500000000000000000 ) ) ;
#668 = LINE ( 'NONE', #1689, #1089 ) ;
#669 = ORIENTED_EDGE ( 'NONE', *, *, #608, .F. ) ;
#670 = VERTEX_POINT ( 'NONE', #609 ) ;
#671 = VECTOR ( 'NONE', #61, 1000.000000000000000 ) ;
#672 = DIRECTION ( 'NONE',  ( 0.0000000000000000000, -0.0000000000000000000, 1.000000000000000000 ) ) ;
#673 = CARTESIAN_POINT ( 'NONE',  ( 0.0000000000000000000, 0.09999999999999982500, 1.799999999999997600 ) ) ;
#674 = CIRCLE ( 'NONE', #1271, 1.399999999999999900 ) ;
#675 = AXIS2_PLACEMENT_3D ( 'NONE', #354, #2212, #44 ) ;
#676 = DIRECTION ( 'NONE',  ( 0.0000000000000000000, -1.000000000000000000, 0.0000000000000000000 ) ) ;
#677 = EDGE_CURVE ( 'NONE', #752, #697, #2158, .T. ) ;
#678 = VECTOR ( 'NONE', #2320, 1000.000000000000000 ) ;
#679 = AXIS2_PLACEMENT_3D ( 'NONE', #1770, #1006, #1381 ) ;
#680 = VERTEX_POINT ( 'NONE', #623 ) ;
#681 = DIRECTION ( 'NONE',  ( -0.7071067811865474600, 0.0000000000000000000, 0.7071067811865474600 ) ) ;
#682 = CIRCLE ( 'NONE', #619, 1.500000000021373300 ) ;
#683 = LINE ( 'NONE', #2108, #2156 ) ;
#684 = DIRECTION ( 'NONE',  ( 0.0000000000000000000, 0.0000000000000000000, 1.000000000000000000 ) ) ;
#685 = ORIENTED_EDGE ( 'NONE', *, *, #494, .F. ) ;
#686 = DIRECTION ( 'NONE',  ( 0.0000000000000000000, -0.0000000000000000000, -1.000000000000000000 ) ) ;
#687 = FACE_OUTER_BOUND ( 'NONE', #327, .T. ) ;
#688 = AXIS2_PLACEMENT_3D ( 'NONE', #876, #2162, #1805 ) ;
#689 = ORIENTED_EDGE ( 'NONE', *, *, #746, .F. ) ;
#690 = ADVANCED_FACE ( 'NONE', ( #270 ), #1331, .F. ) ;
#691 = DIRECTION ( 'NONE',  ( 0.0000000000000000000, 0.0000000000000000000, 1.000000000000000000 ) ) ;
#692 = DIRECTION ( 'NONE',  ( -0.0000000000000000000, 1.000000000000000000, -0.0000000000000000000 ) ) ;
#693 = PLANE ( 'NONE',  #896 ) ;
#694 = EDGE_CURVE ( 'NONE', #357, #1334, #2102, .T. ) ;
#695 = CARTESIAN_POINT ( 'NONE',  ( 9.000000000000000000, 0.08284271247461907900, 8.499999999999998200 ) ) ;
#696 = DIRECTION ( 'NONE',  ( 0.0000000000000000000, -0.0000000000000000000, 1.000000000000000000 ) ) ;
#697 = VERTEX_POINT ( 'NONE', #1561 ) ;
#698 = LINE ( 'NONE', #898, #1293 ) ;
#699 = EDGE_CURVE ( 'NONE', #1243, #1768, #859, .T. ) ;
#700 = DIRECTION ( 'NONE',  ( 1.000000000000000000, 0.0000000000000000000, -0.0000000000000000000 ) ) ;
#701 = VERTEX_POINT ( 'NONE', #1179 ) ;
#702 = DIRECTION ( 'NONE',  ( 1.000000000000000000, 0.0000000000000000000, 0.0000000000000000000 ) ) ;
#703 = CARTESIAN_POINT ( 'NONE',  ( 0.0000000000000000000, 3.799999999999999800, 3.899999999999998100 ) ) ;
#704 = ORIENTED_EDGE ( 'NONE', *, *, #663, .F. ) ;
#705 = DIRECTION ( 'NONE',  ( -1.000000000000000000, 0.0000000000000000000, -8.673617379884013400E-015 ) ) ;
#706 = DIRECTION ( 'NONE',  ( 0.0000000000000000000, 0.0000000000000000000, -1.000000000000000000 ) ) ;
#707 = FACE_BOUND ( 'NONE', #1335, .T. ) ;
#708 = CARTESIAN_POINT ( 'NONE',  ( -8.999999999999996400, 0.08284271247461907900, 8.499999999999992900 ) ) ;
#709 = ORIENTED_EDGE ( 'NONE', *, *, #350, .F. ) ;
#710 = CIRCLE ( 'NONE', #372, 0.2000000000000005100 ) ;
#711 = CARTESIAN_POINT ( 'NONE',  ( -2.437282726373662100E-016, 4.100000000042047800, 0.4732050807617233500 ) ) ;
#712 = ORIENTED_EDGE ( 'NONE', *, *, #1376, .T. ) ;
#713 = ADVANCED_FACE ( 'NONE', ( #379 ), #1053, .T. ) ;
#714 = DIRECTION ( 'NONE',  ( -1.119176436114069300E-016, -0.0000000000000000000, -1.000000000000000000 ) ) ;
#715 = DIRECTION ( 'NONE',  ( 0.0000000000000000000, 1.000000000000000000, 0.0000000000000000000 ) ) ;
#716 = EDGE_LOOP ( 'NONE', ( #2171, #929, #2103, #1537 ) ) ;
#717 = EDGE_CURVE ( 'NONE', #1277, #832, #1633, .T. ) ;
#718 = CARTESIAN_POINT ( 'NONE',  ( 8.500000000000000000, 4.000000000000000000, 8.917157287525379100 ) ) ;
#719 = AXIS2_PLACEMENT_3D ( 'NONE', #1623, #2153, #2330 ) ;
#720 = PLANE ( 'NONE',  #2300 ) ;
#721 = DIRECTION ( 'NONE',  ( 0.0000000000000000000, -1.000000000000000000, -0.0000000000000000000 ) ) ;
#722 = DIRECTION ( 'NONE',  ( -0.0000000000000000000, -1.000000000000000000, 0.0000000000000000000 ) ) ;
#723 = DIRECTION ( 'NONE',  ( 0.0000000000000000000, 0.0000000000000000000, 1.000000000000000000 ) ) ;
#724 = CARTESIAN_POINT ( 'NONE',  ( -8.927675165784206100E-017, 0.1000000000000000100, 1.071000000000001300 ) ) ;
#725 = EDGE_CURVE ( 'NONE', #1916, #1008, #743, .T. ) ;
#726 = CARTESIAN_POINT ( 'NONE',  ( -8.500000000000000000, 4.000000000000000900, -8.917157287525379100 ) ) ;
#727 = ORIENTED_EDGE ( 'NONE', *, *, #2009, .T. ) ;
#728 = EDGE_CURVE ( 'NONE', #573, #939, #2127, .T. ) ;
#729 = VERTEX_POINT ( 'NONE', #1609 ) ;
#730 = VECTOR ( 'NONE', #1144, 1000.000000000000000 ) ;
#731 = DIRECTION ( 'NONE',  ( -1.000000000000000000, 0.0000000000000000000, -1.294569758191647200E-016 ) ) ;
#732 = DIRECTION ( 'NONE',  ( 0.0000000000000000000, 1.000000000000000000, 0.0000000000000000000 ) ) ;
#733 = ADVANCED_FACE ( 'NONE', ( #97 ), #657, .T. ) ;
#734 = ORIENTED_EDGE ( 'NONE', *, *, #1274, .F. ) ;
#735 = DIRECTION ( 'NONE',  ( 0.0000000000000000000, 0.0000000000000000000, -1.000000000000000000 ) ) ;
#736 = FACE_OUTER_BOUND ( 'NONE', #2154, .T. ) ;
#737 = EDGE_LOOP ( 'NONE', ( #338, #1631, #884, #144 ) ) ;
#738 = CARTESIAN_POINT ( 'NONE',  ( -8.499999999999992900, 8.848897779465002100E-017, 8.917157287525380800 ) ) ;
#739 = CIRCLE ( 'NONE', #1013, 1.399999999999999900 ) ;
#740 = VERTEX_POINT ( 'NONE', #1430 ) ;
#741 = DIRECTION ( 'NONE',  ( 0.0000000000000000000, 0.0000000000000000000, -1.000000000000000000 ) ) ;
#742 = EDGE_CURVE ( 'NONE', #2246, #573, #326, .T. ) ;
#743 = LINE ( 'NONE', #1242, #37 ) ;
#744 = VERTEX_POINT ( 'NONE', #1588 ) ;
#745 = CARTESIAN_POINT ( 'NONE',  ( 8.799999999999998900, 3.799999999999999800, -6.917157287525380800 ) ) ;
#746 = EDGE_CURVE ( 'NONE', #1776, #1787, #996, .T. ) ;
#747 = DIRECTION ( 'NONE',  ( -0.7071067811865473500, 0.0000000000000000000, 0.7071067811865477900 ) ) ;
#748 = DIRECTION ( 'NONE',  ( -0.0000000000000000000, 1.000000000000000000, -0.0000000000000000000 ) ) ;
#749 = CARTESIAN_POINT ( 'NONE',  ( 7.021175221205958800, 3.979174166843846700, -8.798311273259704600 ) ) ;
#750 = DIRECTION ( 'NONE',  ( -0.7071067811865475700, 0.0000000000000000000, -0.7071067811865475700 ) ) ;
#751 = ADVANCED_FACE ( 'NONE', ( #687 ), #1107, .T. ) ;
#752 = VERTEX_POINT ( 'NONE', #1059 ) ;
#753 = VECTOR ( 'NONE', #1863, 1000.000000000000000 ) ;
#754 = COLOUR_RGB ( '',0.7921568627450980000, 0.8196078431372548800, 0.9333333333333333500 ) ;
#755 = CARTESIAN_POINT ( 'NONE',  ( -1.714505518806294400E-016, 0.0000000000000000000, 3.199999999999997500 ) ) ;
#756 = CARTESIAN_POINT ( 'NONE',  ( -8.799999999999998900, 0.0000000000000000000, 8.499999999999998200 ) ) ;
#757 = ORIENTED_EDGE ( 'NONE', *, *, #45, .F. ) ;
#758 = EDGE_CURVE ( 'NONE', #1406, #1471, #1373, .T. ) ;
#759 = DIRECTION ( 'NONE',  ( 0.0000000000000000000, 1.000000000000000000, 0.0000000000000000000 ) ) ;
#760 = VECTOR ( 'NONE', #616, 1000.000000000000000 ) ;
#761 = VERTEX_POINT ( 'NONE', #2365 ) ;
#762 = LINE ( 'NONE', #1552, #290 ) ;
#763 = DIRECTION ( 'NONE',  ( 1.000000000000000000, 7.744301232039317900E-017, 0.0000000000000000000 ) ) ;
#764 = DIRECTION ( 'NONE',  ( 0.0000000000000000000, 0.0000000000000000000, 1.000000000000000000 ) ) ;
#765 = CARTESIAN_POINT ( 'NONE',  ( 0.0000000000000000000, 0.1000000000000000100, 1.350000000000001600 ) ) ;
#766 = CARTESIAN_POINT ( 'NONE',  ( 7.059243503495342700, 3.941529998921117900, -8.881738641602559900 ) ) ;
#767 = AXIS2_PLACEMENT_3D ( 'NONE', #1676, #409, #937 ) ;
#768 = EDGE_LOOP ( 'NONE', ( #1559, #1247, #868 ) ) ;
#769 = LINE ( 'NONE', #966, #1994 ) ;
#770 = CIRCLE ( 'NONE', #1230, 0.2000000000000005100 ) ;
#771 = ORIENTED_EDGE ( 'NONE', *, *, #663, .T. ) ;
#772 =( GEOMETRIC_REPRESENTATION_CONTEXT ( 3 ) GLOBAL_UNCERTAINTY_ASSIGNED_CONTEXT ( ( #600 ) ) GLOBAL_UNIT_ASSIGNED_CONTEXT ( ( #2283, #293, #1764 ) ) REPRESENTATION_CONTEXT ( 'NONE', 'WORKASPACE' ) );
#773 = FACE_OUTER_BOUND ( 'NONE', #1169, .T. ) ;
#774 = ORIENTED_EDGE ( 'NONE', *, *, #1200, .F. ) ;
#775 = CARTESIAN_POINT ( 'NONE',  ( -8.917157287525380800, -9.260626234891566600E-016, -8.744365081389593900 ) ) ;
#776 = ADVANCED_FACE ( 'NONE', ( #773 ), #157, .T. ) ;
#777 = EDGE_CURVE ( 'NONE', #1999, #1620, #297, .T. ) ;
#778 = CARTESIAN_POINT ( 'NONE',  ( 0.0000000000000000000, 0.1000000000000000100, 1.800000000000001200 ) ) ;
#779 = CARTESIAN_POINT ( 'NONE',  ( 8.927675165784206100E-017, 0.1000000000000000100, 2.529000000000001200 ) ) ;
#780 = CARTESIAN_POINT ( 'NONE',  ( 1.714505518806294400E-016, 0.0000000000000000000, 0.3999999999999975800 ) ) ;
#781 = PRESENTATION_LAYER_ASSIGNMENT (  '', '', ( #101 ) ) ;
#782 = ADVANCED_FACE ( 'NONE', ( #1998 ), #1228, .F. ) ;
#783 = CARTESIAN_POINT ( 'NONE',  ( -9.000000000000000000, 0.2000000000000000900, -8.499999999999996400 ) ) ;
#784 = DIRECTION ( 'NONE',  ( -0.0000000000000000000, -1.000000000000000000, -0.0000000000000000000 ) ) ;
#785 = AXIS2_PLACEMENT_3D ( 'NONE', #401, #1491, #2254 ) ;
#786 = CARTESIAN_POINT ( 'NONE',  ( 8.500000000000000000, 0.0000000000000000000, 8.799999999999998900 ) ) ;
#787 = DIRECTION ( 'NONE',  ( 0.0000000000000000000, 1.000000000000000000, 0.0000000000000000000 ) ) ;
#788 = PLANE ( 'NONE',  #505 ) ;
#789 = EDGE_LOOP ( 'NONE', ( #2013, #1383, #1021, #771 ) ) ;
#790 = DIRECTION ( 'NONE',  ( 0.0000000000000000000, 0.0000000000000000000, -1.000000000000000000 ) ) ;
#791 = CARTESIAN_POINT ( 'NONE',  ( 5.510910596163085200E-017, 0.1000000000000000100, 2.250000000000001300 ) ) ;
#792 = ADVANCED_FACE ( 'NONE', ( #1700 ), #1660, .T. ) ;
#793 = EDGE_LOOP ( 'NONE', ( #992, #172 ) ) ;
#794 = DIRECTION ( 'NONE',  ( 0.0000000000000000000, -0.0000000000000000000, 1.000000000000000000 ) ) ;
#795 = EDGE_CURVE ( 'NONE', #2237, #2020, #521, .T. ) ;
#796 = CARTESIAN_POINT ( 'NONE',  ( -5.899999999999998600, 3.799999999999999800, 7.500000000000000000 ) ) ;
#797 = CIRCLE ( 'NONE', #2208, 0.4499999999999996800 ) ;
#798 = ORIENTED_EDGE ( 'NONE', *, *, #1376, .F. ) ;
#799 = LINE ( 'NONE', #329, #181 ) ;
#800 = ADVANCED_FACE ( 'NONE', ( #1195 ), #1940, .F. ) ;
#801 = ORIENTED_EDGE ( 'NONE', *, *, #1920, .T. ) ;
#802 = CARTESIAN_POINT ( 'NONE',  ( 8.500000000000000000, 3.799999999999999800, 8.999999999999998200 ) ) ;
#803 = CIRCLE ( 'NONE', #2360, 1.399999999999999900 ) ;
#804 = VERTEX_POINT ( 'NONE', #2207 ) ;
#805 = CARTESIAN_POINT ( 'NONE',  ( 0.0000000000000000000, 3.799999999999999800, 1.799999999999997600 ) ) ;
#806 = CIRCLE ( 'NONE', #785, 0.5000000000000004400 ) ;
#807 = ORIENTED_EDGE ( 'NONE', *, *, #1850, .T. ) ;
#808 = UNCERTAINTY_MEASURE_WITH_UNIT (LENGTH_MEASURE( 1.000000000000000100E-005 ), #2193, 'distance_accuracy_value', 'NONE');
#809 = AXIS2_PLACEMENT_3D ( 'NONE', #978, #2278, #1159 ) ;
#810 = EDGE_CURVE ( 'NONE', #817, #1545, #1543, .T. ) ;
#811 = CARTESIAN_POINT ( 'NONE',  ( 8.999999999999998200, 3.800000000000000300, -6.917157287525380800 ) ) ;
#812 = AXIS2_PLACEMENT_3D ( 'NONE', #161, #331, #1418 ) ;
#813 = CARTESIAN_POINT ( 'NONE',  ( 0.0000000000000000000, 3.799999999999999800, 1.799999999999997600 ) ) ;
#814 = DIRECTION ( 'NONE',  ( -0.0000000000000000000, -1.000000000000000000, -0.0000000000000000000 ) ) ;
#815 = CIRCLE ( 'NONE', #1677, 0.7290000000000000900 ) ;
#816 = CARTESIAN_POINT ( 'NONE',  ( -8.500000000000000000, 0.2000000000000000900, -8.999999999999998200 ) ) ;
#817 = VERTEX_POINT ( 'NONE', #1265 ) ;
#818 = CARTESIAN_POINT ( 'NONE',  ( 8.500000000000000000, 0.2000000000000000900, 9.000000000000000000 ) ) ;
#819 = ORIENTED_EDGE ( 'NONE', *, *, #1583, .F. ) ;
#820 = LINE ( 'NONE', #2065, #1531 ) ;
#821 = LINE ( 'NONE', #242, #1774 ) ;
#822 = DIRECTION ( 'NONE',  ( 0.0000000000000000000, -0.0000000000000000000, 1.000000000000000000 ) ) ;
#823 = EDGE_LOOP ( 'NONE', ( #1680, #47, #801, #1837 ) ) ;
#824 = EDGE_CURVE ( 'NONE', #294, #1717, #890, .T. ) ;
#825 = LINE ( 'NONE', #1833, #2241 ) ;
#826 = PRESENTATION_LAYER_ASSIGNMENT (  '', '', ( #1997 ) ) ;
#827 = SURFACE_SIDE_STYLE ('',( #625 ) ) ;
#828 = ORIENTED_EDGE ( 'NONE', *, *, #301, .F. ) ;
#829 = LINE ( 'NONE', #2130, #1102 ) ;
#830 = CYLINDRICAL_SURFACE ( 'NONE', #166, 0.2000000000000005100 ) ;
#831 = AXIS2_PLACEMENT_3D ( 'NONE', #1015, #1575, #1772 ) ;
#832 = VERTEX_POINT ( 'NONE', #1069 ) ;
#833 = VECTOR ( 'NONE', #1858, 1000.000000000000000 ) ;
#834 = CARTESIAN_POINT ( 'NONE',  ( 9.000000000000000000, 0.08196532890097814300, -6.986300397024940900 ) ) ;
#835 = ORIENTED_EDGE ( 'NONE', *, *, #852, .T. ) ;
#836 = FILL_AREA_STYLE ('',( #1742 ) ) ;
#837 = CARTESIAN_POINT ( 'NONE',  ( 7.000000000000000000, 0.2000000000000001200, -9.000000000000000000 ) ) ;
#838 = EDGE_CURVE ( 'NONE', #1787, #1275, #347, .T. ) ;
#839 = DIRECTION ( 'NONE',  ( -0.0000000000000000000, -1.000000000000000000, -0.0000000000000000000 ) ) ;
#840 = CARTESIAN_POINT ( 'NONE',  ( 7.499999999999998200, 3.800000000000000700, 7.500000000000000000 ) ) ;
#841 = ORIENTED_EDGE ( 'NONE', *, *, #279, .T. ) ;
#842 = STYLED_ITEM ( 'NONE', ( #1263 ), #288 ) ;
#843 = DIRECTION ( 'NONE',  ( -0.0000000000000000000, -1.000000000000000000, -0.0000000000000000000 ) ) ;
#844 = CARTESIAN_POINT ( 'NONE',  ( 6.917157287525380800, 0.2000000000000000100, -8.799999999999998900 ) ) ;
#845 = DIRECTION ( 'NONE',  ( 0.0000000000000000000, 0.0000000000000000000, 1.000000000000000000 ) ) ;
#846 = EDGE_LOOP ( 'NONE', ( #798, #2250 ) ) ;
#847 = LINE ( 'NONE', #756, #1929 ) ;
#848 = CARTESIAN_POINT ( 'NONE',  ( 0.0000000000000000000, 4.100000000000000500, 1.799999999999997600 ) ) ;
#849 = ORIENTED_EDGE ( 'NONE', *, *, #502, .T. ) ;
#850 = DIRECTION ( 'NONE',  ( 0.7071067811865473500, 0.0000000000000000000, -0.7071067811865477900 ) ) ;
#851 = ORIENTED_EDGE ( 'NONE', *, *, #1675, .F. ) ;
#852 = EDGE_CURVE ( 'NONE', #334, #1014, #1812, .T. ) ;
#853 = VECTOR ( 'NONE', #862, 1000.000000000000000 ) ;
#854 = ORIENTED_EDGE ( 'NONE', *, *, #2210, .F. ) ;
#855 = PRESENTATION_STYLE_ASSIGNMENT (( #2347 ) ) ;
#856 = DIRECTION ( 'NONE',  ( 1.000000000000000000, 0.0000000000000000000, 0.0000000000000000000 ) ) ;
#857 = VERTEX_POINT ( 'NONE', #4 ) ;
#858 = CARTESIAN_POINT ( 'NONE',  ( -8.999999999999998200, 3.799999999999999800, 8.499999999999994700 ) ) ;
#859 = LINE ( 'NONE', #786, #631 ) ;
#860 = CARTESIAN_POINT ( 'NONE',  ( -8.999999999999998200, 3.799999999999999800, 8.499999999999994700 ) ) ;
#861 = CARTESIAN_POINT ( 'NONE',  ( 8.500000000000000000, 4.000000000000000000, 8.999999999999998200 ) ) ;
#862 = DIRECTION ( 'NONE',  ( 0.0000000000000000000, -0.0000000000000000000, 1.000000000000000000 ) ) ;
#863 = CARTESIAN_POINT ( 'NONE',  ( -8.499999999999996400, 4.000000000000000000, 8.800000000000000700 ) ) ;
#864 = DIRECTION ( 'NONE',  ( 0.0000000000000000000, 1.000000000000000000, 0.0000000000000000000 ) ) ;
#865 = CARTESIAN_POINT ( 'NONE',  ( 8.792893218813453900, 3.800000000000000300, 9.000000000000000000 ) ) ;
#866 = EDGE_CURVE ( 'NONE', #1277, #752, #1314, .T. ) ;
#867 = DIRECTION ( 'NONE',  ( 0.0000000000000000000, 0.0000000000000000000, -1.000000000000000000 ) ) ;
#868 = ORIENTED_EDGE ( 'NONE', *, *, #653, .T. ) ;
#869 = DIRECTION ( 'NONE',  ( -1.000000000000000000, 0.0000000000000000000, 1.020425574104004500E-016 ) ) ;
#870 = FACE_OUTER_BOUND ( 'NONE', #2269, .T. ) ;
#871 = EDGE_LOOP ( 'NONE', ( #1215, #989 ) ) ;
#872 = ORIENTED_EDGE ( 'NONE', *, *, #988, .F. ) ;
#873 = FACE_BOUND ( 'NONE', #549, .T. ) ;
#874 = DIRECTION ( 'NONE',  ( 0.0000000000000000000, 1.000000000000000000, 0.0000000000000000000 ) ) ;
#875 = ADVANCED_BREP_SHAPE_REPRESENTATION ( 'ANT-GNSSCP-TH18L1', ( #351, #36, #1549, #2, #1595, #1084, #288, #1081 ), #1781 ) ;
#876 = CARTESIAN_POINT ( 'NONE',  ( 8.500000000000000000, 3.799999999999999800, -8.799999999999997200 ) ) ;
#877 = ORIENTED_EDGE ( 'NONE', *, *, #142, .F. ) ;
#878 = ADVANCED_FACE ( 'NONE', ( #184 ), #1821, .F. ) ;
#879 = DIRECTION ( 'NONE',  ( 0.0000000000000000000, 0.0000000000000000000, 1.000000000000000000 ) ) ;
#880 = ORIENTED_EDGE ( 'NONE', *, *, #1694, .F. ) ;
#881 = CARTESIAN_POINT ( 'NONE',  ( 6.917157287525380800, 0.2000000000000000900, -8.799999999999998900 ) ) ;
#882 = PRODUCT_DEFINITION ( 'UNKNOWN', '', #1116, #2086 ) ;
#883 = CARTESIAN_POINT ( 'NONE',  ( 8.799999999999998900, 8.131516293641283300E-017, 8.499999999999996400 ) ) ;
#884 = ORIENTED_EDGE ( 'NONE', *, *, #523, .F. ) ;
#885 = CARTESIAN_POINT ( 'NONE',  ( 0.0000000000000000000, 0.1000000000000000100, 1.071000000000001300 ) ) ;
#886 = EDGE_CURVE ( 'NONE', #630, #1343, #2331, .T. ) ;
#887 = FACE_OUTER_BOUND ( 'NONE', #1101, .T. ) ;
#888 = EDGE_LOOP ( 'NONE', ( #1562, #1878, #1683, #1936 ) ) ;
#889 = DIRECTION ( 'NONE',  ( 0.0000000000000000000, 0.0000000000000000000, -1.000000000000000000 ) ) ;
#890 = LINE ( 'NONE', #187, #405 ) ;
#891 = PRESENTATION_LAYER_ASSIGNMENT (  '', '', ( #842 ) ) ;
#892 = ORIENTED_EDGE ( 'NONE', *, *, #307, .F. ) ;
#893 = DIRECTION ( 'NONE',  ( 0.0000000000000000000, 0.0000000000000000000, -1.000000000000000000 ) ) ;
#894 =( NAMED_UNIT ( * ) SI_UNIT ( $, .STERADIAN. ) SOLID_ANGLE_UNIT ( ) );
#895 = CARTESIAN_POINT ( 'NONE',  ( 8.500000000000000000, 3.917157287525381300, 9.000000000000000000 ) ) ;
#896 = AXIS2_PLACEMENT_3D ( 'NONE', #2188, #1054, #869 ) ;
#897 = CARTESIAN_POINT ( 'NONE',  ( -5.899999999999998600, 3.799999999999999800, 7.500000000000000000 ) ) ;
#898 = CARTESIAN_POINT ( 'NONE',  ( 0.0000000000000000000, -3.959797974644666300, 3.199999999999997500 ) ) ;
#899 = EDGE_CURVE ( 'NONE', #2067, #1008, #806, .T. ) ;
#900 = CARTESIAN_POINT ( 'NONE',  ( 8.792893218813450300, 0.08284271247461906500, 8.999999999999998200 ) ) ;
#901 =( NAMED_UNIT ( * ) PLANE_ANGLE_UNIT ( ) SI_UNIT ( $, .RADIAN. ) );
#902 = CARTESIAN_POINT ( 'NONE',  ( 9.000000000000000000, 3.917157287525381300, 8.499999999999998200 ) ) ;
#903 = ORIENTED_EDGE ( 'NONE', *, *, #1868, .F. ) ;
#904 = CARTESIAN_POINT ( 'NONE',  ( -8.799999999999998900, 4.065758146820641600E-017, -8.499999999999996400 ) ) ;
#905 = SURFACE_STYLE_USAGE ( .BOTH. , #333 ) ;
#906 = ORIENTED_EDGE ( 'NONE', *, *, #1756, .F. ) ;
#907 = DIRECTION ( 'NONE',  ( -0.0000000000000000000, 1.000000000000000000, -0.0000000000000000000 ) ) ;
#908 = VECTOR ( 'NONE', #856, 1000.000000000000000 ) ;
#909 = AXIS2_PLACEMENT_3D ( 'NONE', #796, #73, #1718 ) ;
#910 = DIRECTION ( 'NONE',  ( -0.0000000000000000000, 0.0000000000000000000, -1.000000000000000000 ) ) ;
#911 = EDGE_LOOP ( 'NONE', ( #2316, #943, #599, #1124 ) ) ;
#912 = CARTESIAN_POINT ( 'NONE',  ( 9.000000000000000000, 0.2000000000000000900, 8.792893218813450300 ) ) ;
#913 = VERTEX_POINT ( 'NONE', #1881 ) ;
#914 = EDGE_CURVE ( 'NONE', #983, #1893, #803, .T. ) ;
#915 = DIRECTION ( 'NONE',  ( 0.0000000000000000000, 0.0000000000000000000, -1.000000000000000000 ) ) ;
#916 = DIRECTION ( 'NONE',  ( 0.0000000000000000000, 0.0000000000000000000, -1.000000000000000000 ) ) ;
#917 = DIRECTION ( 'NONE',  ( 0.0000000000000000000, 0.0000000000000000000, 1.000000000000000000 ) ) ;
#918 = ADVANCED_FACE ( 'NONE', ( #376 ), #1517, .T. ) ;
#919 = DIRECTION ( 'NONE',  ( 0.0000000000000000000, -1.000000000000000000, -0.0000000000000000000 ) ) ;
#920 = AXIS2_PLACEMENT_3D ( 'NONE', #1578, #850, #2321 ) ;
#921 = CARTESIAN_POINT ( 'NONE',  ( 8.500000000000000000, 4.000000000000000000, 8.499999999999998200 ) ) ;
#922 = CARTESIAN_POINT ( 'NONE',  ( 8.799999999999998900, -2.168404344971008900E-016, -6.917157287525379100 ) ) ;
#923 =( NAMED_UNIT ( * ) SI_UNIT ( $, .STERADIAN. ) SOLID_ANGLE_UNIT ( ) );
#924 = EDGE_CURVE ( 'NONE', #1008, #113, #1167, .T. ) ;
#925 = ADVANCED_FACE ( 'NONE', ( #887 ), #1419, .T. ) ;
#926 = DIRECTION ( 'NONE',  ( 0.0000000000000000000, -1.000000000000000000, 0.0000000000000000000 ) ) ;
#927 = DIRECTION ( 'NONE',  ( 0.0000000000000000000, -1.000000000000000000, 0.0000000000000000000 ) ) ;
#928 = CIRCLE ( 'NONE', #1450, 0.2000000000000005100 ) ;
#929 = ORIENTED_EDGE ( 'NONE', *, *, #956, .F. ) ;
#930 = CARTESIAN_POINT ( 'NONE',  ( -8.799999999999998900, 8.131516293641283300E-017, 8.675735931288070200 ) ) ;
#931 = ORIENTED_EDGE ( 'NONE', *, *, #2368, .T. ) ;
#932 = VECTOR ( 'NONE', #475, 1000.000000000000000 ) ;
#933 = ADVANCED_FACE ( 'NONE', ( #320 ), #1922, .F. ) ;
#934 = VERTEX_POINT ( 'NONE', #1348 ) ;
#935 = CARTESIAN_POINT ( 'NONE',  ( 5.899999999999998600, 3.800000000000000700, -7.500000000000000000 ) ) ;
#936 =( LENGTH_UNIT ( ) NAMED_UNIT ( * ) SI_UNIT ( .MILLI., .METRE. ) );
#937 = DIRECTION ( 'NONE',  ( 0.0000000000000000000, 0.0000000000000000000, -1.000000000000000000 ) ) ;
#938 = CYLINDRICAL_SURFACE ( 'NONE', #1405, 0.4499999999999996800 ) ;
#939 = VERTEX_POINT ( 'NONE', #1944 ) ;
#940 = DIRECTION ( 'NONE',  ( 0.0000000000000000000, 0.0000000000000000000, -1.000000000000000000 ) ) ;
#941 = CARTESIAN_POINT ( 'NONE',  ( 6.917157287525379100, 3.799999999999999800, -9.000000000000000000 ) ) ;
#942 = CIRCLE ( 'NONE', #1123, 1.500000000021373300 ) ;
#943 = ORIENTED_EDGE ( 'NONE', *, *, #638, .T. ) ;
#944 = EDGE_CURVE ( 'NONE', #1343, #380, #969, .T. ) ;
#945 = CARTESIAN_POINT ( 'NONE',  ( -8.792893218813453900, 0.2000000000000000900, -9.000000000000001800 ) ) ;
#946 = UNCERTAINTY_MEASURE_WITH_UNIT (LENGTH_MEASURE( 1.000000000000000100E-005 ), #356, 'distance_accuracy_value', 'NONE');
#947 = CARTESIAN_POINT ( 'NONE',  ( 9.000000000000003600, 4.000000000000000000, 8.499999999999998200 ) ) ;
#948 = CARTESIAN_POINT ( 'NONE',  ( 5.510910596163085200E-017, -1.700000000000000000, 2.250000000000001300 ) ) ;
#949 = ORIENTED_EDGE ( 'NONE', *, *, #33, .F. ) ;
#950 = CARTESIAN_POINT ( 'NONE',  ( 7.499999999999999100, 4.000000000000000000, 7.500000000000000000 ) ) ;
#951 = FACE_OUTER_BOUND ( 'NONE', #204, .T. ) ;
#952 = DIRECTION ( 'NONE',  ( 1.119176436114069300E-016, 0.0000000000000000000, 1.000000000000000000 ) ) ;
#953 = ADVANCED_FACE ( 'NONE', ( #546, #1735 ), #273, .T. ) ;
#954 = CARTESIAN_POINT ( 'NONE',  ( -5.899999999999998600, 4.000000000000000000, 7.500000000000000000 ) ) ;
#955 = ORIENTED_EDGE ( 'NONE', *, *, #1289, .T. ) ;
#956 = EDGE_CURVE ( 'NONE', #1401, #1776, #683, .T. ) ;
#957 = CARTESIAN_POINT ( 'NONE',  ( -8.799999999999995400, 4.065758146820641600E-017, 8.499999999999994700 ) ) ;
#958 = CIRCLE ( 'NONE', #1555, 0.2000000000000002900 ) ;
#959 = VERTEX_POINT ( 'NONE', #1723 ) ;
#960 = AXIS2_PLACEMENT_3D ( 'NONE', #1455, #197, #735 ) ;
#961 = ADVANCED_FACE ( 'NONE', ( #2025 ), #431, .T. ) ;
#962 = ORIENTED_EDGE ( 'NONE', *, *, #1251, .F. ) ;
#963 = CARTESIAN_POINT ( 'NONE',  ( 0.0000000000000000000, 0.1000000000000000100, 1.800000000000001200 ) ) ;
#964 = ORIENTED_EDGE ( 'NONE', *, *, #838, .F. ) ;
#965 = CARTESIAN_POINT ( 'NONE',  ( 0.0000000000000000000, 0.0000000000000000000, 1.800000000000001200 ) ) ;
#966 = CARTESIAN_POINT ( 'NONE',  ( -7.500000000000000000, 3.799999999999999800, 5.899999999999999500 ) ) ;
#967 = ORIENTED_EDGE ( 'NONE', *, *, #886, .F. ) ;
#968 = PRESENTATION_STYLE_ASSIGNMENT (( #1368 ) ) ;
#969 = CIRCLE ( 'NONE', #19, 2.100000000000000100 ) ;
#970 = EDGE_CURVE ( 'NONE', #565, #357, #492, .T. ) ;
#971 = EDGE_LOOP ( 'NONE', ( #1134, #478, #2325, #2144 ) ) ;
#972 = CARTESIAN_POINT ( 'NONE',  ( -8.799999999999998900, 4.000000000000000000, 8.675735931288070200 ) ) ;
#973 = EDGE_CURVE ( 'NONE', #63, #761, #1665, .T. ) ;
#974 = CARTESIAN_POINT ( 'NONE',  ( -7.500000000000000000, -17.41320343559642600, 5.899999999999999500 ) ) ;
#975 = ADVANCED_FACE ( 'NONE', ( #1965 ), #1016, .T. ) ;
#976 = DIRECTION ( 'NONE',  ( 0.7071067811865474600, 0.0000000000000000000, 0.7071067811865474600 ) ) ;
#977 = MECHANICAL_DESIGN_GEOMETRIC_PRESENTATION_REPRESENTATION (  '', ( #1997 ), #2136 ) ;
#978 = CARTESIAN_POINT ( 'NONE',  ( 0.0000000000000000000, 0.0000000000000000000, 1.799999999999997600 ) ) ;
#979 = CARTESIAN_POINT ( 'NONE',  ( 0.0000000000000000000, 0.1000000000000000100, 1.800000000000001200 ) ) ;
#980 = AXIS2_PLACEMENT_3D ( 'NONE', #1731, #1323, #618 ) ;
#981 = FACE_BOUND ( 'NONE', #2296, .T. ) ;
#982 = EDGE_LOOP ( 'NONE', ( #214, #1438, #260, #1982 ) ) ;
#983 = VERTEX_POINT ( 'NONE', #1766 ) ;
#984 = DIRECTION ( 'NONE',  ( -0.0000000000000000000, -1.000000000000000000, -0.0000000000000000000 ) ) ;
#985 = CIRCLE ( 'NONE', #414, 0.2000000000000005100 ) ;
#986 = LINE ( 'NONE', #2093, #671 ) ;
#987 = CARTESIAN_POINT ( 'NONE',  ( 7.059243503495345400, 0.05925289524188776700, -8.798673450511245200 ) ) ;
#988 = EDGE_CURVE ( 'NONE', #1834, #334, #2297, .T. ) ;
#989 = ORIENTED_EDGE ( 'NONE', *, *, #1120, .F. ) ;
#990 = VERTEX_POINT ( 'NONE', #1763 ) ;
#991 = CIRCLE ( 'NONE', #1577, 0.2000000000000005100 ) ;
#992 = ORIENTED_EDGE ( 'NONE', *, *, #1958, .F. ) ;
#993 = VECTOR ( 'NONE', #1582, 1000.000000000000000 ) ;
#994 = ORIENTED_EDGE ( 'NONE', *, *, #1948, .F. ) ;
#995 = CARTESIAN_POINT ( 'NONE',  ( -7.500000000000000000, 4.000000000000000000, 5.899999999999999500 ) ) ;
#996 = LINE ( 'NONE', #1045, #465 ) ;
#997 = DIRECTION ( 'NONE',  ( -1.000000000000000000, 0.0000000000000000000, 0.0000000000000000000 ) ) ;
#998 = EDGE_CURVE ( 'NONE', #1996, #1846, #1911, .T. ) ;
#999 = PLANE ( 'NONE',  #247 ) ;
#1000 = CARTESIAN_POINT ( 'NONE',  ( 8.799999999999998900, 4.000000000000000000, -6.917157287525380800 ) ) ;
#1001 = STYLED_ITEM ( 'NONE', ( #2011 ), #351 ) ;
#1002 = AXIS2_PLACEMENT_3D ( 'NONE', #2216, #926, #23 ) ;
#1003 = VECTOR ( 'NONE', #907, 1000.000000000000000 ) ;
#1004 = CARTESIAN_POINT ( 'NONE',  ( 6.971249471705414500, 0.08196532890097540900, -8.999999999999996400 ) ) ;
#1005 = AXIS2_PLACEMENT_3D ( 'NONE', #548, #748, #741 ) ;
#1006 = DIRECTION ( 'NONE',  ( 1.119176436114069300E-016, 0.0000000000000000000, 1.000000000000000000 ) ) ;
#1007 = ORIENTED_EDGE ( 'NONE', *, *, #626, .F. ) ;
#1008 = VERTEX_POINT ( 'NONE', #860 ) ;
#1009 = EDGE_CURVE ( 'NONE', #1014, #2041, #1482, .T. ) ;
#1010 = EDGE_LOOP ( 'NONE', ( #1161, #2287, #849, #2275 ) ) ;
#1011 = DIRECTION ( 'NONE',  ( 1.119176436114069300E-016, 0.0000000000000000000, 1.000000000000000000 ) ) ;
#1012 = ORIENTED_EDGE ( 'NONE', *, *, #1494, .F. ) ;
#1013 = AXIS2_PLACEMENT_3D ( 'NONE', #1574, #2324, #489 ) ;
#1014 = VERTEX_POINT ( 'NONE', #123 ) ;
#1015 = CARTESIAN_POINT ( 'NONE',  ( 0.0000000000000000000, 4.100000000042047800, 1.799999999999997600 ) ) ;
#1016 = CYLINDRICAL_SURFACE ( 'NONE', #1872, 0.2000000000000005100 ) ;
#1017 = CARTESIAN_POINT ( 'NONE',  ( 9.000000000000000000, 0.2000000000000000100, -6.917157287525381700 ) ) ;
#1018 = ORIENTED_EDGE ( 'NONE', *, *, #973, .T. ) ;
#1019 = CARTESIAN_POINT ( 'NONE',  ( 7.499999999999999100, -17.41320343559642600, 7.500000000000000000 ) ) ;
#1020 = AXIS2_PLACEMENT_3D ( 'NONE', #2312, #839, #453 ) ;
#1021 = ORIENTED_EDGE ( 'NONE', *, *, #1106, .T. ) ;
#1022 = CARTESIAN_POINT ( 'NONE',  ( 6.999999999999999100, 4.000000000000000000, -9.000000000000001800 ) ) ;
#1023 = CARTESIAN_POINT ( 'NONE',  ( 1.836970198747204300E-016, 3.799999999999999800, 0.2999999999786244200 ) ) ;
#1024 =( NAMED_UNIT ( * ) SI_UNIT ( $, .STERADIAN. ) SOLID_ANGLE_UNIT ( ) );
#1025 = DIRECTION ( 'NONE',  ( 0.0000000000000000000, 0.0000000000000000000, -1.000000000000000000 ) ) ;
#1026 = EDGE_CURVE ( 'NONE', #2098, #424, #1342, .T. ) ;
#1027 = CARTESIAN_POINT ( 'NONE',  ( 8.500000000000000000, 0.0000000000000000000, -8.799999999999997200 ) ) ;
#1028 = DIRECTION ( 'NONE',  ( 0.0000000000000000000, 1.000000000000000000, 0.0000000000000000000 ) ) ;
#1029 = ORIENTED_EDGE ( 'NONE', *, *, #1882, .T. ) ;
#1030 = DIRECTION ( 'NONE',  ( 0.7071067811865475700, 0.0000000000000000000, 0.7071067811865475700 ) ) ;
#1031 = DIRECTION ( 'NONE',  ( -0.7071067811865474600, -0.0000000000000000000, -0.7071067811865474600 ) ) ;
#1032 = ORIENTED_EDGE ( 'NONE', *, *, #1784, .T. ) ;
#1033 = DIRECTION ( 'NONE',  ( 0.0000000000000000000, 1.000000000000000000, 0.0000000000000000000 ) ) ;
#1034 = AXIS2_PLACEMENT_3D ( 'NONE', #1591, #1400, #879 ) ;
#1035 = ORIENTED_EDGE ( 'NONE', *, *, #1814, .T. ) ;
#1036 = DIRECTION ( 'NONE',  ( -1.119176436114069300E-016, -0.0000000000000000000, -1.000000000000000000 ) ) ;
#1037 = LINE ( 'NONE', #1707, #2235 ) ;
#1038 = VECTOR ( 'NONE', #235, 1000.000000000000000 ) ;
#1039 = AXIS2_PLACEMENT_3D ( 'NONE', #1205, #316, #672 ) ;
#1040 = CARTESIAN_POINT ( 'NONE',  ( 0.0000000000000000000, 3.799999999999999800, 3.899999999999998100 ) ) ;
#1041 = CARTESIAN_POINT ( 'NONE',  ( -8.499999999999992900, 0.2000000000000001200, 9.000000000000000000 ) ) ;
#1042 = CARTESIAN_POINT ( 'NONE',  ( 6.917157287525379100, 4.000000000000000000, -8.800000000000002500 ) ) ;
#1043 = FACE_OUTER_BOUND ( 'NONE', #186, .T. ) ;
#1044 =( BOUNDED_SURFACE ( )  B_SPLINE_SURFACE ( 3, 3, ( 
 ( #1612, #1985, #1819, #2364 ),
 ( #718, #167, #1428, #2010 ),
 ( #895, #1067, #179, #902 ),
 ( #1596, #865, #1435, #1226 ) ),
 .UNSPECIFIED., .F., .F., .T. ) 
 B_SPLINE_SURFACE_WITH_KNOTS ( ( 4, 4 ),
 ( 4, 4 ),
 ( 0.0000000000000000000, 1.000000000000000000 ),
 ( 0.0000000000000000000, 1.000000000000000000 ),
 .UNSPECIFIED. ) 
 GEOMETRIC_REPRESENTATION_ITEM ( )  RATIONAL_B_SPLINE_SURFACE ( (
 ( 1.000000000000000000, 0.8047378541243649400, 0.8047378541243649400, 1.000000000000000000),
 ( 0.8047378541243649400, 0.6476030138606876400, 0.6476030138606876400, 0.8047378541243649400),
 ( 0.8047378541243649400, 0.6476030138606876400, 0.6476030138606876400, 0.8047378541243649400),
 ( 1.000000000000000000, 0.8047378541243649400, 0.8047378541243649400, 1.000000000000000000) ) ) 
 REPRESENTATION_ITEM ( '' )  SURFACE ( )  );
#1045 = CARTESIAN_POINT ( 'NONE',  ( 0.0000000000000000000, 3.799999999999999800, 7.500000000000000000 ) ) ;
#1046 = VERTEX_POINT ( 'NONE', #491 ) ;
#1047 = AXIS2_PLACEMENT_3D ( 'NONE', #30, #1297, #412 ) ;
#1048 = CARTESIAN_POINT ( 'NONE',  ( 8.800000000000000700, -8.809142651444723500E-017, 8.499999999999998200 ) ) ;
#1049 = EDGE_LOOP ( 'NONE', ( #487, #1315, #704, #949, #1527, #2373, #757, #1434 ) ) ;
#1050 = CARTESIAN_POINT ( 'NONE',  ( 8.800000000000000700, 0.2000000000000000900, 8.499999999999998200 ) ) ;
#1051 = AXIS2_PLACEMENT_3D ( 'NONE', #1113, #1283, #1664 ) ;
#1052 = ORIENTED_EDGE ( 'NONE', *, *, #2152, .F. ) ;
#1053 = PLANE ( 'NONE',  #1761 ) ;
#1054 = DIRECTION ( 'NONE',  ( -1.020425574104004500E-016, 0.0000000000000000000, -1.000000000000000000 ) ) ;
#1055 = EDGE_CURVE ( 'NONE', #1153, #857, #95, .T. ) ;
#1056 = CARTESIAN_POINT ( 'NONE',  ( -8.499999999999994700, 3.799999999999999800, -9.000000000000001800 ) ) ;
#1057 = DIRECTION ( 'NONE',  ( 0.0000000000000000000, -1.000000000000000000, 0.0000000000000000000 ) ) ;
#1058 = AXIS2_PLACEMENT_3D ( 'NONE', #965, #1143, #1697 ) ;
#1059 = CARTESIAN_POINT ( 'NONE',  ( 5.510910596163085200E-017, 0.1000000000000000100, 2.250000000000001300 ) ) ;
#1060 = ORIENTED_EDGE ( 'NONE', *, *, #2276, .T. ) ;
#1061 = ADVANCED_FACE ( 'NONE', ( #2358 ), #1391, .T. ) ;
#1062 = AXIS2_PLACEMENT_3D ( 'NONE', #536, #18, #915 ) ;
#1063 = FACE_BOUND ( 'NONE', #655, .T. ) ;
#1064 = DIRECTION ( 'NONE',  ( 0.0000000000000000000, 1.000000000000000000, 0.0000000000000000000 ) ) ;
#1065 = FILL_AREA_STYLE_COLOUR ( '', #1358 ) ;
#1066 = ORIENTED_EDGE ( 'NONE', *, *, #2288, .T. ) ;
#1067 = CARTESIAN_POINT ( 'NONE',  ( 8.792893218813450300, 3.917157287525380800, 8.999999999999998200 ) ) ;
#1068 = CIRCLE ( 'NONE', #400, 0.2000000000000005100 ) ;
#1069 = CARTESIAN_POINT ( 'NONE',  ( 0.0000000000000000000, -1.700000000000000000, 1.350000000000001600 ) ) ;
#1070 = ORIENTED_EDGE ( 'NONE', *, *, #591, .T. ) ;
#1071 = DIRECTION ( 'NONE',  ( 0.0000000000000000000, -1.000000000000000000, -0.0000000000000000000 ) ) ;
#1072 = DIRECTION ( 'NONE',  ( -1.173001647597373100E-014, 0.0000000000000000000, 1.000000000000000000 ) ) ;
#1073 = CLOSED_SHELL ( 'NONE', ( #2379, #1469, #751, #782 ) ) ;
#1074 = SURFACE_SIDE_STYLE ('',( #1719 ) ) ;
#1075 = EDGE_CURVE ( 'NONE', #2348, #2067, #1077, .T. ) ;
#1076 = ORIENTED_EDGE ( 'NONE', *, *, #956, .T. ) ;
#1077 = CIRCLE ( 'NONE', #1316, 0.2000000000000005100 ) ;
#1078 = ORIENTED_EDGE ( 'NONE', *, *, #1313, .T. ) ;
#1079 =( NAMED_UNIT ( * ) PLANE_ANGLE_UNIT ( ) SI_UNIT ( $, .RADIAN. ) );
#1080 = CARTESIAN_POINT ( 'NONE',  ( 9.000000000000003600, 4.000000000000000000, 8.499999999999998200 ) ) ;
#1081 = AXIS2_PLACEMENT_3D ( 'NONE', #469, #666, #1845 ) ;
#1082 = CARTESIAN_POINT ( 'NONE',  ( 0.0000000000000000000, 4.000000000075942800, 1.799999999999997600 ) ) ;
#1083 = CARTESIAN_POINT ( 'NONE',  ( -8.500000000000000000, 3.799999999999999800, -8.799999999999997200 ) ) ;
#1084 = MANIFOLD_SOLID_BREP ( 'NONE', #1073 ) ;
#1085 = EDGE_CURVE ( 'NONE', #1977, #26, #739, .T. ) ;
#1086 = ORIENTED_EDGE ( 'NONE', *, *, #1862, .F. ) ;
#1087 = AXIS2_PLACEMENT_3D ( 'NONE', #1716, #1151, #794 ) ;
#1088 =( LENGTH_UNIT ( ) NAMED_UNIT ( * ) SI_UNIT ( .MILLI., .METRE. ) );
#1089 = VECTOR ( 'NONE', #583, 1000.000000000000000 ) ;
#1090 = ORIENTED_EDGE ( 'NONE', *, *, #1962, .F. ) ;
#1091 = DIRECTION ( 'NONE',  ( -0.0000000000000000000, -1.000000000000000000, -0.0000000000000000000 ) ) ;
#1092 = FILL_AREA_STYLE_COLOUR ( '', #422 ) ;
#1093 = VERTEX_POINT ( 'NONE', #304 ) ;
#1094 = CARTESIAN_POINT ( 'NONE',  ( -8.999999999999998200, 4.000000000000000000, 8.499999999999994700 ) ) ;
#1095 = LINE ( 'NONE', #507, #2174 ) ;
#1096 = MECHANICAL_DESIGN_GEOMETRIC_PRESENTATION_REPRESENTATION (  '', ( #1352 ), #575 ) ;
#1097 = VERTEX_POINT ( 'NONE', #330 ) ;
#1098 = ADVANCED_FACE ( 'NONE', ( #572 ), #1969, .T. ) ;
#1099 = FACE_OUTER_BOUND ( 'NONE', #1209, .T. ) ;
#1100 = PLANE ( 'NONE',  #1798 ) ;
#1101 = EDGE_LOOP ( 'NONE', ( #373, #1913, #454, #1070 ) ) ;
#1102 = VECTOR ( 'NONE', #1011, 1000.000000000000000 ) ;
#1103 = PLANE ( 'NONE',  #1178 ) ;
#1104 = VECTOR ( 'NONE', #1218, 999.9999999999998900 ) ;
#1105 = ORIENTED_EDGE ( 'NONE', *, *, #1322, .F. ) ;
#1106 = EDGE_CURVE ( 'NONE', #990, #1695, #5, .T. ) ;
#1107 = CYLINDRICAL_SURFACE ( 'NONE', #719, 0.4499999999999996800 ) ;
#1108 = CLOSED_SHELL ( 'NONE', ( #1993, #1485, #196, #212, #2078, #2260, #2040, #428, #292, #1661 ) ) ;
#1109 = CARTESIAN_POINT ( 'NONE',  ( -8.799999999999998900, 8.131516293641283300E-017, -8.499999999999996400 ) ) ;
#1110 = PRESENTATION_LAYER_ASSIGNMENT (  '', '', ( #1952 ) ) ;
#1111 = ORIENTED_EDGE ( 'NONE', *, *, #1814, .F. ) ;
#1112 = DIRECTION ( 'NONE',  ( 1.000000000000000000, 7.744301232039317900E-017, 0.0000000000000000000 ) ) ;
#1113 = CARTESIAN_POINT ( 'NONE',  ( 0.0000000000000000000, 3.799999999999999800, 1.799999999999997600 ) ) ;
#1114 = CARTESIAN_POINT ( 'NONE',  ( -8.792893218813453900, 0.08284271247461827400, -9.000000000000000000 ) ) ;
#1115 = EDGE_CURVE ( 'NONE', #990, #1620, #2068, .T. ) ;
#1116 = PRODUCT_DEFINITION_FORMATION_WITH_SPECIFIED_SOURCE ( 'ANY', '', #459, .NOT_KNOWN. ) ;
#1117 = DIRECTION ( 'NONE',  ( -0.0000000000000000000, -1.000000000000000000, -0.0000000000000000000 ) ) ;
#1118 = DIRECTION ( 'NONE',  ( 0.0000000000000000000, -1.000000000000000000, 0.0000000000000000000 ) ) ;
#1119 = CARTESIAN_POINT ( 'NONE',  ( -8.499999999999992900, 0.2000000000000000900, 9.000000000000001800 ) ) ;
#1120 = EDGE_CURVE ( 'NONE', #1956, #1303, #1599, .T. ) ;
#1121 = DIRECTION ( 'NONE',  ( 1.000000000000000000, 0.0000000000000000000, -1.020425574104004700E-016 ) ) ;
#1122 = ORIENTED_EDGE ( 'NONE', *, *, #1885, .F. ) ;
#1123 = AXIS2_PLACEMENT_3D ( 'NONE', #2279, #58, #80 ) ;
#1124 = ORIENTED_EDGE ( 'NONE', *, *, #852, .F. ) ;
#1125 = FACE_OUTER_BOUND ( 'NONE', #2008, .T. ) ;
#1126 = CARTESIAN_POINT ( 'NONE',  ( -8.499999999999992900, 4.000000000000000000, 8.800000000000000700 ) ) ;
#1127 = ORIENTED_EDGE ( 'NONE', *, *, #350, .T. ) ;
#1128 = CARTESIAN_POINT ( 'NONE',  ( 8.500000000000000000, 4.000000000000000000, 8.799999999999998900 ) ) ;
#1129 = FACE_OUTER_BOUND ( 'NONE', #1957, .T. ) ;
#1130 = FACE_OUTER_BOUND ( 'NONE', #1173, .T. ) ;
#1131 = ADVANCED_FACE ( 'NONE', ( #1995 ), #2042, .T. ) ;
#1132 = LINE ( 'NONE', #222, #2380 ) ;
#1133 = CARTESIAN_POINT ( 'NONE',  ( 0.0000000000000000000, 0.09999999999999982500, 1.799999999999997600 ) ) ;
#1134 = ORIENTED_EDGE ( 'NONE', *, *, #1251, .T. ) ;
#1135 = CARTESIAN_POINT ( 'NONE',  ( -8.499999999999992900, 0.2000000000000000900, 8.799999999999998900 ) ) ;
#1136 = EDGE_CURVE ( 'NONE', #2332, #1334, #1539, .T. ) ;
#1137 = DIRECTION ( 'NONE',  ( 0.0000000000000000000, 0.0000000000000000000, -1.000000000000000000 ) ) ;
#1138 = ORIENTED_EDGE ( 'NONE', *, *, #79, .F. ) ;
#1139 = DIRECTION ( 'NONE',  ( -0.7071067811865477900, 0.0000000000000000000, -0.7071067811865473500 ) ) ;
#1140 = CARTESIAN_POINT ( 'NONE',  ( 9.000000000000000000, 3.800000000000000300, -7.035191958624402300 ) ) ;
#1141 = AXIS2_PLACEMENT_3D ( 'NONE', #1895, #747, #2229 ) ;
#1142 = DIRECTION ( 'NONE',  ( -0.0000000000000000000, 1.000000000000000000, -0.0000000000000000000 ) ) ;
#1143 = DIRECTION ( 'NONE',  ( -0.0000000000000000000, -1.000000000000000000, -0.0000000000000000000 ) ) ;
#1144 = DIRECTION ( 'NONE',  ( 0.0000000000000000000, -1.000000000000000000, 0.0000000000000000000 ) ) ;
#1145 = CARTESIAN_POINT ( 'NONE',  ( 8.798115072313368800, 3.999991117421792400, -7.034309371756914500 ) ) ;
#1146 = VERTEX_POINT ( 'NONE', #1040 ) ;
#1147 = CARTESIAN_POINT ( 'NONE',  ( 0.0000000000000000000, 4.000000000000000000, 1.799999999999997600 ) ) ;
#1148 = ORIENTED_EDGE ( 'NONE', *, *, #998, .T. ) ;
#1149 = DIRECTION ( 'NONE',  ( 0.7071067811865474600, 0.0000000000000000000, -0.7071067811865474600 ) ) ;
#1150 = DIRECTION ( 'NONE',  ( -0.0000000000000000000, -1.000000000000000000, 0.0000000000000000000 ) ) ;
#1151 = DIRECTION ( 'NONE',  ( 0.0000000000000000000, 1.000000000000000000, 0.0000000000000000000 ) ) ;
#1152 = VECTOR ( 'NONE', #715, 1000.000000000000000 ) ;
#1153 = VERTEX_POINT ( 'NONE', #503 ) ;
#1154 = EDGE_CURVE ( 'NONE', #1097, #129, #402, .T. ) ;
#1155 = ORIENTED_EDGE ( 'NONE', *, *, #16, .T. ) ;
#1156 = VECTOR ( 'NONE', #107, 1000.000000000000000 ) ;
#1157 = AXIS2_PLACEMENT_3D ( 'NONE', #1597, #1410, #346 ) ;
#1158 = EDGE_LOOP ( 'NONE', ( #2361, #1512 ) ) ;
#1159 = DIRECTION ( 'NONE',  ( 0.0000000000000000000, 0.0000000000000000000, 1.000000000000000000 ) ) ;
#1160 = CARTESIAN_POINT ( 'NONE',  ( 9.000000000000001800, 4.000000000000000000, -6.917157287525380800 ) ) ;
#1161 = ORIENTED_EDGE ( 'NONE', *, *, #473, .F. ) ;
#1162 = CIRCLE ( 'NONE', #1005, 0.7290000000000000900 ) ;
#1163 = ADVANCED_FACE ( 'NONE', ( #1780, #1569 ), #365, .F. ) ;
#1164 = ORIENTED_EDGE ( 'NONE', *, *, #1440, .T. ) ;
#1165 =( BOUNDED_CURVE ( )  B_SPLINE_CURVE ( 3, ( #1126, #601, #972, #1897 ),
 .UNSPECIFIED., .F., .T. ) 
 B_SPLINE_CURVE_WITH_KNOTS ( ( 4, 4 ),
 ( 0.0000000000000000000, 1.000000000000000000 ),
 .UNSPECIFIED. ) 
 CURVE ( )  GEOMETRIC_REPRESENTATION_ITEM ( )  RATIONAL_B_SPLINE_CURVE ( ( 1.000000000000000000, 0.8047378541243637200, 0.8047378541243637200, 1.000000000000000000 ) ) 
 REPRESENTATION_ITEM ( '' )  );
#1166 = LINE ( 'NONE', #780, #2099 ) ;
#1167 = LINE ( 'NONE', #2096, #1371 ) ;
#1168 = EDGE_CURVE ( 'NONE', #359, #990, #2326, .T. ) ;
#1169 = EDGE_LOOP ( 'NONE', ( #569, #227, #1483, #1875 ) ) ;
#1170 = AXIS2_PLACEMENT_3D ( 'NONE', #460, #644, #2110 ) ;
#1171 = VECTOR ( 'NONE', #1365, 1000.000000000000000 ) ;
#1172 = CARTESIAN_POINT ( 'NONE',  ( 8.800000000000000700, 4.000000000000000000, 8.499999999999998200 ) ) ;
#1173 = EDGE_LOOP ( 'NONE', ( #1029, #1467, #278, #2055 ) ) ;
#1174 =( LENGTH_UNIT ( ) NAMED_UNIT ( * ) SI_UNIT ( .MILLI., .METRE. ) );
#1175 = ORIENTED_EDGE ( 'NONE', *, *, #1289, .F. ) ;
#1176 = AXIS2_PLACEMENT_3D ( 'NONE', #1856, #361, #731 ) ;
#1177 = DIRECTION ( 'NONE',  ( 0.0000000000000000000, 0.0000000000000000000, 1.000000000000000000 ) ) ;
#1178 = AXIS2_PLACEMENT_3D ( 'NONE', #2056, #759, #42 ) ;
#1179 = CARTESIAN_POINT ( 'NONE',  ( 0.0000000000000000000, 3.799999999999999800, 3.300000000021370700 ) ) ;
#1180 = DIRECTION ( 'NONE',  ( 0.0000000000000000000, 0.0000000000000000000, 1.000000000000000000 ) ) ;
#1181 = ORIENTED_EDGE ( 'NONE', *, *, #2180, .T. ) ;
#1182 = CYLINDRICAL_SURFACE ( 'NONE', #1853, 1.500000000021373300 ) ;
#1183 = FACE_OUTER_BOUND ( 'NONE', #2209, .T. ) ;
#1184 = AXIS2_PLACEMENT_3D ( 'NONE', #1270, #750, #1288 ) ;
#1185 = FILL_AREA_STYLE ('',( #634 ) ) ;
#1186 = ORIENTED_EDGE ( 'NONE', *, *, #268, .T. ) ;
#1187 = CARTESIAN_POINT ( 'NONE',  ( 0.0000000000000000000, 4.000000000000000000, 0.0000000000000000000 ) ) ;
#1188 = FACE_OUTER_BOUND ( 'NONE', #407, .T. ) ;
#1189 = ORIENTED_EDGE ( 'NONE', *, *, #1120, .T. ) ;
#1190 = ORIENTED_EDGE ( 'NONE', *, *, #2197, .T. ) ;
#1191 = PLANE ( 'NONE',  #1170 ) ;
#1192 = VECTOR ( 'NONE', #2178, 1000.000000000000000 ) ;
#1193 = FACE_OUTER_BOUND ( 'NONE', #737, .T. ) ;
#1194 = FILL_AREA_STYLE ('',( #486 ) ) ;
#1195 = FACE_OUTER_BOUND ( 'NONE', #1529, .T. ) ;
#1196 = DIRECTION ( 'NONE',  ( -1.000000000000000000, 0.0000000000000000000, 1.020425574104004500E-016 ) ) ;
#1197 = ORIENTED_EDGE ( 'NONE', *, *, #322, .F. ) ;
#1198 = DIRECTION ( 'NONE',  ( -1.000000000000000000, -0.0000000000000000000, 0.0000000000000000000 ) ) ;
#1199 = DIRECTION ( 'NONE',  ( 0.0000000000000000000, 0.0000000000000000000, 1.000000000000000000 ) ) ;
#1200 = EDGE_CURVE ( 'NONE', #1046, #415, #1844, .T. ) ;
#1201 = DIRECTION ( 'NONE',  ( 0.0000000000000000000, 0.0000000000000000000, 1.000000000000000000 ) ) ;
#1202 = AXIS2_PLACEMENT_3D ( 'NONE', #1500, #2054, #1679 ) ;
#1203 = CARTESIAN_POINT ( 'NONE',  ( -8.917157287525379100, 4.000000000000000000, 8.499999999999998200 ) ) ;
#1204 = CARTESIAN_POINT ( 'NONE',  ( -7.500000000000000000, 4.000000000000000000, 5.899999999999999500 ) ) ;
#1205 = CARTESIAN_POINT ( 'NONE',  ( 8.500000000000000000, 0.0000000000000000000, 8.499999999999998200 ) ) ;
#1206 = EDGE_LOOP ( 'NONE', ( #1181, #964, #645, #1052 ) ) ;
#1207 = ORIENTED_EDGE ( 'NONE', *, *, #608, .T. ) ;
#1208 = DIRECTION ( 'NONE',  ( -0.0000000000000000000, -0.0000000000000000000, -1.000000000000000000 ) ) ;
#1209 = EDGE_LOOP ( 'NONE', ( #534, #141, #1262, #1601 ) ) ;
#1210 = EDGE_CURVE ( 'NONE', #504, #1999, #770, .T. ) ;
#1211 = CARTESIAN_POINT ( 'NONE',  ( 9.000000000000000000, 0.1308568905004406900, -7.035191958624403200 ) ) ;
#1212 = CYLINDRICAL_SURFACE ( 'NONE', #2376, 1.399999999999999900 ) ;
#1213 = DIRECTION ( 'NONE',  ( -1.060575238724908300E-016, -0.4999999999999979500, -0.8660254037844397100 ) ) ;
#1214 = CARTESIAN_POINT ( 'NONE',  ( 8.500000000000000000, 4.000000000000000000, 8.499999999999998200 ) ) ;
#1215 = ORIENTED_EDGE ( 'NONE', *, *, #1341, .F. ) ;
#1216 = FACE_BOUND ( 'NONE', #620, .T. ) ;
#1217 = EDGE_LOOP ( 'NONE', ( #1164, #1898, #1060, #1570 ) ) ;
#1218 = DIRECTION ( 'NONE',  ( -0.7071067811865477900, 0.0000000000000000000, -0.7071067811865473500 ) ) ;
#1219 = FACE_BOUND ( 'NONE', #199, .T. ) ;
#1220 = ORIENTED_EDGE ( 'NONE', *, *, #1791, .T. ) ;
#1221 = ORIENTED_EDGE ( 'NONE', *, *, #1106, .F. ) ;
#1222 = CARTESIAN_POINT ( 'NONE',  ( 0.0000000000000000000, 0.2000000000000000100, 1.350000000000001600 ) ) ;
#1223 = ORIENTED_EDGE ( 'NONE', *, *, #1823, .T. ) ;
#1224 = EDGE_CURVE ( 'NONE', #1545, #1473, #238, .T. ) ;
#1225 = CARTESIAN_POINT ( 'NONE',  ( -8.792893218813453900, 3.800000000000000300, 9.000000000000001800 ) ) ;
#1226 = CARTESIAN_POINT ( 'NONE',  ( 9.000000000000000000, 3.799999999999999800, 8.499999999999996400 ) ) ;
#1227 = EDGE_CURVE ( 'NONE', #630, #1146, #1807, .T. ) ;
#1228 = PLANE ( 'NONE',  #1157 ) ;
#1229 = ADVANCED_FACE ( 'NONE', ( #1311 ), #830, .T. ) ;
#1230 = AXIS2_PLACEMENT_3D ( 'NONE', #2024, #1454, #165 ) ;
#1231 = DIRECTION ( 'NONE',  ( 0.0000000000000000000, 0.0000000000000000000, 1.000000000000000000 ) ) ;
#1232 = LINE ( 'NONE', #1306, #753 ) ;
#1233 = ORIENTED_EDGE ( 'NONE', *, *, #1397, .T. ) ;
#1234 = CARTESIAN_POINT ( 'NONE',  ( -8.999999999999998200, 0.2000000000000000900, 8.499999999999992900 ) ) ;
#1235 = ORIENTED_EDGE ( 'NONE', *, *, #72, .F. ) ;
#1236 = FACE_OUTER_BOUND ( 'NONE', #1732, .T. ) ;
#1237 = FACE_OUTER_BOUND ( 'NONE', #472, .T. ) ;
#1238 = ORIENTED_EDGE ( 'NONE', *, *, #176, .F. ) ;
#1239 = DIRECTION ( 'NONE',  ( -0.0000000000000000000, -0.0000000000000000000, -1.000000000000000000 ) ) ;
#1240 = EDGE_CURVE ( 'NONE', #680, #1245, #710, .T. ) ;
#1241 = ORIENTED_EDGE ( 'NONE', *, *, #427, .F. ) ;
#1242 = CARTESIAN_POINT ( 'NONE',  ( -8.999999999999998200, 3.799999999999999800, 8.499999999999994700 ) ) ;
#1243 = VERTEX_POINT ( 'NONE', #550 ) ;
#1244 = CARTESIAN_POINT ( 'NONE',  ( 6.917157287525380800, 4.000000000000000000, -8.799999999999998900 ) ) ;
#1245 = VERTEX_POINT ( 'NONE', #1836 ) ;
#1246 = SURFACE_STYLE_USAGE ( .BOTH. , #185 ) ;
#1247 = ORIENTED_EDGE ( 'NONE', *, *, #16, .F. ) ;
#1248 = CARTESIAN_POINT ( 'NONE',  ( -5.899999999999998600, -17.41320343559642600, 7.500000000000000000 ) ) ;
#1249 = DIRECTION ( 'NONE',  ( 0.0000000000000000000, 0.0000000000000000000, -1.000000000000000000 ) ) ;
#1250 = CARTESIAN_POINT ( 'NONE',  ( 5.899999999999998600, -17.41320343559642600, -7.499999999999999100 ) ) ;
#1251 = EDGE_CURVE ( 'NONE', #294, #1008, #2124, .T. ) ;
#1252 = ADVANCED_FACE ( 'NONE', ( #1696 ), #1892, .T. ) ;
#1253 = CARTESIAN_POINT ( 'NONE',  ( 8.500000000000000000, 0.0000000000000000000, 8.499999999999998200 ) ) ;
#1254 =( LENGTH_UNIT ( ) NAMED_UNIT ( * ) SI_UNIT ( .MILLI., .METRE. ) );
#1255 = AXIS2_PLACEMENT_3D ( 'NONE', #963, #1327, #790 ) ;
#1256 = CARTESIAN_POINT ( 'NONE',  ( 7.499999999999999100, 3.799999999999999800, 0.0000000000000000000 ) ) ;
#1257 = ORIENTED_EDGE ( 'NONE', *, *, #2304, .T. ) ;
#1258 = AXIS2_PLACEMENT_3D ( 'NONE', #2259, #1890, #1351 ) ;
#1259 =( BOUNDED_SURFACE ( )  B_SPLINE_SURFACE ( 3, 3, ( 
 ( #579, #2257, #766, #396 ),
 ( #1463, #2225, #568, #749 ),
 ( #2064, #1874, #21, #215 ),
 ( #941, #1357, #1709, #259 ) ),
 .UNSPECIFIED., .F., .F., .F. ) 
 B_SPLINE_SURFACE_WITH_KNOTS ( ( 4, 4 ),
 ( 4, 4 ),
 ( 0.0000000000000000000, 1.000000000000000000 ),
 ( 0.0000000000000000000, 1.000000000000000000 ),
 .UNSPECIFIED. ) 
 GEOMETRIC_REPRESENTATION_ITEM ( )  RATIONAL_B_SPLINE_SURFACE ( (
 ( 1.000000000000000000, 0.8025111867385978900, 0.8025111867385978900, 1.000000000000000000),
 ( 0.9486501948152634700, 0.7613023936409991600, 0.7613023936409991600, 0.9486501948152634700),
 ( 0.9486501948152634700, 0.7613023936409991600, 0.7613023936409991600, 0.9486501948152634700),
 ( 1.000000000000000000, 0.8025111867385978900, 0.8025111867385978900, 1.000000000000000000) ) ) 
 REPRESENTATION_ITEM ( '' )  SURFACE ( )  );
#1260 = DIRECTION ( 'NONE',  ( -1.000000000000000000, -0.0000000000000000000, 0.0000000000000000000 ) ) ;
#1261 = CARTESIAN_POINT ( 'NONE',  ( -8.675735931288072000, 4.000000000000000000, -8.799999999999995400 ) ) ;
#1262 = ORIENTED_EDGE ( 'NONE', *, *, #2317, .F. ) ;
#1263 = PRESENTATION_STYLE_ASSIGNMENT (( #1804 ) ) ;
#1264 = PRESENTATION_LAYER_ASSIGNMENT (  '', '', ( #1352 ) ) ;
#1265 = CARTESIAN_POINT ( 'NONE',  ( -5.899999999999998600, 4.000000000000000000, 7.500000000000000000 ) ) ;
#1266 = ORIENTED_EDGE ( 'NONE', *, *, #14, .T. ) ;
#1267 = LINE ( 'NONE', #1515, #760 ) ;
#1268 = ORIENTED_EDGE ( 'NONE', *, *, #411, .F. ) ;
#1269 = CARTESIAN_POINT ( 'NONE',  ( 0.0000000000000000000, 4.100000000042047800, 1.799999999999997600 ) ) ;
#1270 = CARTESIAN_POINT ( 'NONE',  ( 8.799999999999998900, 0.2000000000000000900, -6.917157287525380800 ) ) ;
#1271 = AXIS2_PLACEMENT_3D ( 'NONE', #1133, #1548, #1586 ) ;
#1272 = VERTEX_POINT ( 'NONE', #218 ) ;
#1273 = LINE ( 'NONE', #277, #2021 ) ;
#1274 = EDGE_CURVE ( 'NONE', #1097, #1406, #344, .T. ) ;
#1275 = VERTEX_POINT ( 'NONE', #375 ) ;
#1276 = CIRCLE ( 'NONE', #2143, 0.4499999999999996800 ) ;
#1277 = VERTEX_POINT ( 'NONE', #948 ) ;
#1278 = CARTESIAN_POINT ( 'NONE',  ( -8.675735931288072000, 8.131516293641282000E-017, -8.799999999999995400 ) ) ;
#1279 = CARTESIAN_POINT ( 'NONE',  ( 0.0000000000000000000, 3.799999999999999800, 1.799999999999997600 ) ) ;
#1280 = CIRCLE ( 'NONE', #1496, 0.2000000000000005100 ) ;
#1281 = CARTESIAN_POINT ( 'NONE',  ( 8.941421356237308200, 3.799999999999999800, -7.058578643762691000 ) ) ;
#1282 = ORIENTED_EDGE ( 'NONE', *, *, #626, .T. ) ;
#1283 = DIRECTION ( 'NONE',  ( 0.0000000000000000000, 1.000000000000000000, 0.0000000000000000000 ) ) ;
#1284 = CARTESIAN_POINT ( 'NONE',  ( -8.799999999999998900, 8.131516293641285700E-017, 8.675735931288068400 ) ) ;
#1285 = CARTESIAN_POINT ( 'NONE',  ( -8.744365081389592100, 8.848897779465003300E-017, 8.917157287525384400 ) ) ;
#1286 = AXIS2_PLACEMENT_3D ( 'NONE', #605, #2251, #1730 ) ;
#1287 = ADVANCED_FACE ( 'NONE', ( #2245 ), #1103, .F. ) ;
#1288 = DIRECTION ( 'NONE',  ( -0.7071067811865474600, 0.0000000000000000000, 0.7071067811865474600 ) ) ;
#1289 = EDGE_CURVE ( 'NONE', #934, #2098, #315, .T. ) ;
#1290 = DIRECTION ( 'NONE',  ( -7.289124377473104600E-015, 0.0000000000000000000, 1.000000000000000000 ) ) ;
#1291 = DIRECTION ( 'NONE',  ( -1.000000000000000000, 0.0000000000000000000, 0.0000000000000000000 ) ) ;
#1292 = DIRECTION ( 'NONE',  ( 0.0000000000000000000, -1.000000000000000000, 0.0000000000000000000 ) ) ;
#1293 = VECTOR ( 'NONE', #164, 1000.000000000000000 ) ;
#1294 = UNCERTAINTY_MEASURE_WITH_UNIT (LENGTH_MEASURE( 1.000000000000000100E-005 ), #282, 'distance_accuracy_value', 'NONE');
#1295 = ORIENTED_EDGE ( 'NONE', *, *, #370, .T. ) ;
#1296 = CARTESIAN_POINT ( 'NONE',  ( 0.0000000000000000000, 3.799999999999999800, 3.899999999999998100 ) ) ;
#1297 = DIRECTION ( 'NONE',  ( 0.0000000000000000000, 1.000000000000000000, 0.0000000000000000000 ) ) ;
#1298 = AXIS2_PLACEMENT_3D ( 'NONE', #1865, #1290, #1310 ) ;
#1299 = CARTESIAN_POINT ( 'NONE',  ( 8.675735931288073700, 8.131516293641285700E-017, 8.799999999999998900 ) ) ;
#1300 = ORIENTED_EDGE ( 'NONE', *, *, #191, .F. ) ;
#1301 = CARTESIAN_POINT ( 'NONE',  ( 9.000000000000000000, 3.799999999999999800, -6.917157287525380800 ) ) ;
#1302 = VECTOR ( 'NONE', #1321, 1000.000000000000000 ) ;
#1303 = VERTEX_POINT ( 'NONE', #555 ) ;
#1304 = FACE_OUTER_BOUND ( 'NONE', #20, .T. ) ;
#1305 = CARTESIAN_POINT ( 'NONE',  ( 5.899999999999998600, 4.000000000000000000, -7.499999999999999100 ) ) ;
#1306 = CARTESIAN_POINT ( 'NONE',  ( 8.941421356237309900, 4.000000000000000000, -7.058578643762690100 ) ) ;
#1307 = ORIENTED_EDGE ( 'NONE', *, *, #1571, .T. ) ;
#1308 = CYLINDRICAL_SURFACE ( 'NONE', #980, 0.4499999999999996800 ) ;
#1309 = ADVANCED_FACE ( 'NONE', ( #2322 ), #2122, .F. ) ;
#1310 = DIRECTION ( 'NONE',  ( -1.000000000000000000, 0.0000000000000000000, -8.673617379884013400E-015 ) ) ;
#1311 = FACE_OUTER_BOUND ( 'NONE', #789, .T. ) ;
#1312 = EDGE_LOOP ( 'NONE', ( #1521, #2273, #1266, #1888 ) ) ;
#1313 = EDGE_CURVE ( 'NONE', #22, #2067, #1132, .T. ) ;
#1314 = LINE ( 'NONE', #180, #833 ) ;
#1315 = ORIENTED_EDGE ( 'NONE', *, *, #970, .F. ) ;
#1316 = AXIS2_PLACEMENT_3D ( 'NONE', #1393, #2343, #917 ) ;
#1317 = DIRECTION ( 'NONE',  ( 0.0000000000000000000, 0.0000000000000000000, -1.000000000000000000 ) ) ;
#1318 = CARTESIAN_POINT ( 'NONE',  ( 8.916144501151402200, 4.001103551519475100, -6.917157287525377300 ) ) ;
#1319 = AXIS2_PLACEMENT_3D ( 'NONE', #1964, #127, #1556 ) ;
#1320 = DIRECTION ( 'NONE',  ( -0.0000000000000000000, 0.0000000000000000000, -1.000000000000000000 ) ) ;
#1321 = DIRECTION ( 'NONE',  ( -0.0000000000000000000, -1.000000000000000000, -0.0000000000000000000 ) ) ;
#1322 = EDGE_CURVE ( 'NONE', #510, #1963, #1905, .T. ) ;
#1323 = DIRECTION ( 'NONE',  ( 0.0000000000000000000, -1.000000000000000000, 0.0000000000000000000 ) ) ;
#1324 = ADVANCED_FACE ( 'NONE', ( #1193 ), #207, .F. ) ;
#1325 = EDGE_LOOP ( 'NONE', ( #1782, #642 ) ) ;
#1326 = CIRCLE ( 'NONE', #1184, 0.2000000000000002900 ) ;
#1327 = DIRECTION ( 'NONE',  ( 0.0000000000000000000, -1.000000000000000000, 0.0000000000000000000 ) ) ;
#1328 = CARTESIAN_POINT ( 'NONE',  ( 8.927675165784206100E-017, 0.1000000000000000100, 2.529000000000001200 ) ) ;
#1329 = CARTESIAN_POINT ( 'NONE',  ( -8.500000000000000000, 4.000000000000000000, -8.799999999999997200 ) ) ;
#1330 = ORIENTED_EDGE ( 'NONE', *, *, #1055, .F. ) ;
#1331 = PLANE ( 'NONE',  #1886 ) ;
#1332 = FACE_OUTER_BOUND ( 'NONE', #846, .T. ) ;
#1333 = ADVANCED_FACE ( 'NONE', ( #261 ), #374, .T. ) ;
#1334 = VERTEX_POINT ( 'NONE', #34 ) ;
#1335 = EDGE_LOOP ( 'NONE', ( #1904, #200 ) ) ;
#1336 = EDGE_CURVE ( 'NONE', #113, #1394, #209, .T. ) ;
#1337 = CYLINDRICAL_SURFACE ( 'NONE', #1034, 2.100000000000000100 ) ;
#1338 = DIRECTION ( 'NONE',  ( -1.000000000000000000, 0.0000000000000000000, 0.0000000000000000000 ) ) ;
#1339 = ORIENTED_EDGE ( 'NONE', *, *, #45, .T. ) ;
#1340 = DIRECTION ( 'NONE',  ( -0.0000000000000000000, 1.000000000000000000, -0.0000000000000000000 ) ) ;
#1341 = EDGE_CURVE ( 'NONE', #1303, #1956, #94, .T. ) ;
#1342 = CIRCLE ( 'NONE', #831, 1.326794919239730600 ) ;
#1343 = VERTEX_POINT ( 'NONE', #1476 ) ;
#1344 = CARTESIAN_POINT ( 'NONE',  ( 9.000000000000000000, 3.918034671099022600, -6.986300397024940900 ) ) ;
#1345 = LINE ( 'NONE', #1160, #1738 ) ;
#1346 = UNCERTAINTY_MEASURE_WITH_UNIT (LENGTH_MEASURE( 1.000000000000000100E-005 ), #1174, 'distance_accuracy_value', 'NONE');
#1347 = PRODUCT_DEFINITION_SHAPE ( 'NONE', 'NONE',  #882 ) ;
#1348 = CARTESIAN_POINT ( 'NONE',  ( 9.184850993736022900E-017, 4.000000000044805900, 3.300000000021370700 ) ) ;
#1349 = DIRECTION ( 'NONE',  ( 0.7071067811865477900, 0.0000000000000000000, 0.7071067811865473500 ) ) ;
#1350 = CARTESIAN_POINT ( 'NONE',  ( 7.021175221205958800, 0.02082583315615259600, -8.798311273259697500 ) ) ;
#1351 = DIRECTION ( 'NONE',  ( 0.0000000000000000000, 0.0000000000000000000, 1.000000000000000000 ) ) ;
#1352 = STYLED_ITEM ( 'NONE', ( #968 ), #1549 ) ;
#1353 = VERTEX_POINT ( 'NONE', #1692 ) ;
#1354 = DIRECTION ( 'NONE',  ( 1.000000000000000000, -0.0000000000000000000, 0.0000000000000000000 ) ) ;
#1355 = EDGE_CURVE ( 'NONE', #1471, #129, #1734, .T. ) ;
#1356 = ORIENTED_EDGE ( 'NONE', *, *, #1784, .F. ) ;
#1357 = CARTESIAN_POINT ( 'NONE',  ( 6.917157287525378200, 3.918034671099019900, -8.999999999999998200 ) ) ;
#1358 = COLOUR_RGB ( '',0.2509803921568627400, 0.2509803921568627400, 0.2509803921568627400 ) ;
#1359 = CARTESIAN_POINT ( 'NONE',  ( -7.500000000000000000, 4.000000000000000000, -7.500000000000001800 ) ) ;
#1360 = EDGE_LOOP ( 'NONE', ( #967, #632, #1743, #1233 ) ) ;
#1361 = DIRECTION ( 'NONE',  ( 0.0000000000000000000, -0.0000000000000000000, 1.000000000000000000 ) ) ;
#1362 = ORIENTED_EDGE ( 'NONE', *, *, #1648, .F. ) ;
#1363 = CIRCLE ( 'NONE', #1607, 0.2000000000000005100 ) ;
#1364 = PLANE ( 'NONE',  #134 ) ;
#1365 = DIRECTION ( 'NONE',  ( -1.000000000000000000, -0.0000000000000000000, 0.0000000000000000000 ) ) ;
#1366 = ORIENTED_EDGE ( 'NONE', *, *, #162, .F. ) ;
#1367 = CARTESIAN_POINT ( 'NONE',  ( 6.971249471705415400, 0.1999999999999970400, -8.999999999999996400 ) ) ;
#1368 = SURFACE_STYLE_USAGE ( .BOTH. , #2292 ) ;
#1369 = DIRECTION ( 'NONE',  ( 0.0000000000000000000, 0.0000000000000000000, -1.000000000000000000 ) ) ;
#1370 = FACE_OUTER_BOUND ( 'NONE', #153, .T. ) ;
#1371 = VECTOR ( 'NONE', #446, 1000.000000000000000 ) ;
#1372 = VERTEX_POINT ( 'NONE', #2227 ) ;
#1373 = LINE ( 'NONE', #1402, #2301 ) ;
#1374 = EDGE_LOOP ( 'NONE', ( #2125, #1127, #2221, #1757 ) ) ;
#1375 = CARTESIAN_POINT ( 'NONE',  ( -7.500000000000000000, 3.799999999999999800, 5.899999999999999500 ) ) ;
#1376 = EDGE_CURVE ( 'NONE', #518, #1353, #211, .T. ) ;
#1377 = AXIS2_PLACEMENT_3D ( 'NONE', #249, #984, #275 ) ;
#1378 = CARTESIAN_POINT ( 'NONE',  ( 7.059243503495345400, 0.1169311195795471700, -8.940753356021577500 ) ) ;
#1379 = ADVANCED_FACE ( 'NONE', ( #2155 ), #257, .T. ) ;
#1380 = CARTESIAN_POINT ( 'NONE',  ( 0.0000000000000000000, 4.000000000000000000, 3.899999999999998100 ) ) ;
#1381 = DIRECTION ( 'NONE',  ( 1.000000000000000000, 0.0000000000000000000, 0.0000000000000000000 ) ) ;
#1382 = DIRECTION ( 'NONE',  ( 1.000000000000000000, 0.0000000000000000000, -1.734723475976810200E-014 ) ) ;
#1383 = ORIENTED_EDGE ( 'NONE', *, *, #1168, .T. ) ;
#1384 = AXIS2_PLACEMENT_3D ( 'NONE', #1923, #256, #98 ) ;
#1385 = CARTESIAN_POINT ( 'NONE',  ( -7.500000000000000000, 4.000000000000000000, -7.500000000000000000 ) ) ;
#1386 = EDGE_LOOP ( 'NONE', ( #1928, #1295, #378, #1066 ) ) ;
#1387 = LINE ( 'NONE', #1375, #1752 ) ;
#1388 = CARTESIAN_POINT ( 'NONE',  ( 9.000000000000000000, 0.2000000000000005400, -6.917157287525380800 ) ) ;
#1389 = EDGE_LOOP ( 'NONE', ( #662, #126, #1939, #1268 ) ) ;
#1390 =( NAMED_UNIT ( * ) PLANE_ANGLE_UNIT ( ) SI_UNIT ( $, .RADIAN. ) );
#1391 = CYLINDRICAL_SURFACE ( 'NONE', #272, 0.2000000000000002900 ) ;
#1392 = EDGE_LOOP ( 'NONE', ( #2160, #577 ) ) ;
#1393 = CARTESIAN_POINT ( 'NONE',  ( -8.499999999999992900, 3.799999999999999800, 8.799999999999998900 ) ) ;
#1394 = VERTEX_POINT ( 'NONE', #957 ) ;
#1395 = CARTESIAN_POINT ( 'NONE',  ( 8.916144501151404000, 0.2000000000000013700, -7.118260839044854300 ) ) ;
#1396 = AXIS2_PLACEMENT_3D ( 'NONE', #2337, #874, #845 ) ;
#1397 = EDGE_CURVE ( 'NONE', #380, #1343, #1755, .T. ) ;
#1398 = CARTESIAN_POINT ( 'NONE',  ( -9.000000000000001800, 0.08284271247461910700, 8.792893218813452100 ) ) ;
#1399 = DIRECTION ( 'NONE',  ( 0.0000000000000000000, 0.0000000000000000000, -1.000000000000000000 ) ) ;
#1400 = DIRECTION ( 'NONE',  ( -0.0000000000000000000, 1.000000000000000000, -0.0000000000000000000 ) ) ;
#1401 = VERTEX_POINT ( 'NONE', #2048 ) ;
#1402 = CARTESIAN_POINT ( 'NONE',  ( 1.836970198747204300E-016, 3.799999999999999800, 0.2999999999786244200 ) ) ;
#1403 = DIRECTION ( 'NONE',  ( -0.0000000000000000000, 1.000000000000000000, -0.0000000000000000000 ) ) ;
#1404 = VECTOR ( 'NONE', #1466, 1000.000000000000000 ) ;
#1405 = AXIS2_PLACEMENT_3D ( 'NONE', #2256, #1887, #1678 ) ;
#1406 = VERTEX_POINT ( 'NONE', #1711 ) ;
#1407 = ADVANCED_FACE ( 'NONE', ( #1370 ), #2066, .F. ) ;
#1408 = ORIENTED_EDGE ( 'NONE', *, *, #1479, .F. ) ;
#1409 = FACE_OUTER_BOUND ( 'NONE', #982, .T. ) ;
#1410 = DIRECTION ( 'NONE',  ( 7.744301232039317900E-017, -1.000000000000000000, 0.0000000000000000000 ) ) ;
#1411 = CIRCLE ( 'NONE', #2280, 1.500000000021373100 ) ;
#1412 = AXIS2_PLACEMENT_3D ( 'NONE', #1817, #2370, #526 ) ;
#1413 = CIRCLE ( 'NONE', #1915, 1.399999999999999900 ) ;
#1414 = DIRECTION ( 'NONE',  ( 0.0000000000000000000, 0.0000000000000000000, -1.000000000000000000 ) ) ;
#1415 = CIRCLE ( 'NONE', #2261, 0.4999999999999987200 ) ;
#1416 = AXIS2_PLACEMENT_3D ( 'NONE', #1851, #1490, #2033 ) ;
#1417 = ORIENTED_EDGE ( 'NONE', *, *, #758, .T. ) ;
#1418 = DIRECTION ( 'NONE',  ( 0.0000000000000000000, 0.0000000000000000000, 1.000000000000000000 ) ) ;
#1419 = CYLINDRICAL_SURFACE ( 'NONE', #417, 0.7290000000000000900 ) ;
#1420 = ORIENTED_EDGE ( 'NONE', *, *, #838, .T. ) ;
#1421 = DIRECTION ( 'NONE',  ( 0.0000000000000000000, -1.000000000000000000, 0.0000000000000000000 ) ) ;
#1422 = AXIS2_PLACEMENT_3D ( 'NONE', #1935, #1028, #2333 ) ;
#1423 = VECTOR ( 'NONE', #1150, 1000.000000000000000 ) ;
#1424 = ORIENTED_EDGE ( 'NONE', *, *, #1829, .F. ) ;
#1425 = DIRECTION ( 'NONE',  ( 0.0000000000000000000, 1.000000000000000000, 0.0000000000000000000 ) ) ;
#1426 = ADVANCED_FACE ( 'NONE', ( #1219, #264 ), #606, .F. ) ;
#1427 = DIRECTION ( 'NONE',  ( 0.0000000000000000000, 1.000000000000000000, 0.0000000000000000000 ) ) ;
#1428 = CARTESIAN_POINT ( 'NONE',  ( 8.917157287525382600, 3.999999999999999100, 8.744365081389590300 ) ) ;
#1429 = AXIS2_PLACEMENT_3D ( 'NONE', #570, #1488, #1681 ) ;
#1430 = CARTESIAN_POINT ( 'NONE',  ( 8.927675165784206100E-017, 0.1000000000000000100, 2.529000000000001200 ) ) ;
#1431 = PRODUCT_CONTEXT ( 'NONE', #647, 'mechanical' ) ;
#1432 = CARTESIAN_POINT ( 'NONE',  ( 0.0000000000000000000, 3.799999999999999800, 1.799999999999997600 ) ) ;
#1433 = CARTESIAN_POINT ( 'NONE',  ( -5.899999999999998600, 4.000000000000000000, 7.500000000000000000 ) ) ;
#1434 = ORIENTED_EDGE ( 'NONE', *, *, #1850, .F. ) ;
#1435 = CARTESIAN_POINT ( 'NONE',  ( 9.000000000000000000, 3.800000000000000300, 8.792893218813450300 ) ) ;
#1436 = AXIS2_PLACEMENT_3D ( 'NONE', #1564, #1750, #1769 ) ;
#1437 = CYLINDRICAL_SURFACE ( 'NONE', #328, 0.5000000000000004400 ) ;
#1438 = ORIENTED_EDGE ( 'NONE', *, *, #201, .F. ) ;
#1439 = CARTESIAN_POINT ( 'NONE',  ( 7.499999999999998200, 4.000000000000000000, 7.500000000000000000 ) ) ;
#1440 = EDGE_CURVE ( 'NONE', #652, #26, #1166, .T. ) ;
#1441 = DIRECTION ( 'NONE',  ( 0.7071067811865473500, 0.0000000000000000000, -0.7071067811865477900 ) ) ;
#1442 = CARTESIAN_POINT ( 'NONE',  ( 0.0000000000000000000, 0.1000000000000000100, 1.071000000000001300 ) ) ;
#1443 = EDGE_LOOP ( 'NONE', ( #685, #1197, #1931, #1643 ) ) ;
#1444 = CARTESIAN_POINT ( 'NONE',  ( 8.500000000000000000, 8.848897779465002100E-017, 8.917157287525379100 ) ) ;
#1445 = CARTESIAN_POINT ( 'NONE',  ( 0.0000000000000000000, 3.799999999999999800, 0.0000000000000000000 ) ) ;
#1446 = LINE ( 'NONE', #1565, #908 ) ;
#1447 = EDGE_CURVE ( 'NONE', #729, #1014, #769, .T. ) ;
#1448 = VERTEX_POINT ( 'NONE', #444 ) ;
#1449 = CONICAL_SURFACE ( 'NONE', #75, 1.499999999967442500, 1.047197551270431200 ) ;
#1450 = AXIS2_PLACEMENT_3D ( 'NONE', #1813, #1057, #706 ) ;
#1451 = CIRCLE ( 'NONE', #1319, 1.500000000021373300 ) ;
#1452 = DIRECTION ( 'NONE',  ( 0.0000000000000000000, 0.0000000000000000000, -1.000000000000000000 ) ) ;
#1453 = EDGE_LOOP ( 'NONE', ( #1540, #2101, #425, #1018 ) ) ;
#1454 = DIRECTION ( 'NONE',  ( 1.000000000000000000, 0.0000000000000000000, 0.0000000000000000000 ) ) ;
#1455 = CARTESIAN_POINT ( 'NONE',  ( -8.499999999999992900, 0.2000000000000000900, 8.799999999999998900 ) ) ;
#1456 = EDGE_LOOP ( 'NONE', ( #1007, #2142 ) ) ;
#1457 = EDGE_LOOP ( 'NONE', ( #588, #955, #627, #593 ) ) ;
#1458 = CARTESIAN_POINT ( 'NONE',  ( -8.799999999999997200, 8.131516293641283300E-017, 8.499999999999994700 ) ) ;
#1459 = DIRECTION ( 'NONE',  ( 0.0000000000000000000, -1.000000000000000000, 0.0000000000000000000 ) ) ;
#1460 = DIRECTION ( 'NONE',  ( 0.0000000000000000000, 0.0000000000000000000, 1.000000000000000000 ) ) ;
#1461 = EDGE_CURVE ( 'NONE', #697, #752, #1276, .T. ) ;
#1462 = CARTESIAN_POINT ( 'NONE',  ( -8.500000000000001800, 3.917157287525382200, -9.000000000000000000 ) ) ;
#1463 = CARTESIAN_POINT ( 'NONE',  ( 7.021175221205958800, 3.800000000000000300, -8.979182124840035000 ) ) ;
#1464 = CLOSED_SHELL ( 'NONE', ( #1163, #1799, #2164, #918, #423, #1061, #1229, #1252, #393, #792, #975, #56, #12, #2362, #690, #1614, #232, #1945, #776, #1682, #368, #1324, #2059, #933, #1407, #149, #878, #408, #388, #468, #733, #1131, #1333, #2073, #245, #2047, #1098, #961, #1826, #602, #1379, #713 ) ) ;
#1465 = DIRECTION ( 'NONE',  ( 0.0000000000000000000, 0.0000000000000000000, 1.000000000000000000 ) ) ;
#1466 = DIRECTION ( 'NONE',  ( 0.0000000000000000000, 1.000000000000000000, -0.0000000000000000000 ) ) ;
#1467 = ORIENTED_EDGE ( 'NONE', *, *, #635, .T. ) ;
#1468 = CARTESIAN_POINT ( 'NONE',  ( -8.499999999999992900, -8.809142651444723500E-017, 8.799999999999998900 ) ) ;
#1469 = ADVANCED_FACE ( 'NONE', ( #2214 ), #1308, .T. ) ;
#1470 = DIRECTION ( 'NONE',  ( -1.000000000000000000, 0.0000000000000000000, 0.0000000000000000000 ) ) ;
#1471 = VERTEX_POINT ( 'NONE', #1921 ) ;
#1472 = CYLINDRICAL_SURFACE ( 'NONE', #1255, 0.7290000000000000900 ) ;
#1473 = VERTEX_POINT ( 'NONE', #1385 ) ;
#1474 = CARTESIAN_POINT ( 'NONE',  ( 0.0000000000000000000, 0.1000000000000000100, 1.800000000000001200 ) ) ;
#1475 = VECTOR ( 'NONE', #2302, 1000.000000000000000 ) ;
#1476 = CARTESIAN_POINT ( 'NONE',  ( 2.571758278209442000E-016, 4.000000000000000000, -0.3000000000000027600 ) ) ;
#1477 = ORIENTED_EDGE ( 'NONE', *, *, #866, .T. ) ;
#1478 = CYLINDRICAL_SURFACE ( 'NONE', #2019, 1.500000000021373300 ) ;
#1479 = EDGE_CURVE ( 'NONE', #701, #664, #682, .T. ) ;
#1480 = ORIENTED_EDGE ( 'NONE', *, *, #2091, .T. ) ;
#1481 = CARTESIAN_POINT ( 'NONE',  ( -8.500000000000000000, -9.260626234891564600E-016, -8.917157287525380800 ) ) ;
#1482 = LINE ( 'NONE', #2139, #993 ) ;
#1483 = ORIENTED_EDGE ( 'NONE', *, *, #384, .T. ) ;
#1484 = CARTESIAN_POINT ( 'NONE',  ( -8.675735931288072000, 3.999999999999999100, -8.799999999999995400 ) ) ;
#1485 = ADVANCED_FACE ( 'NONE', ( #32 ), #2106, .T. ) ;
#1486 = DIRECTION ( 'NONE',  ( 0.0000000000000000000, 1.000000000000000000, 0.0000000000000000000 ) ) ;
#1487 = VECTOR ( 'NONE', #1670, 1000.000000000000000 ) ;
#1488 = DIRECTION ( 'NONE',  ( 0.0000000000000000000, -1.000000000000000000, 0.0000000000000000000 ) ) ;
#1489 = ORIENTED_EDGE ( 'NONE', *, *, #728, .F. ) ;
#1490 = DIRECTION ( 'NONE',  ( -0.0000000000000000000, -1.000000000000000000, -0.0000000000000000000 ) ) ;
#1491 = DIRECTION ( 'NONE',  ( -0.0000000000000000000, -1.000000000000000000, -0.0000000000000000000 ) ) ;
#1492 = DIRECTION ( 'NONE',  ( -0.0000000000000000000, 1.000000000000000000, -0.0000000000000000000 ) ) ;
#1493 = CARTESIAN_POINT ( 'NONE',  ( 0.0000000000000000000, 4.000000000000000000, 1.799999999999997600 ) ) ;
#1494 = EDGE_CURVE ( 'NONE', #2020, #680, #829, .T. ) ;
#1495 = DIRECTION ( 'NONE',  ( -1.020425574104004700E-016, 0.0000000000000000000, -1.000000000000000000 ) ) ;
#1496 = AXIS2_PLACEMENT_3D ( 'NONE', #2100, #74, #449 ) ;
#1497 = CARTESIAN_POINT ( 'NONE',  ( -8.744365081389595700, -9.260626234891566600E-016, -8.917157287525380800 ) ) ;
#1498 = CYLINDRICAL_SURFACE ( 'NONE', #960, 0.2000000000000005100 ) ;
#1499 = CARTESIAN_POINT ( 'NONE',  ( 1.714505518806294400E-016, 0.09999999999999939500, 0.3999999999999975800 ) ) ;
#1500 = CARTESIAN_POINT ( 'NONE',  ( 6.917157287525380800, 3.799999999999999800, -8.799999999999997200 ) ) ;
#1501 = AXIS2_PLACEMENT_3D ( 'NONE', #1524, #610, #1703 ) ;
#1502 = EDGE_LOOP ( 'NONE', ( #537, #2377, #1155, #1669 ) ) ;
#1503 = VERTEX_POINT ( 'NONE', #1380 ) ;
#1504 = VECTOR ( 'NONE', #637, 1000.000000000000100 ) ;
#1505 = CARTESIAN_POINT ( 'NONE',  ( -8.499999999999998200, 8.131516293641283300E-017, -8.799999999999998900 ) ) ;
#1506 = DIRECTION ( 'NONE',  ( 0.0000000000000000000, 1.000000000000000000, 0.0000000000000000000 ) ) ;
#1507 = EDGE_CURVE ( 'NONE', #155, #2332, #628, .T. ) ;
#1508 = ORIENTED_EDGE ( 'NONE', *, *, #1829, .T. ) ;
#1509 = CARTESIAN_POINT ( 'NONE',  ( 8.999999999999998200, 3.800000000000000300, -6.917157287525380800 ) ) ;
#1510 = ORIENTED_EDGE ( 'NONE', *, *, #1274, .T. ) ;
#1511 = AXIS2_PLACEMENT_3D ( 'NONE', #2286, #1338, #1177 ) ;
#1512 = ORIENTED_EDGE ( 'NONE', *, *, #1823, .F. ) ;
#1513 = ORIENTED_EDGE ( 'NONE', *, *, #2152, .T. ) ;
#1514 = DIRECTION ( 'NONE',  ( 0.7071067811865477900, -0.0000000000000000000, 0.7071067811865473500 ) ) ;
#1515 = CARTESIAN_POINT ( 'NONE',  ( 7.499999999999999100, 3.799999999999999800, 7.500000000000000000 ) ) ;
#1516 = CARTESIAN_POINT ( 'NONE',  ( 0.0000000000000000000, 0.0000000000000000000, 1.799999999999997600 ) ) ;
#1517 =( BOUNDED_SURFACE ( )  B_SPLINE_SURFACE ( 3, 3, ( 
 ( #1684, #945, #2228, #416 ),
 ( #595, #1114, #2244, #40 ),
 ( #1481, #1497, #775, #28 ),
 ( #1505, #246, #1705, #1109 ) ),
 .UNSPECIFIED., .F., .F., .T. ) 
 B_SPLINE_SURFACE_WITH_KNOTS ( ( 4, 4 ),
 ( 4, 4 ),
 ( 0.0000000000000000000, 1.000000000000000000 ),
 ( 0.0000000000000000000, 1.000000000000000000 ),
 .UNSPECIFIED. ) 
 GEOMETRIC_REPRESENTATION_ITEM ( )  RATIONAL_B_SPLINE_SURFACE ( (
 ( 1.000000000000000000, 0.8047378541243643800, 0.8047378541243643800, 1.000000000000000000),
 ( 0.8047378541243628300, 0.6476030138606855300, 0.6476030138606855300, 0.8047378541243628300),
 ( 0.8047378541243628300, 0.6476030138606855300, 0.6476030138606855300, 0.8047378541243628300),
 ( 1.000000000000000000, 0.8047378541243643800, 0.8047378541243643800, 1.000000000000000000) ) ) 
 REPRESENTATION_ITEM ( '' )  SURFACE ( )  );
#1518 = DIRECTION ( 'NONE',  ( 1.000000000000000000, 0.0000000000000000000, -1.020425574104004500E-016 ) ) ;
#1519 = DIRECTION ( 'NONE',  ( 0.0000000000000000000, 0.0000000000000000000, -1.000000000000000000 ) ) ;
#1520 = AXIS2_PLACEMENT_3D ( 'NONE', #1493, #419, #49 ) ;
#1521 = ORIENTED_EDGE ( 'NONE', *, *, #307, .T. ) ;
#1522 = CARTESIAN_POINT ( 'NONE',  ( 7.499999999999999100, 3.799999999999999800, -5.899999999999999500 ) ) ;
#1523 = EDGE_CURVE ( 'NONE', #1353, #518, #1413, .T. ) ;
#1524 = CARTESIAN_POINT ( 'NONE',  ( 0.0000000000000000000, 4.000000000000000000, 1.799999999999997600 ) ) ;
#1525 = AXIS2_PLACEMENT_3D ( 'NONE', #1753, #287, #997 ) ;
#1526 = SURFACE_STYLE_FILL_AREA ( #349 ) ;
#1527 = ORIENTED_EDGE ( 'NONE', *, *, #699, .F. ) ;
#1528 = DIRECTION ( 'NONE',  ( 0.7071067811865475700, 0.0000000000000000000, 0.7071067811865475700 ) ) ;
#1529 = EDGE_LOOP ( 'NONE', ( #1189, #230, #851, #76 ) ) ;
#1530 = CARTESIAN_POINT ( 'NONE',  ( 8.799999999999998900, 0.2000000000000000100, -6.917157287525380800 ) ) ;
#1531 = VECTOR ( 'NONE', #1859, 1000.000000000000000 ) ;
#1532 = LINE ( 'NONE', #656, #25 ) ;
#1533 = CARTESIAN_POINT ( 'NONE',  ( 7.021175221205958800, 0.1999999999999987900, -8.979182124840033200 ) ) ;
#1534 = ORIENTED_EDGE ( 'NONE', *, *, #1654, .F. ) ;
#1535 = CYLINDRICAL_SURFACE ( 'NONE', #1724, 2.100000000000000100 ) ;
#1536 = FACE_OUTER_BOUND ( 'NONE', #1360, .T. ) ;
#1537 = ORIENTED_EDGE ( 'NONE', *, *, #810, .F. ) ;
#1538 = CARTESIAN_POINT ( 'NONE',  ( 1.714505518806294400E-016, 0.0000000000000000000, 0.3999999999999975800 ) ) ;
#1539 = CIRCLE ( 'NONE', #182, 0.2000000000000005100 ) ;
#1540 = ORIENTED_EDGE ( 'NONE', *, *, #1962, .T. ) ;
#1541 =( NAMED_UNIT ( * ) SI_UNIT ( $, .STERADIAN. ) SOLID_ANGLE_UNIT ( ) );
#1542 = DIRECTION ( 'NONE',  ( 0.0000000000000000000, 0.0000000000000000000, 1.000000000000000000 ) ) ;
#1543 = LINE ( 'NONE', #385, #1487 ) ;
#1544 = AXIS2_PLACEMENT_3D ( 'NONE', #1835, #1809, #188 ) ;
#1545 = VERTEX_POINT ( 'NONE', #995 ) ;
#1546 = DIRECTION ( 'NONE',  ( 0.0000000000000000000, 0.0000000000000000000, -1.000000000000000000 ) ) ;
#1547 = DIRECTION ( 'NONE',  ( -0.7071067811865473500, 0.0000000000000000000, 0.7071067811865477900 ) ) ;
#1548 = DIRECTION ( 'NONE',  ( -0.0000000000000000000, 1.000000000000000000, -0.0000000000000000000 ) ) ;
#1549 = MANIFOLD_SOLID_BREP ( 'Boss-Extrude1', #2082 ) ;
#1550 = DIRECTION ( 'NONE',  ( 1.000000000000000000, 0.0000000000000000000, -0.0000000000000000000 ) ) ;
#1551 = DIRECTION ( 'NONE',  ( 0.7071067811865477900, 0.0000000000000000000, 0.7071067811865473500 ) ) ;
#1552 = CARTESIAN_POINT ( 'NONE',  ( 5.899999999999998600, 4.000000000000000000, -7.499999999999999100 ) ) ;
#1553 = CYLINDRICAL_SURFACE ( 'NONE', #1412, 0.2000000000000005100 ) ;
#1554 =( NAMED_UNIT ( * ) PLANE_ANGLE_UNIT ( ) SI_UNIT ( $, .RADIAN. ) );
#1555 = AXIS2_PLACEMENT_3D ( 'NONE', #1889, #1912, #2083 ) ;
#1556 = DIRECTION ( 'NONE',  ( 0.0000000000000000000, 0.0000000000000000000, -1.000000000000000000 ) ) ;
#1557 = ORIENTED_EDGE ( 'NONE', *, *, #1136, .T. ) ;
#1558 = CIRCLE ( 'NONE', #2076, 0.7290000000000000900 ) ;
#1559 = ORIENTED_EDGE ( 'NONE', *, *, #248, .F. ) ;
#1560 = DIRECTION ( 'NONE',  ( -0.0000000000000000000, -0.0000000000000000000, 1.000000000000000000 ) ) ;
#1561 = CARTESIAN_POINT ( 'NONE',  ( 0.0000000000000000000, 0.1000000000000000100, 1.350000000000001600 ) ) ;
#1562 = ORIENTED_EDGE ( 'NONE', *, *, #1636, .T. ) ;
#1563 = CARTESIAN_POINT ( 'NONE',  ( 8.500000000000000000, 4.000000000000000000, 8.799999999999998900 ) ) ;
#1564 = CARTESIAN_POINT ( 'NONE',  ( 8.799999999999998900, 3.799999999999999800, -6.917157287525379900 ) ) ;
#1565 = CARTESIAN_POINT ( 'NONE',  ( 8.500000000000000000, 4.000000000000000000, -8.799999999999998900 ) ) ;
#1566 = ORIENTED_EDGE ( 'NONE', *, *, #206, .F. ) ;
#1567 = CARTESIAN_POINT ( 'NONE',  ( -8.999999999999996400, 3.917157287525381300, 8.499999999999996400 ) ) ;
#1568 = ORIENTED_EDGE ( 'NONE', *, *, #1791, .F. ) ;
#1569 = FACE_OUTER_BOUND ( 'NONE', #1049, .T. ) ;
#1570 = ORIENTED_EDGE ( 'NONE', *, *, #1958, .T. ) ;
#1571 = EDGE_CURVE ( 'NONE', #2138, #934, #1451, .T. ) ;
#1572 = DIRECTION ( 'NONE',  ( 0.0000000000000000000, 0.0000000000000000000, -1.000000000000000000 ) ) ;
#1573 = PRESENTATION_LAYER_ASSIGNMENT (  '', '', ( #1001 ) ) ;
#1574 = CARTESIAN_POINT ( 'NONE',  ( 0.0000000000000000000, 0.09999999999999982500, 1.799999999999997600 ) ) ;
#1575 = DIRECTION ( 'NONE',  ( 0.0000000000000000000, -1.000000000000000000, -0.0000000000000000000 ) ) ;
#1576 = CARTESIAN_POINT ( 'NONE',  ( 8.500000000000000000, 3.799999999999999800, 8.499999999999998200 ) ) ;
#1577 = AXIS2_PLACEMENT_3D ( 'NONE', #1808, #702, #321 ) ;
#1578 = CARTESIAN_POINT ( 'NONE',  ( 5.899999999999998600, 3.799999999999999800, -7.499999999999999100 ) ) ;
#1579 = ORIENTED_EDGE ( 'NONE', *, *, #988, .T. ) ;
#1580 = PRESENTATION_LAYER_ASSIGNMENT (  '', '', ( #1919 ) ) ;
#1581 = CARTESIAN_POINT ( 'NONE',  ( -8.499999999999996400, 3.799999999999999800, 9.000000000000001800 ) ) ;
#1582 = DIRECTION ( 'NONE',  ( 1.000000000000000000, 0.0000000000000000000, -0.0000000000000000000 ) ) ;
#1583 = EDGE_CURVE ( 'NONE', #2020, #63, #2211, .T. ) ;
#1584 = CARTESIAN_POINT ( 'NONE',  ( 8.916144501151402200, -0.001103551519473740400, -7.034961020564091800 ) ) ;
#1585 = FACE_OUTER_BOUND ( 'NONE', #1374, .T. ) ;
#1586 = DIRECTION ( 'NONE',  ( 0.0000000000000000000, 0.0000000000000000000, -1.000000000000000000 ) ) ;
#1587 = ORIENTED_EDGE ( 'NONE', *, *, #1710, .F. ) ;
#1588 = CARTESIAN_POINT ( 'NONE',  ( 0.0000000000000000000, 0.0000000000000000000, 1.071000000000001300 ) ) ;
#1589 = DIRECTION ( 'NONE',  ( -0.7071067811865475700, 0.0000000000000000000, 0.7071067811865475700 ) ) ;
#1590 = ORIENTED_EDGE ( 'NONE', *, *, #442, .F. ) ;
#1591 = CARTESIAN_POINT ( 'NONE',  ( 0.0000000000000000000, 3.799999999999999800, 1.799999999999997600 ) ) ;
#1592 = FACE_OUTER_BOUND ( 'NONE', #1655, .T. ) ;
#1593 = DIRECTION ( 'NONE',  ( 0.0000000000000000000, 0.0000000000000000000, -1.000000000000000000 ) ) ;
#1594 = CIRCLE ( 'NONE', #2043, 0.5000000000000004400 ) ;
#1595 = MANIFOLD_SOLID_BREP ( 'Cut-Extrude2[2]', #1828 ) ;
#1596 = CARTESIAN_POINT ( 'NONE',  ( 8.500000000000000000, 3.799999999999999800, 9.000000000000000000 ) ) ;
#1597 = CARTESIAN_POINT ( 'NONE',  ( -1.399999999999999500, 0.09999999999999977000, -9.000763337145965400 ) ) ;
#1598 = ORIENTED_EDGE ( 'NONE', *, *, #1075, .T. ) ;
#1599 = CIRCLE ( 'NONE', #629, 0.4499999999999996800 ) ;
#1600 = CARTESIAN_POINT ( 'NONE',  ( 0.0000000000000000000, 0.0000000000000000000, 1.799999999999997600 ) ) ;
#1601 = ORIENTED_EDGE ( 'NONE', *, *, #973, .F. ) ;
#1602 = EDGE_CURVE ( 'NONE', #1956, #670, #1273, .T. ) ;
#1603 = CARTESIAN_POINT ( 'NONE',  ( -8.744365081389595700, 4.000000000000000000, 8.917157287525384400 ) ) ;
#1604 = CIRCLE ( 'NONE', #2198, 0.2000000000000005100 ) ;
#1605 = CARTESIAN_POINT ( 'NONE',  ( 2.571758278209442000E-016, 3.799999999999999800, -0.3000000000000027600 ) ) ;
#1606 = EDGE_LOOP ( 'NONE', ( #175, #819, #1235 ) ) ;
#1607 = AXIS2_PLACEMENT_3D ( 'NONE', #881, #1650, #1460 ) ;
#1608 = ORIENTED_EDGE ( 'NONE', *, *, #1507, .T. ) ;
#1609 = CARTESIAN_POINT ( 'NONE',  ( -7.500000000000000000, 3.800000000000000700, 5.900000000000000400 ) ) ;
#1610 = CARTESIAN_POINT ( 'NONE',  ( -7.500000000000000000, 4.000000000000000000, -7.500000000000001800 ) ) ;
#1611 = ADVANCED_FACE ( 'NONE', ( #152 ), #118, .T. ) ;
#1612 = CARTESIAN_POINT ( 'NONE',  ( 8.500000000000000000, 4.000000000000000000, 8.799999999999998900 ) ) ;
#1613 = DIRECTION ( 'NONE',  ( 1.000000000000000000, 0.0000000000000000000, -0.0000000000000000000 ) ) ;
#1614 = ADVANCED_FACE ( 'NONE', ( #1099 ), #135, .F. ) ;
#1615 = CARTESIAN_POINT ( 'NONE',  ( -7.500000000000000000, 3.799999999999999800, 0.0000000000000000000 ) ) ;
#1616 = EDGE_CURVE ( 'NONE', #1245, #1999, #1415, .T. ) ;
#1617 = FACE_OUTER_BOUND ( 'NONE', #584, .T. ) ;
#1618 = ORIENTED_EDGE ( 'NONE', *, *, #1085, .F. ) ;
#1619 = PLANE ( 'NONE',  #477 ) ;
#1620 = VERTEX_POINT ( 'NONE', #818 ) ;
#1621 = EDGE_CURVE ( 'NONE', #334, #1153, #65, .T. ) ;
#1622 = FACE_OUTER_BOUND ( 'NONE', #258, .T. ) ;
#1623 = CARTESIAN_POINT ( 'NONE',  ( 0.0000000000000000000, 0.2000000000000000100, 1.800000000000001200 ) ) ;
#1624 = ORIENTED_EDGE ( 'NONE', *, *, #1009, .F. ) ;
#1625 = LINE ( 'NONE', #950, #1900 ) ;
#1626 = AXIS2_PLACEMENT_3D ( 'NONE', #2265, #1142, #1519 ) ;
#1627 = CARTESIAN_POINT ( 'NONE',  ( 7.499999999999998200, 3.799999999999999800, 0.0000000000000000000 ) ) ;
#1628 = AXIS2_PLACEMENT_3D ( 'NONE', #1516, #1901, #2075 ) ;
#1629 =( NAMED_UNIT ( * ) SI_UNIT ( $, .STERADIAN. ) SOLID_ANGLE_UNIT ( ) );
#1630 = VECTOR ( 'NONE', #1239, 1000.000000000000000 ) ;
#1631 = ORIENTED_EDGE ( 'NONE', *, *, #2027, .F. ) ;
#1632 = CARTESIAN_POINT ( 'NONE',  ( -8.917157287525379100, 8.848897779465002100E-017, 8.499999999999992900 ) ) ;
#1633 = CIRCLE ( 'NONE', #2012, 0.4499999999999996800 ) ;
#1634 = ORIENTED_EDGE ( 'NONE', *, *, #523, .T. ) ;
#1635 = CARTESIAN_POINT ( 'NONE',  ( -8.499999999999998200, 4.000000000000000000, -8.499999999999998200 ) ) ;
#1636 = EDGE_CURVE ( 'NONE', #1093, #1834, #1839, .T. ) ;
#1637 = CARTESIAN_POINT ( 'NONE',  ( 8.675735931288072000, 8.131516293641284500E-017, 8.799999999999998900 ) ) ;
#1638 = CARTESIAN_POINT ( 'NONE',  ( 6.917157287525380800, -3.523657060577889400E-016, -8.799999999999998900 ) ) ;
#1639 = ADVANCED_FACE ( 'NONE', ( #654 ), #1961, .T. ) ;
#1640 = DIRECTION ( 'NONE',  ( 0.0000000000000000000, 0.0000000000000000000, -1.000000000000000000 ) ) ;
#1641 = CARTESIAN_POINT ( 'NONE',  ( 7.500000000000000000, 4.000000000000000000, -5.899999999999999500 ) ) ;
#1642 = DIRECTION ( 'NONE',  ( 0.0000000000000000000, 0.0000000000000000000, -1.000000000000000000 ) ) ;
#1643 = ORIENTED_EDGE ( 'NONE', *, *, #1882, .F. ) ;
#1644 = CIRCLE ( 'NONE', #1202, 0.2000000000000005100 ) ;
#1645 = VERTEX_POINT ( 'NONE', #1641 ) ;
#1646 = DIRECTION ( 'NONE',  ( -0.0000000000000000000, -1.000000000000000000, -0.0000000000000000000 ) ) ;
#1647 = VECTOR ( 'NONE', #2345, 1000.000000000000000 ) ;
#1648 = EDGE_CURVE ( 'NONE', #2041, #2246, #262, .T. ) ;
#1649 = DIRECTION ( 'NONE',  ( 0.0000000000000000000, 0.0000000000000000000, -1.000000000000000000 ) ) ;
#1650 = DIRECTION ( 'NONE',  ( -1.000000000000000000, 0.0000000000000000000, 0.0000000000000000000 ) ) ;
#1651 = EDGE_LOOP ( 'NONE', ( #267, #1339, #311, #1634 ) ) ;
#1652 = DIRECTION ( 'NONE',  ( 0.0000000000000000000, 1.000000000000000000, 0.0000000000000000000 ) ) ;
#1653 = LINE ( 'NONE', #1359, #1156 ) ;
#1654 = EDGE_CURVE ( 'NONE', #817, #1776, #1991, .T. ) ;
#1655 = EDGE_LOOP ( 'NONE', ( #557, #2060, #1715, #1238 ) ) ;
#1656 = VECTOR ( 'NONE', #2236, 1000.000000000000000 ) ;
#1657 = DIRECTION ( 'NONE',  ( -0.0000000000000000000, 1.000000000000000000, -0.0000000000000000000 ) ) ;
#1658 = AXIS2_PLACEMENT_3D ( 'NONE', #106, #1354, #1546 ) ;
#1659 = LINE ( 'NONE', #501, #853 ) ;
#1660 =( BOUNDED_SURFACE ( )  B_SPLINE_SURFACE ( 3, 3, ( 
 ( #1234, #529, #1815, #138 ),
 ( #708, #1398, #2338, #352 ),
 ( #1632, #2222, #1285, #738 ),
 ( #1458, #930, #2032, #1830 ) ),
 .UNSPECIFIED., .F., .F., .F. ) 
 B_SPLINE_SURFACE_WITH_KNOTS ( ( 4, 4 ),
 ( 4, 4 ),
 ( 0.0000000000000000000, 1.000000000000000000 ),
 ( 0.0000000000000000000, 1.000000000000000000 ),
 .UNSPECIFIED. ) 
 GEOMETRIC_REPRESENTATION_ITEM ( )  RATIONAL_B_SPLINE_SURFACE ( (
 ( 1.000000000000000000, 0.8047378541243603900, 0.8047378541243603900, 1.000000000000000000),
 ( 0.8047378541243649400, 0.6476030138606839700, 0.6476030138606839700, 0.8047378541243649400),
 ( 0.8047378541243649400, 0.6476030138606839700, 0.6476030138606839700, 0.8047378541243649400),
 ( 1.000000000000000000, 0.8047378541243603900, 0.8047378541243603900, 1.000000000000000000) ) ) 
 REPRESENTATION_ITEM ( '' )  SURFACE ( )  );
#1661 = ADVANCED_FACE ( 'NONE', ( #1536 ), #1337, .F. ) ;
#1662 = ORIENTED_EDGE ( 'NONE', *, *, #2197, .F. ) ;
#1663 = CARTESIAN_POINT ( 'NONE',  ( 5.899999999999998600, 3.799999999999999800, -7.499999999999999100 ) ) ;
#1664 = DIRECTION ( 'NONE',  ( 0.0000000000000000000, 0.0000000000000000000, 1.000000000000000000 ) ) ;
#1665 = LINE ( 'NONE', #2308, #461 ) ;
#1666 = CARTESIAN_POINT ( 'NONE',  ( -8.917157287525380800, 4.000000000000000900, -8.499999999999994700 ) ) ;
#1667 = ORIENTED_EDGE ( 'NONE', *, *, #1933, .F. ) ;
#1668 = VECTOR ( 'NONE', #1320, 1000.000000000000000 ) ;
#1669 = ORIENTED_EDGE ( 'NONE', *, *, #970, .T. ) ;
#1670 = DIRECTION ( 'NONE',  ( -0.7071067811865477900, -0.0000000000000000000, -0.7071067811865473500 ) ) ;
#1671 = ADVANCED_FACE ( 'NONE', ( #1043 ), #1478, .F. ) ;
#1672 = AXIS2_PLACEMENT_3D ( 'NONE', #805, #2084, #226 ) ;
#1673 = CARTESIAN_POINT ( 'NONE',  ( 0.0000000000000000000, -1.700000000000000000, 1.800000000000001200 ) ) ;
#1674 = SURFACE_STYLE_USAGE ( .BOTH. , #41 ) ;
#1675 = EDGE_CURVE ( 'NONE', #670, #1907, #426, .T. ) ;
#1676 = CARTESIAN_POINT ( 'NONE',  ( 0.0000000000000000000, 0.1000000000000000100, 1.800000000000001200 ) ) ;
#1677 = AXIS2_PLACEMENT_3D ( 'NONE', #1474, #2249, #1317 ) ;
#1678 = DIRECTION ( 'NONE',  ( 0.0000000000000000000, 0.0000000000000000000, -1.000000000000000000 ) ) ;
#1679 = DIRECTION ( 'NONE',  ( 0.0000000000000000000, 0.0000000000000000000, -1.000000000000000000 ) ) ;
#1680 = ORIENTED_EDGE ( 'NONE', *, *, #1602, .T. ) ;
#1681 = DIRECTION ( 'NONE',  ( 0.0000000000000000000, -0.0000000000000000000, -1.000000000000000000 ) ) ;
#1682 = ADVANCED_FACE ( 'NONE', ( #544 ), #693, .F. ) ;
#1683 = ORIENTED_EDGE ( 'NONE', *, *, #1648, .T. ) ;
#1684 = CARTESIAN_POINT ( 'NONE',  ( -8.499999999999998200, 0.2000000000000000900, -9.000000000000001800 ) ) ;
#1685 = ORIENTED_EDGE ( 'NONE', *, *, #2378, .F. ) ;
#1686 = LINE ( 'NONE', #1019, #367 ) ;
#1687 = EDGE_LOOP ( 'NONE', ( #906, #2341, #239, #1849 ) ) ;
#1688 = EDGE_CURVE ( 'NONE', #652, #2318, #2123, .T. ) ;
#1689 = CARTESIAN_POINT ( 'NONE',  ( -8.999999999999998200, 0.2000000000000001200, 8.499999999999994700 ) ) ;
#1690 = DIRECTION ( 'NONE',  ( 0.0000000000000000000, -0.0000000000000000000, 1.000000000000000000 ) ) ;
#1691 = CIRCLE ( 'NONE', #324, 0.7290000000000000900 ) ;
#1692 = CARTESIAN_POINT ( 'NONE',  ( 1.714505518806294400E-016, 0.0000000000000000000, 0.3999999999999975800 ) ) ;
#1693 = ORIENTED_EDGE ( 'NONE', *, *, #914, .F. ) ;
#1694 = EDGE_CURVE ( 'NONE', #1620, #1768, #991, .T. ) ;
#1695 = VERTEX_POINT ( 'NONE', #1048 ) ;
#1696 = FACE_OUTER_BOUND ( 'NONE', #540, .T. ) ;
#1697 = DIRECTION ( 'NONE',  ( 0.0000000000000000000, 0.0000000000000000000, -1.000000000000000000 ) ) ;
#1698 = ORIENTED_EDGE ( 'NONE', *, *, #1336, .T. ) ;
#1699 = DIRECTION ( 'NONE',  ( 0.0000000000000000000, -0.0000000000000000000, 1.000000000000000000 ) ) ;
#1700 = FACE_OUTER_BOUND ( 'NONE', #1802, .T. ) ;
#1701 = DIRECTION ( 'NONE',  ( 0.0000000000000000000, -1.000000000000000000, 0.0000000000000000000 ) ) ;
#1702 = ORIENTED_EDGE ( 'NONE', *, *, #236, .F. ) ;
#1703 = DIRECTION ( 'NONE',  ( 0.0000000000000000000, 0.0000000000000000000, 1.000000000000000000 ) ) ;
#1704 = STYLED_ITEM ( 'NONE', ( #488 ), #1595 ) ;
#1705 = CARTESIAN_POINT ( 'NONE',  ( -8.800000000000000700, 8.131516293641283300E-017, -8.675735931288070200 ) ) ;
#1706 = EDGE_CURVE ( 'NONE', #1473, #1951, #317, .T. ) ;
#1707 = CARTESIAN_POINT ( 'NONE',  ( -8.499999999999994700, 0.2000000000000001200, -9.000000000000000000 ) ) ;
#1708 = CARTESIAN_POINT ( 'NONE',  ( -5.510910596163085200E-017, 0.0000000000000000000, 1.350000000000001600 ) ) ;
#1709 = CARTESIAN_POINT ( 'NONE',  ( 6.917157287525378200, 4.001103551519471500, -8.916144501151404000 ) ) ;
#1710 = EDGE_CURVE ( 'NONE', #217, #1401, #29, .T. ) ;
#1711 = CARTESIAN_POINT ( 'NONE',  ( 1.836970198747204300E-016, 3.799999999999999800, 0.2999999999786244200 ) ) ;
#1712 = DIRECTION ( 'NONE',  ( 0.0000000000000000000, 1.000000000000000000, 0.0000000000000000000 ) ) ;
#1713 =( GEOMETRIC_REPRESENTATION_CONTEXT ( 3 ) GLOBAL_UNCERTAINTY_ASSIGNED_CONTEXT ( ( #946 ) ) GLOBAL_UNIT_ASSIGNED_CONTEXT ( ( #356, #177, #1629 ) ) REPRESENTATION_CONTEXT ( 'NONE', 'WORKASPACE' ) );
#1714 = CARTESIAN_POINT ( 'NONE',  ( 0.0000000000000000000, 0.0000000000000000000, 1.800000000000001200 ) ) ;
#1715 = ORIENTED_EDGE ( 'NONE', *, *, #2264, .F. ) ;
#1716 = CARTESIAN_POINT ( 'NONE',  ( 0.0000000000000000000, 3.799999999999999800, 0.0000000000000000000 ) ) ;
#1717 = VERTEX_POINT ( 'NONE', #150 ) ;
#1718 = DIRECTION ( 'NONE',  ( 1.000000000000000000, 0.0000000000000000000, -0.0000000000000000000 ) ) ;
#1719 = SURFACE_STYLE_FILL_AREA ( #1876 ) ;
#1720 = AXIS2_PLACEMENT_3D ( 'NONE', #848, #92, #1361 ) ;
#1721 = ORIENTED_EDGE ( 'NONE', *, *, #2276, .F. ) ;
#1722 = LINE ( 'NONE', #779, #730 ) ;
#1723 = CARTESIAN_POINT ( 'NONE',  ( -8.500000000000000000, 4.000000000000000000, -8.799999999999997200 ) ) ;
#1724 = AXIS2_PLACEMENT_3D ( 'NONE', #436, #1340, #78 ) ;
#1725 = ORIENTED_EDGE ( 'NONE', *, *, #2046, .T. ) ;
#1726 = DIRECTION ( 'NONE',  ( 0.0000000000000000000, 1.000000000000000000, 0.0000000000000000000 ) ) ;
#1727 = CARTESIAN_POINT ( 'NONE',  ( 6.917157287525380800, 0.2000000000000000700, -9.000000000000001800 ) ) ;
#1728 = DIRECTION ( 'NONE',  ( 1.000000000000000000, 0.0000000000000000000, -0.0000000000000000000 ) ) ;
#1729 = VECTOR ( 'NONE', #676, 1000.000000000000000 ) ;
#1730 = DIRECTION ( 'NONE',  ( 0.0000000000000000000, 0.0000000000000000000, -1.000000000000000000 ) ) ;
#1731 = CARTESIAN_POINT ( 'NONE',  ( 0.0000000000000000000, 0.2000000000000000100, 1.800000000000001200 ) ) ;
#1732 = EDGE_LOOP ( 'NONE', ( #562, #418 ) ) ;
#1733 = AXIS2_PLACEMENT_3D ( 'NONE', #48, #1701, #1137 ) ;
#1734 = CIRCLE ( 'NONE', #1501, 1.500000000021373300 ) ;
#1735 = FACE_OUTER_BOUND ( 'NONE', #1325, .T. ) ;
#1736 = ORIENTED_EDGE ( 'NONE', *, *, #758, .F. ) ;
#1737 = DIRECTION ( 'NONE',  ( 0.0000000000000000000, 1.000000000000000000, 0.0000000000000000000 ) ) ;
#1738 = VECTOR ( 'NONE', #68, 1000.000000000000000 ) ;
#1739 = CARTESIAN_POINT ( 'NONE',  ( 8.500000000000000000, 4.000000000000000000, 8.799999999999998900 ) ) ;
#1740 = ORIENTED_EDGE ( 'NONE', *, *, #1621, .F. ) ;
#1741 =( BOUNDED_CURVE ( )  B_SPLINE_CURVE ( 3, ( #1172, #77, #2079, #1739 ),
 .UNSPECIFIED., .F., .F. ) 
 B_SPLINE_CURVE_WITH_KNOTS ( ( 4, 4 ),
 ( 0.0000000000000000000, 1.000000000000000000 ),
 .UNSPECIFIED. ) 
 CURVE ( )  GEOMETRIC_REPRESENTATION_ITEM ( )  RATIONAL_B_SPLINE_CURVE ( ( 1.000000000000000000, 0.8047378541243636100, 0.8047378541243636100, 1.000000000000000000 ) ) 
 REPRESENTATION_ITEM ( '' )  );
#1742 = FILL_AREA_STYLE_COLOUR ( '', #2350 ) ;
#1743 = ORIENTED_EDGE ( 'NONE', *, *, #1885, .T. ) ;
#1744 = AXIS2_PLACEMENT_3D ( 'NONE', #1917, #1737, #822 ) ;
#1745 = FACE_OUTER_BOUND ( 'NONE', #67, .T. ) ;
#1746 = EDGE_LOOP ( 'NONE', ( #495, #2016, #1685, #1330, #1740, #872 ) ) ;
#1747 = EDGE_LOOP ( 'NONE', ( #545, #93, #1307, #323 ) ) ;
#1748 = FACE_OUTER_BOUND ( 'NONE', #1386, .T. ) ;
#1749 = CARTESIAN_POINT ( 'NONE',  ( 7.021175221205957900, 0.01982919162931568200, -8.904055092523970300 ) ) ;
#1750 = DIRECTION ( 'NONE',  ( -0.7071067811865475700, -0.0000000000000000000, -0.7071067811865475700 ) ) ;
#1751 = ORIENTED_EDGE ( 'NONE', *, *, #1168, .F. ) ;
#1752 = VECTOR ( 'NONE', #2071, 1000.000000000000000 ) ;
#1753 = CARTESIAN_POINT ( 'NONE',  ( -8.799999999999995400, 3.799999999999999800, 8.500000000000000000 ) ) ;
#1754 = EDGE_LOOP ( 'NONE', ( #2313, #2219 ) ) ;
#1755 = CIRCLE ( 'NONE', #1258, 2.100000000000000100 ) ;
#1756 = EDGE_CURVE ( 'NONE', #2067, #1999, #799, .T. ) ;
#1757 = ORIENTED_EDGE ( 'NONE', *, *, #2023, .T. ) ;
#1758 = DIRECTION ( 'NONE',  ( 0.0000000000000000000, 1.000000000000000000, 0.0000000000000000000 ) ) ;
#1759 = VECTOR ( 'NONE', #1785, 1000.000000000000000 ) ;
#1760 = DIRECTION ( 'NONE',  ( 0.0000000000000000000, 1.000000000000000000, 0.0000000000000000000 ) ) ;
#1761 = AXIS2_PLACEMENT_3D ( 'NONE', #673, #1421, #686 ) ;
#1762 = ORIENTED_EDGE ( 'NONE', *, *, #742, .F. ) ;
#1763 = CARTESIAN_POINT ( 'NONE',  ( 9.000000000000001800, 0.2000000000000000900, 8.499999999999998200 ) ) ;
#1764 =( NAMED_UNIT ( * ) SI_UNIT ( $, .STERADIAN. ) SOLID_ANGLE_UNIT ( ) );
#1765 = CARTESIAN_POINT ( 'NONE',  ( -8.999999999999998200, 3.800000000000000300, 8.792893218813452100 ) ) ;
#1766 = CARTESIAN_POINT ( 'NONE',  ( 0.0000000000000000000, 0.09999999999999939500, 3.199999999999997500 ) ) ;
#1767 = EDGE_CURVE ( 'NONE', #939, #729, #1659, .T. ) ;
#1768 = VERTEX_POINT ( 'NONE', #2349 ) ;
#1769 = DIRECTION ( 'NONE',  ( 0.7071067811865474600, -1.301042606982603400E-014, -0.7071067811865474600 ) ) ;
#1770 = CARTESIAN_POINT ( 'NONE',  ( 8.800000000000000700, 3.799999999999999800, 8.499999999999998200 ) ) ;
#1771 = ORIENTED_EDGE ( 'NONE', *, *, #142, .T. ) ;
#1772 = DIRECTION ( 'NONE',  ( 0.0000000000000000000, 0.0000000000000000000, -1.000000000000000000 ) ) ;
#1773 = VERTEX_POINT ( 'NONE', #2005 ) ;
#1774 = VECTOR ( 'NONE', #784, 1000.000000000000000 ) ;
#1775 = DIRECTION ( 'NONE',  ( 0.7071067811865474600, 0.0000000000000000000, 0.7071067811865474600 ) ) ;
#1776 = VERTEX_POINT ( 'NONE', #897 ) ;
#1777 = DIRECTION ( 'NONE',  ( -1.000000000000000000, 0.0000000000000000000, 0.0000000000000000000 ) ) ;
#1778 = ORIENTED_EDGE ( 'NONE', *, *, #301, .T. ) ;
#1779 =( BOUNDED_CURVE ( )  B_SPLINE_CURVE ( 3, ( #587, #2247, #1484, #1329 ),
 .UNSPECIFIED., .F., .T. ) 
 B_SPLINE_CURVE_WITH_KNOTS ( ( 4, 4 ),
 ( 0.0000000000000000000, 1.000000000000000000 ),
 .UNSPECIFIED. ) 
 CURVE ( )  GEOMETRIC_REPRESENTATION_ITEM ( )  RATIONAL_B_SPLINE_CURVE ( ( 1.000000000000000000, 0.8047378541243650500, 0.8047378541243650500, 1.000000000000000000 ) ) 
 REPRESENTATION_ITEM ( '' )  );
#1780 = FACE_BOUND ( 'NONE', #793, .T. ) ;
#1781 =( GEOMETRIC_REPRESENTATION_CONTEXT ( 3 ) GLOBAL_UNCERTAINTY_ASSIGNED_CONTEXT ( ( #1346 ) ) GLOBAL_UNIT_ASSIGNED_CONTEXT ( ( #1174, #1554, #1541 ) ) REPRESENTATION_CONTEXT ( 'NONE', 'WORKASPACE' ) );
#1782 = ORIENTED_EDGE ( 'NONE', *, *, #2264, .T. ) ;
#1783 = DIRECTION ( 'NONE',  ( 0.0000000000000000000, 1.000000000000000000, 0.0000000000000000000 ) ) ;
#1784 = EDGE_CURVE ( 'NONE', #697, #832, #2272, .T. ) ;
#1785 = DIRECTION ( 'NONE',  ( -0.0000000000000000000, -1.000000000000000000, -0.0000000000000000000 ) ) ;
#1786 = VECTOR ( 'NONE', #1987, 1000.000000000000000 ) ;
#1787 = VERTEX_POINT ( 'NONE', #2000 ) ;
#1788 = CARTESIAN_POINT ( 'NONE',  ( 0.0000000000000000000, 3.799999999999999800, 1.799999999999997600 ) ) ;
#1789 = CARTESIAN_POINT ( 'NONE',  ( 8.941421356237308200, 0.2000000000000000400, -7.058578643762690100 ) ) ;
#1790 = DIRECTION ( 'NONE',  ( 0.0000000000000000000, 1.000000000000000000, 0.0000000000000000000 ) ) ;
#1791 = EDGE_CURVE ( 'NONE', #1245, #485, #371, .T. ) ;
#1792 = AXIS2_PLACEMENT_3D ( 'NONE', #613, #1712, #621 ) ;
#1793 = CARTESIAN_POINT ( 'NONE',  ( 8.500000000000000000, 0.2000000000000000900, 8.499999999999998200 ) ) ;
#1794 = CARTESIAN_POINT ( 'NONE',  ( -8.499999999999996400, 4.000000000000000000, 8.499999999999998200 ) ) ;
#1795 = LINE ( 'NONE', #366, #1003 ) ;
#1796 = ORIENTED_EDGE ( 'NONE', *, *, #591, .F. ) ;
#1797 = DIRECTION ( 'NONE',  ( -0.0000000000000000000, 1.000000000000000000, -0.0000000000000000000 ) ) ;
#1798 = AXIS2_PLACEMENT_3D ( 'NONE', #1279, #1486, #1699 ) ;
#1799 = ADVANCED_FACE ( 'NONE', ( #736 ), #2097, .F. ) ;
#1800 = EDGE_LOOP ( 'NONE', ( #1420, #522, #727, #1822, #1076, #2328 ) ) ;
#1801 = VECTOR ( 'NONE', #732, 1000.000000000000000 ) ;
#1802 = EDGE_LOOP ( 'NONE', ( #1698, #841, #994, #1035 ) ) ;
#1803 = AXIS2_PLACEMENT_3D ( 'NONE', #1094, #1121, #1495 ) ;
#1804 = SURFACE_STYLE_USAGE ( .BOTH. , #1074 ) ;
#1805 = DIRECTION ( 'NONE',  ( 0.0000000000000000000, 0.0000000000000000000, -1.000000000000000000 ) ) ;
#1806 = EDGE_LOOP ( 'NONE', ( #1241, #2045 ) ) ;
#1807 = CIRCLE ( 'NONE', #541, 2.100000000000000100 ) ;
#1808 = CARTESIAN_POINT ( 'NONE',  ( 8.500000000000000000, 0.2000000000000000900, 8.799999999999998900 ) ) ;
#1809 = DIRECTION ( 'NONE',  ( -6.921730337728899100E-015, -0.0000000000000000000, -1.000000000000000000 ) ) ;
#1810 =( BOUNDED_CURVE ( )  B_SPLINE_CURVE ( 3, ( #10, #1284, #574, #1468 ),
 .UNSPECIFIED., .F., .F. ) 
 B_SPLINE_CURVE_WITH_KNOTS ( ( 4, 4 ),
 ( 0.0000000000000000000, 1.000000000000000000 ),
 .UNSPECIFIED. ) 
 CURVE ( )  GEOMETRIC_REPRESENTATION_ITEM ( )  RATIONAL_B_SPLINE_CURVE ( ( 1.000000000000000000, 0.8047378541243622700, 0.8047378541243622700, 1.000000000000000000 ) ) 
 REPRESENTATION_ITEM ( '' )  );
#1811 = EDGE_CURVE ( 'NONE', #2285, #744, #1162, .T. ) ;
#1812 = LINE ( 'NONE', #1248, #240 ) ;
#1813 = CARTESIAN_POINT ( 'NONE',  ( 6.917157287525380800, 3.799999999999999800, -8.799999999999998900 ) ) ;
#1814 = EDGE_CURVE ( 'NONE', #22, #113, #2151, .T. ) ;
#1815 = CARTESIAN_POINT ( 'NONE',  ( -8.792893218813448500, 0.2000000000000000900, 9.000000000000003600 ) ) ;
#1816 = APPLICATION_CONTEXT ( 'automotive_design' ) ;
#1817 = CARTESIAN_POINT ( 'NONE',  ( -8.499999999999994700, 0.2000000000000000900, -8.799999999999998900 ) ) ;
#1818 = CARTESIAN_POINT ( 'NONE',  ( 8.917157287525379100, 8.848897779465002100E-017, 8.499999999999998200 ) ) ;
#1819 = CARTESIAN_POINT ( 'NONE',  ( 8.800000000000000700, 4.000000000000000000, 8.675735931288068400 ) ) ;
#1820 = AXIS2_PLACEMENT_3D ( 'NONE', #2137, #108, #1955 ) ;
#1821 = PLANE ( 'NONE',  #151 ) ;
#1822 = ORIENTED_EDGE ( 'NONE', *, *, #1710, .T. ) ;
#1823 = EDGE_CURVE ( 'NONE', #832, #1277, #797, .T. ) ;
#1824 = ORIENTED_EDGE ( 'NONE', *, *, #398, .T. ) ;
#1825 = FILL_AREA_STYLE ('',( #2371 ) ) ;
#1826 = ADVANCED_FACE ( 'NONE', ( #1216, #64 ), #720, .T. ) ;
#1827 = DIRECTION ( 'NONE',  ( -1.000000000000000000, 0.0000000000000000000, -1.224646799147353200E-016 ) ) ;
#1828 = CLOSED_SHELL ( 'NONE', ( #1855, #1309, #2224, #1639, #578, #1426 ) ) ;
#1829 = EDGE_CURVE ( 'NONE', #415, #2332, #825, .T. ) ;
#1830 = CARTESIAN_POINT ( 'NONE',  ( -8.499999999999992900, 8.131516293641283300E-017, 8.800000000000000700 ) ) ;
#1831 = ORIENTED_EDGE ( 'NONE', *, *, #924, .T. ) ;
#1832 = CYLINDRICAL_SURFACE ( 'NONE', #1396, 2.100000000000000100 ) ;
#1833 = CARTESIAN_POINT ( 'NONE',  ( -8.499999999999998200, 4.000000000000000000, -9.000000000000000000 ) ) ;
#1834 = VERTEX_POINT ( 'NONE', #1439 ) ;
#1835 = CARTESIAN_POINT ( 'NONE',  ( -8.799999999999998900, 3.799999999999999800, -8.499999999999996400 ) ) ;
#1836 = CARTESIAN_POINT ( 'NONE',  ( 9.000000000000001800, 3.799999999999999800, 8.499999999999998200 ) ) ;
#1837 = ORIENTED_EDGE ( 'NONE', *, *, #1341, .T. ) ;
#1838 = CARTESIAN_POINT ( 'NONE',  ( -8.799999999999998900, 4.000000000000000000, -8.499999999999996400 ) ) ;
#1839 = LINE ( 'NONE', #667, #678 ) ;
#1840 = DIRECTION ( 'NONE',  ( 1.119176436114069300E-016, -0.0000000000000000000, 1.000000000000000000 ) ) ;
#1841 = ORIENTED_EDGE ( 'NONE', *, *, #201, .T. ) ;
#1842 = AXIS2_PLACEMENT_3D ( 'NONE', #387, #1091, #1854 ) ;
#1843 = ADVANCED_FACE ( 'NONE', ( #124 ), #1449, .T. ) ;
#1844 = LINE ( 'NONE', #1056, #295 ) ;
#1845 = DIRECTION ( 'NONE',  ( 1.000000000000000000, 0.0000000000000000000, 0.0000000000000000000 ) ) ;
#1846 = VERTEX_POINT ( 'NONE', #13 ) ;
#1847 = VECTOR ( 'NONE', #910, 1000.000000000000000 ) ;
#1848 = CARTESIAN_POINT ( 'NONE',  ( 8.800000000000000700, -8.809142651444723500E-017, 8.499999999999998200 ) ) ;
#1849 = ORIENTED_EDGE ( 'NONE', *, *, #777, .F. ) ;
#1850 = EDGE_CURVE ( 'NONE', #1334, #1372, #2206, .T. ) ;
#1851 = CARTESIAN_POINT ( 'NONE',  ( 0.0000000000000000000, 0.1000000000000000100, 1.800000000000001200 ) ) ;
#1852 = CARTESIAN_POINT ( 'NONE',  ( -9.000000000000001800, 3.917157287525382200, -8.499999999999994700 ) ) ;
#1853 = AXIS2_PLACEMENT_3D ( 'NONE', #813, #2295, #1180 ) ;
#1854 = DIRECTION ( 'NONE',  ( 0.0000000000000000000, 0.0000000000000000000, 1.000000000000000000 ) ) ;
#1855 = ADVANCED_FACE ( 'NONE', ( #1130 ), #1960, .F. ) ;
#1856 = CARTESIAN_POINT ( 'NONE',  ( -7.500000000000000000, 3.799999999999999800, -7.500000000000001800 ) ) ;
#1857 = ORIENTED_EDGE ( 'NONE', *, *, #364, .F. ) ;
#1858 = DIRECTION ( 'NONE',  ( -0.0000000000000000000, 1.000000000000000000, -0.0000000000000000000 ) ) ;
#1859 = DIRECTION ( 'NONE',  ( -0.0000000000000000000, 1.000000000000000000, 0.0000000000000000000 ) ) ;
#1860 = FACE_OUTER_BOUND ( 'NONE', #2026, .T. ) ;
#1861 = DIRECTION ( 'NONE',  ( 0.0000000000000000000, -0.0000000000000000000, 1.000000000000000000 ) ) ;
#1862 = EDGE_CURVE ( 'NONE', #2348, #294, #1165, .T. ) ;
#1863 = DIRECTION ( 'NONE',  ( 0.0000000000000000000, 1.000000000000000000, -0.0000000000000000000 ) ) ;
#1864 = ORIENTED_EDGE ( 'NONE', *, *, #998, .F. ) ;
#1865 = CARTESIAN_POINT ( 'NONE',  ( -8.799999999999997200, 0.2000000000000000900, 8.499999999999994700 ) ) ;
#1866 = LINE ( 'NONE', #1663, #1801 ) ;
#1867 = CONICAL_SURFACE ( 'NONE', #381, 1.499999999967442500, 1.047197551270431200 ) ;
#1868 = EDGE_CURVE ( 'NONE', #1717, #959, #1779, .T. ) ;
#1869 = ORIENTED_EDGE ( 'NONE', *, *, #1240, .T. ) ;
#1870 = CIRCLE ( 'NONE', #203, 0.2000000000000002900 ) ;
#1871 = ADVANCED_FACE ( 'NONE', ( #2319 ), #938, .F. ) ;
#1872 = AXIS2_PLACEMENT_3D ( 'NONE', #302, #2126, #470 ) ;
#1873 = CARTESIAN_POINT ( 'NONE',  ( 8.927675165784206100E-017, 0.1000000000000000100, 2.529000000000001200 ) ) ;
#1874 = CARTESIAN_POINT ( 'NONE',  ( 6.971249471705415400, 3.918034671099019900, -9.000000000000000000 ) ) ;
#1875 = ORIENTED_EDGE ( 'NONE', *, *, #1616, .T. ) ;
#1876 = FILL_AREA_STYLE ('',( #104 ) ) ;
#1877 = CARTESIAN_POINT ( 'NONE',  ( 0.0000000000000000000, 3.799999999999999800, 1.799999999999997600 ) ) ;
#1878 = ORIENTED_EDGE ( 'NONE', *, *, #2215, .T. ) ;
#1879 = VECTOR ( 'NONE', #1657, 1000.000000000000000 ) ;
#1880 = ORIENTED_EDGE ( 'NONE', *, *, #1899, .F. ) ;
#1881 = CARTESIAN_POINT ( 'NONE',  ( 2.571758278209442000E-016, 4.000000000000000000, -0.3000000000000027600 ) ) ;
#1882 = EDGE_CURVE ( 'NONE', #740, #513, #2205, .T. ) ;
#1883 = DIRECTION ( 'NONE',  ( -1.000000000000000000, -0.0000000000000000000, 0.0000000000000000000 ) ) ;
#1884 = CARTESIAN_POINT ( 'NONE',  ( 1.714505518806294400E-016, 0.09999999999999982500, 0.3999999999999975800 ) ) ;
#1885 = EDGE_CURVE ( 'NONE', #1146, #380, #2270, .T. ) ;
#1886 = AXIS2_PLACEMENT_3D ( 'NONE', #437, #1910, #1728 ) ;
#1887 = DIRECTION ( 'NONE',  ( 0.0000000000000000000, -1.000000000000000000, 0.0000000000000000000 ) ) ;
#1888 = ORIENTED_EDGE ( 'NONE', *, *, #1706, .F. ) ;
#1889 = CARTESIAN_POINT ( 'NONE',  ( 6.917157287525380800, 0.2000000000000000900, -8.799999999999998900 ) ) ;
#1890 = DIRECTION ( 'NONE',  ( 0.0000000000000000000, 1.000000000000000000, 0.0000000000000000000 ) ) ;
#1891 = CYLINDRICAL_SURFACE ( 'NONE', #38, 0.2000000000000005100 ) ;
#1892 =( BOUNDED_SURFACE ( )  B_SPLINE_SURFACE ( 3, 3, ( 
 ( #2367, #2030, #912, #2202 ),
 ( #335, #900, #533, #695 ),
 ( #1444, #2002, #160, #1818 ),
 ( #355, #1637, #542, #883 ) ),
 .UNSPECIFIED., .F., .F., .F. ) 
 B_SPLINE_SURFACE_WITH_KNOTS ( ( 4, 4 ),
 ( 4, 4 ),
 ( 0.0000000000000000000, 1.000000000000000000 ),
 ( 0.0000000000000000000, 1.000000000000000000 ),
 .UNSPECIFIED. ) 
 GEOMETRIC_REPRESENTATION_ITEM ( )  RATIONAL_B_SPLINE_SURFACE ( (
 ( 1.000000000000000000, 0.8047378541243649400, 0.8047378541243649400, 1.000000000000000000),
 ( 0.8047378541243649400, 0.6476030138606876400, 0.6476030138606876400, 0.8047378541243649400),
 ( 0.8047378541243649400, 0.6476030138606876400, 0.6476030138606876400, 0.8047378541243649400),
 ( 1.000000000000000000, 0.8047378541243649400, 0.8047378541243649400, 1.000000000000000000) ) ) 
 REPRESENTATION_ITEM ( '' )  SURFACE ( )  );
#1893 = VERTEX_POINT ( 'NONE', #1499 ) ;
#1894 = FACE_OUTER_BOUND ( 'NONE', #716, .T. ) ;
#1895 = CARTESIAN_POINT ( 'NONE',  ( -7.500000000000000000, 3.799999999999999800, 5.899999999999999500 ) ) ;
#1896 = CARTESIAN_POINT ( 'NONE',  ( 0.0000000000000000000, 0.0000000000000000000, 1.799999999999997600 ) ) ;
#1897 = CARTESIAN_POINT ( 'NONE',  ( -8.799999999999995400, 4.000000000000000000, 8.499999999999996400 ) ) ;
#1898 = ORIENTED_EDGE ( 'NONE', *, *, #2165, .T. ) ;
#1899 = EDGE_CURVE ( 'NONE', #1951, #1645, #515, .T. ) ;
#1900 = VECTOR ( 'NONE', #1560, 1000.000000000000000 ) ;
#1901 = DIRECTION ( 'NONE',  ( 0.0000000000000000000, 1.000000000000000000, 0.0000000000000000000 ) ) ;
#1902 = ORIENTED_EDGE ( 'NONE', *, *, #677, .F. ) ;
#1903 = AXIS2_PLACEMENT_3D ( 'NONE', #1714, #2310, #643 ) ;
#1904 = ORIENTED_EDGE ( 'NONE', *, *, #1397, .F. ) ;
#1905 = CIRCLE ( 'NONE', #1051, 2.100000000000000100 ) ;
#1906 = VECTOR ( 'NONE', #163, 1000.000000000000000 ) ;
#1907 = VERTEX_POINT ( 'NONE', #1708 ) ;
#1908 = COLOUR_RGB ( '',0.0000000000000000000, 0.0000000000000000000, 0.0000000000000000000 ) ;
#1909 = CARTESIAN_POINT ( 'NONE',  ( 5.899999999999998600, 4.000000000000000000, -7.499999999999999100 ) ) ;
#1910 = DIRECTION ( 'NONE',  ( 0.0000000000000000000, 0.0000000000000000000, 1.000000000000000000 ) ) ;
#1911 = CIRCLE ( 'NONE', #2189, 0.1999999999999996500 ) ;
#1912 = DIRECTION ( 'NONE',  ( 0.7071067811865475700, -0.0000000000000000000, 0.7071067811865475700 ) ) ;
#1913 = ORIENTED_EDGE ( 'NONE', *, *, #223, .T. ) ;
#1914 = CARTESIAN_POINT ( 'NONE',  ( -1.714505518806294400E-016, 0.0000000000000000000, 3.199999999999997500 ) ) ;
#1915 = AXIS2_PLACEMENT_3D ( 'NONE', #2307, #1758, #1542 ) ;
#1916 = VERTEX_POINT ( 'NONE', #2072 ) ;
#1917 = CARTESIAN_POINT ( 'NONE',  ( 0.0000000000000000000, 4.000000000000000000, 1.799999999999997600 ) ) ;
#1918 = DIRECTION ( 'NONE',  ( 0.0000000000000000000, 1.000000000000000000, 0.0000000000000000000 ) ) ;
#1919 = STYLED_ITEM ( 'NONE', ( #561 ), #875 ) ;
#1920 = EDGE_CURVE ( 'NONE', #1907, #1303, #89, .T. ) ;
#1921 = CARTESIAN_POINT ( 'NONE',  ( 1.836970198747204300E-016, 4.000000000000000000, 0.2999999999786244200 ) ) ;
#1922 = PLANE ( 'NONE',  #1658 ) ;
#1923 = CARTESIAN_POINT ( 'NONE',  ( 0.0000000000000000000, 3.799999999999999800, 1.799999999999997600 ) ) ;
#1924 = LINE ( 'NONE', #1080, #1404 ) ;
#1925 = CARTESIAN_POINT ( 'NONE',  ( 0.0000000000000000000, -1.700000000000000000, 1.800000000000001200 ) ) ;
#1926 = ORIENTED_EDGE ( 'NONE', *, *, #2215, .F. ) ;
#1927 = CARTESIAN_POINT ( 'NONE',  ( 8.798115072313368800, 3.999991117421790600, -6.917157287525379100 ) ) ;
#1928 = ORIENTED_EDGE ( 'NONE', *, *, #1811, .T. ) ;
#1929 = VECTOR ( 'NONE', #1690, 1000.000000000000000 ) ;
#1930 = SHAPE_DEFINITION_REPRESENTATION ( #1347, #875 ) ;
#1931 = ORIENTED_EDGE ( 'NONE', *, *, #115, .T. ) ;
#1932 = FACE_OUTER_BOUND ( 'NONE', #2196, .T. ) ;
#1933 = EDGE_CURVE ( 'NONE', #1916, #415, #1594, .T. ) ;
#1934 = DIRECTION ( 'NONE',  ( 0.0000000000000000000, -1.000000000000000000, -0.0000000000000000000 ) ) ;
#1935 = CARTESIAN_POINT ( 'NONE',  ( 0.0000000000000000000, -3.959797974644666300, 1.799999999999997600 ) ) ;
#1936 = ORIENTED_EDGE ( 'NONE', *, *, #147, .F. ) ;
#1937 = AXIS2_PLACEMENT_3D ( 'NONE', #234, #2049, #560 ) ;
#1938 = VECTOR ( 'NONE', #2007, 1000.000000000000000 ) ;
#1939 = ORIENTED_EDGE ( 'NONE', *, *, #1523, .T. ) ;
#1940 = CYLINDRICAL_SURFACE ( 'NONE', #1062, 0.4499999999999996800 ) ;
#1941 = EDGE_LOOP ( 'NONE', ( #1736, #734, #99, #1282 ) ) ;
#1942 = CARTESIAN_POINT ( 'NONE',  ( 6.917157287525380800, 0.1999999999999970700, -9.000000000000000000 ) ) ;
#1943 = DIRECTION ( 'NONE',  ( 0.0000000000000000000, -1.000000000000000000, 0.0000000000000000000 ) ) ;
#1944 = CARTESIAN_POINT ( 'NONE',  ( -7.500000000000000000, 3.800000000000000700, -7.500000000000001800 ) ) ;
#1945 = ADVANCED_FACE ( 'NONE', ( #538 ), #582, .F. ) ;
#1946 = CARTESIAN_POINT ( 'NONE',  ( 9.000000000000000000, 0.2000000000000005100, -6.917157287525380800 ) ) ;
#1947 = APPLICATION_PROTOCOL_DEFINITION ( 'draft international standard', 'automotive_design', 1998, #647 ) ;
#1948 = EDGE_CURVE ( 'NONE', #22, #1243, #27, .T. ) ;
#1949 =( NAMED_UNIT ( * ) PLANE_ANGLE_UNIT ( ) SI_UNIT ( $, .RADIAN. ) );
#1950 = DIRECTION ( 'NONE',  ( 0.0000000000000000000, 0.0000000000000000000, 1.000000000000000000 ) ) ;
#1951 = VERTEX_POINT ( 'NONE', #1909 ) ;
#1952 = STYLED_ITEM ( 'NONE', ( #855 ), #1084 ) ;
#1953 = ORIENTED_EDGE ( 'NONE', *, *, #552, .T. ) ;
#1954 = FACE_OUTER_BOUND ( 'NONE', #911, .T. ) ;
#1955 = DIRECTION ( 'NONE',  ( -1.000000000000000000, 0.0000000000000000000, -1.294569758191647200E-016 ) ) ;
#1956 = VERTEX_POINT ( 'NONE', #791 ) ;
#1957 = EDGE_LOOP ( 'NONE', ( #1598, #1, #466, #931 ) ) ;
#1958 = EDGE_CURVE ( 'NONE', #2318, #652, #2018, .T. ) ;
#1959 = CARTESIAN_POINT ( 'NONE',  ( -8.500000000000000000, 0.2000000000000000900, -8.799999999999997200 ) ) ;
#1960 = CYLINDRICAL_SURFACE ( 'NONE', #675, 0.7290000000000000900 ) ;
#1961 = CYLINDRICAL_SURFACE ( 'NONE', #1422, 1.399999999999999900 ) ;
#1962 = EDGE_CURVE ( 'NONE', #761, #2237, #1870, .T. ) ;
#1963 = VERTEX_POINT ( 'NONE', #2080 ) ;
#1964 = CARTESIAN_POINT ( 'NONE',  ( 0.0000000000000000000, 4.000000000044805900, 1.799999999999997600 ) ) ;
#1965 = FACE_OUTER_BOUND ( 'NONE', #1651, .T. ) ;
#1966 = CARTESIAN_POINT ( 'NONE',  ( 8.500000000000000000, 3.799999999999999800, 8.799999999999997200 ) ) ;
#1967 =( GEOMETRIC_REPRESENTATION_CONTEXT ( 3 ) GLOBAL_UNCERTAINTY_ASSIGNED_CONTEXT ( ( #2037 ) ) GLOBAL_UNIT_ASSIGNED_CONTEXT ( ( #1254, #901, #894 ) ) REPRESENTATION_CONTEXT ( 'NONE', 'WORKASPACE' ) );
#1968 = ORIENTED_EDGE ( 'NONE', *, *, #1571, .F. ) ;
#1969 =( BOUNDED_SURFACE ( )  B_SPLINE_SURFACE ( 3, 3, ( 
 ( #2314, #2352, #314, #863 ),
 ( #1203, #2342, #1603, #514 ),
 ( #1567, #1974, #136, #480 ),
 ( #858, #1765, #1225, #1581 ) ),
 .UNSPECIFIED., .F., .F., .F. ) 
 B_SPLINE_SURFACE_WITH_KNOTS ( ( 4, 4 ),
 ( 4, 4 ),
 ( 0.0000000000000000000, 1.000000000000000000 ),
 ( 0.0000000000000000000, 1.000000000000000000 ),
 .UNSPECIFIED. ) 
 GEOMETRIC_REPRESENTATION_ITEM ( )  RATIONAL_B_SPLINE_SURFACE ( (
 ( 1.000000000000000000, 0.8047378541243617200, 0.8047378541243617200, 1.000000000000000000),
 ( 0.8047378541243649400, 0.6476030138606850800, 0.6476030138606850800, 0.8047378541243649400),
 ( 0.8047378541243649400, 0.6476030138606850800, 0.6476030138606850800, 0.8047378541243649400),
 ( 1.000000000000000000, 0.8047378541243617200, 0.8047378541243617200, 1.000000000000000000) ) ) 
 REPRESENTATION_ITEM ( '' )  SURFACE ( )  );
#1970 = ORIENTED_EDGE ( 'NONE', *, *, #176, .T. ) ;
#1971 = CARTESIAN_POINT ( 'NONE',  ( -7.500000000000000000, 4.000000000000000000, 5.899999999999999500 ) ) ;
#1972 = PLANE ( 'NONE',  #439 ) ;
#1973 = MECHANICAL_DESIGN_GEOMETRIC_PRESENTATION_REPRESENTATION (  '', ( #1919 ), #145 ) ;
#1974 = CARTESIAN_POINT ( 'NONE',  ( -8.999999999999998200, 3.917157287525381300, 8.792893218813452100 ) ) ;
#1975 = DIRECTION ( 'NONE',  ( -0.0000000000000000000, -1.000000000000000000, -0.0000000000000000000 ) ) ;
#1976 = CARTESIAN_POINT ( 'NONE',  ( 8.916144501151402200, 0.08219626696128949600, -7.118260839044854300 ) ) ;
#1977 = VERTEX_POINT ( 'NONE', #615 ) ;
#1978 = DIRECTION ( 'NONE',  ( -0.7071067811865479100, 0.0000000000000000000, -0.7071067811865471300 ) ) ;
#1979 = AXIS2_PLACEMENT_3D ( 'NONE', #483, #660, #1025 ) ;
#1980 = DIRECTION ( 'NONE',  ( -0.0000000000000000000, -1.000000000000000000, -0.0000000000000000000 ) ) ;
#1981 = FACE_OUTER_BOUND ( 'NONE', #8, .T. ) ;
#1982 = ORIENTED_EDGE ( 'NONE', *, *, #638, .F. ) ;
#1983 = CARTESIAN_POINT ( 'NONE',  ( 0.0000000000000000000, 3.799999999999999800, 3.300000000021370700 ) ) ;
#1984 = ORIENTED_EDGE ( 'NONE', *, *, #427, .T. ) ;
#1985 = CARTESIAN_POINT ( 'NONE',  ( 8.675735931288072000, 4.000000000000000000, 8.799999999999998900 ) ) ;
#1986 = CYLINDRICAL_SURFACE ( 'NONE', #1792, 2.100000000000000100 ) ;
#1987 = DIRECTION ( 'NONE',  ( -1.000000000000000000, -0.0000000000000000000, 0.0000000000000000000 ) ) ;
#1988 = LINE ( 'NONE', #1023, #1475 ) ;
#1989 = CARTESIAN_POINT ( 'NONE',  ( 0.0000000000000000000, 0.0000000000000000000, 1.800000000000001200 ) ) ;
#1990 = ORIENTED_EDGE ( 'NONE', *, *, #795, .F. ) ;
#1991 = LINE ( 'NONE', #173, #2323 ) ;
#1992 = ORIENTED_EDGE ( 'NONE', *, *, #914, .T. ) ;
#1993 = ADVANCED_FACE ( 'NONE', ( #1188 ), #1535, .F. ) ;
#1994 = VECTOR ( 'NONE', #976, 1000.000000000000100 ) ;
#1995 = FACE_OUTER_BOUND ( 'NONE', #1453, .T. ) ;
#1996 = VERTEX_POINT ( 'NONE', #1727 ) ;
#1997 = STYLED_ITEM ( 'NONE', ( #116 ), #36 ) ;
#1998 = FACE_OUTER_BOUND ( 'NONE', #1392, .T. ) ;
#1999 = VERTEX_POINT ( 'NONE', #802 ) ;
#2000 = CARTESIAN_POINT ( 'NONE',  ( 7.500000000000000000, 3.799999999999999800, 7.500000000000000000 ) ) ;
#2001 = MECHANICAL_DESIGN_GEOMETRIC_PRESENTATION_REPRESENTATION (  '', ( #1952 ), #2107 ) ;
#2002 = CARTESIAN_POINT ( 'NONE',  ( 8.744365081389595700, 8.848897779465004600E-017, 8.917157287525379100 ) ) ;
#2003 = CARTESIAN_POINT ( 'NONE',  ( -8.799999999999995400, 4.000000000000000000, 8.499999999999996400 ) ) ;
#2004 = CARTESIAN_POINT ( 'NONE',  ( 0.0000000000000000000, 4.000000000000000000, 1.799999999999997600 ) ) ;
#2005 = CARTESIAN_POINT ( 'NONE',  ( 7.500000000000000000, 4.000000000000000000, 7.500000000000000000 ) ) ;
#2006 = CARTESIAN_POINT ( 'NONE',  ( -8.500000000000000000, 3.799999999999999800, -9.000000000000000000 ) ) ;
#2007 = DIRECTION ( 'NONE',  ( 1.119176436114069300E-016, -0.0000000000000000000, 1.000000000000000000 ) ) ;
#2008 = EDGE_LOOP ( 'NONE', ( #1175, #1968, #854, #1984 ) ) ;
#2009 = EDGE_CURVE ( 'NONE', #1448, #217, #590, .T. ) ;
#2010 = CARTESIAN_POINT ( 'NONE',  ( 8.917157287525379100, 4.000000000000000000, 8.499999999999998200 ) ) ;
#2011 = PRESENTATION_STYLE_ASSIGNMENT (( #1246 ) ) ;
#2012 = AXIS2_PLACEMENT_3D ( 'NONE', #2185, #1797, #867 ) ;
#2013 = ORIENTED_EDGE ( 'NONE', *, *, #248, .T. ) ;
#2014 = DIRECTION ( 'NONE',  ( 1.000000000000000000, -0.0000000000000000000, -1.020425574104004500E-016 ) ) ;
#2015 = CIRCLE ( 'NONE', #1733, 0.7290000000000000900 ) ;
#2016 = ORIENTED_EDGE ( 'NONE', *, *, #2134, .F. ) ;
#2017 = DIRECTION ( 'NONE',  ( 1.000000000000000000, 0.0000000000000000000, 0.0000000000000000000 ) ) ;
#2018 = CIRCLE ( 'NONE', #809, 1.399999999999999900 ) ;
#2019 = AXIS2_PLACEMENT_3D ( 'NONE', #1788, #1425, #2340 ) ;
#2020 = VERTEX_POINT ( 'NONE', #1000 ) ;
#2021 = VECTOR ( 'NONE', #1943, 1000.000000000000000 ) ;
#2022 = DIRECTION ( 'NONE',  ( -0.7071067811865477900, 0.0000000000000000000, -0.7071067811865473500 ) ) ;
#2023 = EDGE_CURVE ( 'NONE', #934, #2138, #1411, .T. ) ;
#2024 = CARTESIAN_POINT ( 'NONE',  ( 8.500000000000000000, 3.799999999999999800, 8.799999999999998900 ) ) ;
#2025 = FACE_OUTER_BOUND ( 'NONE', #2052, .T. ) ;
#2026 = EDGE_LOOP ( 'NONE', ( #2039, #2311, #880, #1186 ) ) ;
#2027 = EDGE_CURVE ( 'NONE', #155, #1916, #2294, .T. ) ;
#2028 = APPLICATION_PROTOCOL_DEFINITION ( 'draft international standard', 'automotive_design', 1998, #1816 ) ;
#2029 = DIRECTION ( 'NONE',  ( -0.0000000000000000000, -1.000000000000000000, -0.0000000000000000000 ) ) ;
#2030 = CARTESIAN_POINT ( 'NONE',  ( 8.792893218813453900, 0.2000000000000000900, 9.000000000000000000 ) ) ;
#2031 = CARTESIAN_POINT ( 'NONE',  ( -9.000000000000001800, 3.799999999999999800, -8.499999999999992900 ) ) ;
#2032 = CARTESIAN_POINT ( 'NONE',  ( -8.675735931288070200, 8.131516293641283300E-017, 8.800000000000002500 ) ) ;
#2033 = DIRECTION ( 'NONE',  ( 0.0000000000000000000, 0.0000000000000000000, -1.000000000000000000 ) ) ;
#2034 = PRODUCT_RELATED_PRODUCT_CATEGORY ( 'part', '', ( #459 ) ) ;
#2035 = ORIENTED_EDGE ( 'NONE', *, *, #532, .T. ) ;
#2036 = EDGE_CURVE ( 'NONE', #664, #2138, #1988, .T. ) ;
#2037 = UNCERTAINTY_MEASURE_WITH_UNIT (LENGTH_MEASURE( 1.000000000000000100E-005 ), #1254, 'distance_accuracy_value', 'NONE');
#2038 = CARTESIAN_POINT ( 'NONE',  ( 16.35857864376268700, 4.000000000000000000, 0.6414213562373094500 ) ) ;
#2039 = ORIENTED_EDGE ( 'NONE', *, *, #1948, .T. ) ;
#2040 = ADVANCED_FACE ( 'NONE', ( #707, #651 ), #788, .T. ) ;
#2041 = VERTEX_POINT ( 'NONE', #840 ) ;
#2042 = CYLINDRICAL_SURFACE ( 'NONE', #432, 0.2000000000000002100 ) ;
#2043 = AXIS2_PLACEMENT_3D ( 'NONE', #410, #1117, #940 ) ;
#2044 = LINE ( 'NONE', #974, #1423 ) ;
#2045 = ORIENTED_EDGE ( 'NONE', *, *, #1026, .F. ) ;
#2046 = EDGE_CURVE ( 'NONE', #740, #435, #1691, .T. ) ;
#2047 = ADVANCED_FACE ( 'NONE', ( #1129 ), #60, .T. ) ;
#2048 = CARTESIAN_POINT ( 'NONE',  ( -7.500000000000000000, 3.799999999999999800, 5.900000000000000400 ) ) ;
#2049 = DIRECTION ( 'NONE',  ( -0.0000000000000000000, 1.000000000000000000, -0.0000000000000000000 ) ) ;
#2050 = DIRECTION ( 'NONE',  ( 0.0000000000000000000, 1.000000000000000000, 0.0000000000000000000 ) ) ;
#2051 = AXIS2_PLACEMENT_3D ( 'NONE', #1989, #1403, #2167 ) ;
#2052 = EDGE_LOOP ( 'NONE', ( #1590, #604, #962, #2109 ) ) ;
#2053 = DIRECTION ( 'NONE',  ( -0.0000000000000000000, 1.000000000000000000, -0.0000000000000000000 ) ) ;
#2054 = DIRECTION ( 'NONE',  ( -1.000000000000000000, -0.0000000000000000000, -0.0000000000000000000 ) ) ;
#2055 = ORIENTED_EDGE ( 'NONE', *, *, #2046, .F. ) ;
#2056 = CARTESIAN_POINT ( 'NONE',  ( 0.0000000000000000000, 3.799999999999999800, 0.0000000000000000000 ) ) ;
#2057 = FACE_OUTER_BOUND ( 'NONE', #420, .T. ) ;
#2058 =( GEOMETRIC_REPRESENTATION_CONTEXT ( 3 ) GLOBAL_UNCERTAINTY_ASSIGNED_CONTEXT ( ( #808 ) ) GLOBAL_UNIT_ASSIGNED_CONTEXT ( ( #2193, #1079, #362 ) ) REPRESENTATION_CONTEXT ( 'NONE', 'WORKASPACE' ) );
#2059 = ADVANCED_FACE ( 'NONE', ( #1932 ), #312, .F. ) ;
#2060 = ORIENTED_EDGE ( 'NONE', *, *, #364, .T. ) ;
#2061 = LINE ( 'NONE', #2255, #484 ) ;
#2062 = DIRECTION ( 'NONE',  ( 0.7071067811865477900, -0.0000000000000000000, 0.7071067811865473500 ) ) ;
#2063 = DIRECTION ( 'NONE',  ( -1.000000000000000000, 0.0000000000000000000, 1.119176436114069300E-016 ) ) ;
#2064 = CARTESIAN_POINT ( 'NONE',  ( 6.971249471705414500, 3.800000000000000300, -9.000000000000000000 ) ) ;
#2065 = CARTESIAN_POINT ( 'NONE',  ( 6.917157287525380800, 4.000000000000000000, -9.000000000000001800 ) ) ;
#2066 = PLANE ( 'NONE',  #909 ) ;
#2067 = VERTEX_POINT ( 'NONE', #497 ) ;
#2068 = CIRCLE ( 'NONE', #554, 0.5000000000000004400 ) ;
#2069 = EDGE_LOOP ( 'NONE', ( #493, #1693, #336, #712 ) ) ;
#2070 = DIRECTION ( 'NONE',  ( 1.000000000000000000, -0.0000000000000000000, -0.0000000000000000000 ) ) ;
#2071 = DIRECTION ( 'NONE',  ( -0.0000000000000000000, -1.000000000000000000, 0.0000000000000000000 ) ) ;
#2072 = CARTESIAN_POINT ( 'NONE',  ( -9.000000000000000000, 3.799999999999999800, -8.499999999999994700 ) ) ;
#2073 = ADVANCED_FACE ( 'NONE', ( #178 ), #120, .T. ) ;
#2074 = EDGE_CURVE ( 'NONE', #959, #2237, #1446, .T. ) ;
#2075 = DIRECTION ( 'NONE',  ( 0.0000000000000000000, 0.0000000000000000000, 1.000000000000000000 ) ) ;
#2076 = AXIS2_PLACEMENT_3D ( 'NONE', #778, #1118, #404 ) ;
#2077 = CARTESIAN_POINT ( 'NONE',  ( 0.0000000000000000000, 0.1000000000000000100, 1.800000000000001200 ) ) ;
#2078 = ADVANCED_FACE ( 'NONE', ( #1304 ), #1972, .T. ) ;
#2079 = CARTESIAN_POINT ( 'NONE',  ( 8.675735931288073700, 4.000000000000000000, 8.799999999999998900 ) ) ;
#2080 = CARTESIAN_POINT ( 'NONE',  ( 2.571758278209442000E-016, 3.799999999999999800, -0.3000000000000027600 ) ) ;
#2081 = CARTESIAN_POINT ( 'NONE',  ( 2.571758278209442000E-016, 3.799999999999999800, -0.3000000000000027600 ) ) ;
#2082 = CLOSED_SHELL ( 'NONE', ( #1671, #2190, #2248, #581, #953, #2204 ) ) ;
#2083 = DIRECTION ( 'NONE',  ( -0.7071067811865474600, 7.047314121155768600E-015, 0.7071067811865474600 ) ) ;
#2084 = DIRECTION ( 'NONE',  ( 0.0000000000000000000, 1.000000000000000000, 0.0000000000000000000 ) ) ;
#2085 = DIRECTION ( 'NONE',  ( 1.000000000000000000, 7.744301232039317900E-017, 0.0000000000000000000 ) ) ;
#2086 = PRODUCT_DEFINITION_CONTEXT ( 'detailed design', #1816, 'design' ) ;
#2087 = CYLINDRICAL_SURFACE ( 'NONE', #1937, 1.500000000021373300 ) ;
#2088 = ORIENTED_EDGE ( 'NONE', *, *, #1694, .T. ) ;
#2089 = DIRECTION ( 'NONE',  ( 0.0000000000000000000, 0.0000000000000000000, -1.000000000000000000 ) ) ;
#2090 = ORIENTED_EDGE ( 'NONE', *, *, #1767, .F. ) ;
#2091 = EDGE_CURVE ( 'NONE', #1545, #1401, #1387, .T. ) ;
#2092 = UNCERTAINTY_MEASURE_WITH_UNIT (LENGTH_MEASURE( 1.000000000000000100E-005 ), #936, 'distance_accuracy_value', 'NONE');
#2093 = CARTESIAN_POINT ( 'NONE',  ( 0.0000000000000000000, 0.0000000000000000000, 3.199999999999997500 ) ) ;
#2094 = ADVANCED_FACE ( 'NONE', ( #2239, #455 ), #1191, .F. ) ;
#2095 = VERTEX_POINT ( 'NONE', #1328 ) ;
#2096 = CARTESIAN_POINT ( 'NONE',  ( -8.999999999999998200, 4.000000000000000000, 8.499999999999994700 ) ) ;
#2097 = CYLINDRICAL_SURFACE ( 'NONE', #170, 1.399999999999999900 ) ;
#2098 = VERTEX_POINT ( 'NONE', #2263 ) ;
#2099 = VECTOR ( 'NONE', #787, 1000.000000000000000 ) ;
#2100 = CARTESIAN_POINT ( 'NONE',  ( -8.799999999999997200, 0.2000000000000000900, -8.499999999999996400 ) ) ;
#2101 = ORIENTED_EDGE ( 'NONE', *, *, #795, .T. ) ;
#2102 = LINE ( 'NONE', #1027, #1171 ) ;
#2103 = ORIENTED_EDGE ( 'NONE', *, *, #2091, .F. ) ;
#2104 = DIRECTION ( 'NONE',  ( 1.000000000000000000, 0.0000000000000000000, 0.0000000000000000000 ) ) ;
#2105 = CARTESIAN_POINT ( 'NONE',  ( 6.917157287525379900, -0.001103551519474937800, -8.916144501151404000 ) ) ;
#2106 = PLANE ( 'NONE',  #1820 ) ;
#2107 =( GEOMETRIC_REPRESENTATION_CONTEXT ( 3 ) GLOBAL_UNCERTAINTY_ASSIGNED_CONTEXT ( ( #383 ) ) GLOBAL_UNIT_ASSIGNED_CONTEXT ( ( #1088, #2132, #1024 ) ) REPRESENTATION_CONTEXT ( 'NONE', 'WORKASPACE' ) );
#2108 = CARTESIAN_POINT ( 'NONE',  ( -7.500000000000000000, 3.799999999999999800, 5.899999999999999500 ) ) ;
#2109 = ORIENTED_EDGE ( 'NONE', *, *, #824, .T. ) ;
#2110 = DIRECTION ( 'NONE',  ( 0.0000000000000000000, -0.0000000000000000000, -1.000000000000000000 ) ) ;
#2111 = FILL_AREA_STYLE ('',( #659 ) ) ;
#2112 = SURFACE_STYLE_USAGE ( .BOTH. , #827 ) ;
#2113 = ORIENTED_EDGE ( 'NONE', *, *, #1224, .T. ) ;
#2114 = FACE_OUTER_BOUND ( 'NONE', #1800, .T. ) ;
#2115 = CYLINDRICAL_SURFACE ( 'NONE', #358, 1.500000000021373300 ) ;
#2116 = ORIENTED_EDGE ( 'NONE', *, *, #1240, .F. ) ;
#2117 = CARTESIAN_POINT ( 'NONE',  ( 8.999999999999998200, 0.2000000000000005700, -7.035191958624404100 ) ) ;
#2118 = VECTOR ( 'NONE', #1514, 1000.000000000000000 ) ;
#2119 = EDGE_CURVE ( 'NONE', #1846, #2201, #2354, .T. ) ;
#2120 = CARTESIAN_POINT ( 'NONE',  ( 7.059243503495345400, 0.05847000107887934100, -8.881738641602563400 ) ) ;
#2121 = DIRECTION ( 'NONE',  ( 0.0000000000000000000, -1.000000000000000000, -0.0000000000000000000 ) ) ;
#2122 = CYLINDRICAL_SURFACE ( 'NONE', #1416, 0.7290000000000000900 ) ;
#2123 = CIRCLE ( 'NONE', #2176, 1.399999999999999900 ) ;
#2124 = CIRCLE ( 'NONE', #614, 0.2000000000000005100 ) ;
#2125 = ORIENTED_EDGE ( 'NONE', *, *, #2036, .F. ) ;
#2126 = DIRECTION ( 'NONE',  ( 1.020425574104004700E-016, 0.0000000000000000000, 1.000000000000000000 ) ) ;
#2127 = LINE ( 'NONE', #318, #1786 ) ;
#2128 = ORIENTED_EDGE ( 'NONE', *, *, #810, .T. ) ;
#2129 = DIRECTION ( 'NONE',  ( -0.0000000000000000000, 1.000000000000000000, -0.0000000000000000000 ) ) ;
#2130 = CARTESIAN_POINT ( 'NONE',  ( 8.800000000000000700, 4.000000000000000000, 8.499999999999998200 ) ) ;
#2131 = DIRECTION ( 'NONE',  ( 0.0000000000000000000, -0.0000000000000000000, 1.000000000000000000 ) ) ;
#2132 =( NAMED_UNIT ( * ) PLANE_ANGLE_UNIT ( ) SI_UNIT ( $, .RADIAN. ) );
#2133 = UNCERTAINTY_MEASURE_WITH_UNIT (LENGTH_MEASURE( 1.000000000000000100E-005 ), #133, 'distance_accuracy_value', 'NONE');
#2134 = EDGE_CURVE ( 'NONE', #1272, #1093, #762, .T. ) ;
#2135 = DIRECTION ( 'NONE',  ( -0.0000000000000000000, -1.000000000000000000, -0.0000000000000000000 ) ) ;
#2136 =( GEOMETRIC_REPRESENTATION_CONTEXT ( 3 ) GLOBAL_UNCERTAINTY_ASSIGNED_CONTEXT ( ( #2092 ) ) GLOBAL_UNIT_ASSIGNED_CONTEXT ( ( #936, #31, #923 ) ) REPRESENTATION_CONTEXT ( 'NONE', 'WORKASPACE' ) );
#2137 = CARTESIAN_POINT ( 'NONE',  ( -7.500000000000000000, -17.41320343559642600, -7.500000000000001800 ) ) ;
#2138 = VERTEX_POINT ( 'NONE', #66 ) ;
#2139 = CARTESIAN_POINT ( 'NONE',  ( 0.0000000000000000000, 3.799999999999999800, 7.500000000000000000 ) ) ;
#2140 = ORIENTED_EDGE ( 'NONE', *, *, #2317, .T. ) ;
#2141 = CARTESIAN_POINT ( 'NONE',  ( -6.110965484102908000E-011, -288091.8790697333800, -498996.4000000000200 ) ) ;
#2142 = ORIENTED_EDGE ( 'NONE', *, *, #1355, .F. ) ;
#2143 = AXIS2_PLACEMENT_3D ( 'NONE', #979, #438, #50 ) ;
#2144 = ORIENTED_EDGE ( 'NONE', *, *, #1862, .T. ) ;
#2145 = CARTESIAN_POINT ( 'NONE',  ( -5.899999999999998600, -17.41320343559642600, 7.500000000000000000 ) ) ;
#2146 = LINE ( 'NONE', #1563, #932 ) ;
#2147 = ORIENTED_EDGE ( 'NONE', *, *, #206, .T. ) ;
#2148 = EDGE_CURVE ( 'NONE', #701, #934, #2061, .T. ) ;
#2149 = CARTESIAN_POINT ( 'NONE',  ( 16.35857864376268700, 3.799999999999999800, 0.6414213562373101100 ) ) ;
#2150 = CARTESIAN_POINT ( 'NONE',  ( 8.798115072313368800, 0.08284791576846524400, -7.117148404947171200 ) ) ;
#2151 = CIRCLE ( 'NONE', #1842, 0.5000000000000004400 ) ;
#2152 = EDGE_CURVE ( 'NONE', #1645, #1773, #1625, .T. ) ;
#2153 = DIRECTION ( 'NONE',  ( 0.0000000000000000000, -1.000000000000000000, 0.0000000000000000000 ) ) ;
#2154 = EDGE_LOOP ( 'NONE', ( #1721, #559, #70, #35 ) ) ;
#2155 = FACE_OUTER_BOUND ( 'NONE', #1606, .T. ) ;
#2156 = VECTOR ( 'NONE', #1551, 999.9999999999998900 ) ;
#2157 = ORIENTED_EDGE ( 'NONE', *, *, #866, .F. ) ;
#2158 = CIRCLE ( 'NONE', #1626, 0.4499999999999996800 ) ;
#2159 = CARTESIAN_POINT ( 'NONE',  ( 9.000000000000000000, 0.2000000000000000900, -6.917157287525380800 ) ) ;
#2160 = ORIENTED_EDGE ( 'NONE', *, *, #677, .T. ) ;
#2161 = CARTESIAN_POINT ( 'NONE',  ( 0.0000000000000000000, 3.799999999999999800, 1.799999999999997600 ) ) ;
#2162 = DIRECTION ( 'NONE',  ( 1.000000000000000000, 0.0000000000000000000, 0.0000000000000000000 ) ) ;
#2163 = AXIS2_PLACEMENT_3D ( 'NONE', #947, #2063, #952 ) ;
#2164 = ADVANCED_FACE ( 'NONE', ( #2375 ), #1212, .F. ) ;
#2165 = EDGE_CURVE ( 'NONE', #26, #1977, #674, .T. ) ;
#2166 = ORIENTED_EDGE ( 'NONE', *, *, #191, .T. ) ;
#2167 = DIRECTION ( 'NONE',  ( 0.0000000000000000000, 0.0000000000000000000, -1.000000000000000000 ) ) ;
#2168 = LINE ( 'NONE', #885, #2346 ) ;
#2169 = EDGE_LOOP ( 'NONE', ( #1568, #2344, #1751, #669 ) ) ;
#2170 = CARTESIAN_POINT ( 'NONE',  ( -7.500000000000000000, 3.799999999999999800, -7.499999999999999100 ) ) ;
#2171 = ORIENTED_EDGE ( 'NONE', *, *, #1654, .T. ) ;
#2172 = DIRECTION ( 'NONE',  ( 0.0000000000000000000, 1.000000000000000000, 0.0000000000000000000 ) ) ;
#2173 = FACE_OUTER_BOUND ( 'NONE', #2303, .T. ) ;
#2174 = VECTOR ( 'NONE', #2135, 1000.000000000000000 ) ;
#2175 = DIRECTION ( 'NONE',  ( 1.020425574104004700E-016, -0.0000000000000000000, 1.000000000000000000 ) ) ;
#2176 = AXIS2_PLACEMENT_3D ( 'NONE', #2359, #1980, #340 ) ;
#2177 = ORIENTED_EDGE ( 'NONE', *, *, #552, .F. ) ;
#2178 = DIRECTION ( 'NONE',  ( 0.0000000000000000000, -0.0000000000000000000, 1.000000000000000000 ) ) ;
#2179 = CARTESIAN_POINT ( 'NONE',  ( 9.000000000000001800, 3.799999999999999800, -6.917157287525380800 ) ) ;
#2180 = EDGE_CURVE ( 'NONE', #1645, #1275, #821, .T. ) ;
#2181 = CARTESIAN_POINT ( 'NONE',  ( 9.000000000000001800, 0.2000000000000001200, 8.499999999999998200 ) ) ;
#2182 = ORIENTED_EDGE ( 'NONE', *, *, #944, .T. ) ;
#2183 = DIRECTION ( 'NONE',  ( 0.0000000000000000000, 1.000000000000000000, 0.0000000000000000000 ) ) ;
#2184 = ORIENTED_EDGE ( 'NONE', *, *, #1009, .T. ) ;
#2185 = CARTESIAN_POINT ( 'NONE',  ( 0.0000000000000000000, -1.700000000000000000, 1.800000000000001200 ) ) ;
#2186 = VECTOR ( 'NONE', #553, 1000.000000000000100 ) ;
#2187 = ORIENTED_EDGE ( 'NONE', *, *, #1447, .F. ) ;
#2188 = CARTESIAN_POINT ( 'NONE',  ( -8.499999999999992900, 4.000000000000000000, 9.000000000000001800 ) ) ;
#2189 = AXIS2_PLACEMENT_3D ( 'NONE', #844, #1975, #1382 ) ;
#2190 = ADVANCED_FACE ( 'NONE', ( #1592 ), #1832, .T. ) ;
#2191 = CARTESIAN_POINT ( 'NONE',  ( -8.799999999999998900, 3.799999999999999800, 8.499999999999996400 ) ) ;
#2192 = PRESENTATION_LAYER_ASSIGNMENT (  '', '', ( #1704 ) ) ;
#2193 =( LENGTH_UNIT ( ) NAMED_UNIT ( * ) SI_UNIT ( .MILLI., .METRE. ) );
#2194 = CARTESIAN_POINT ( 'NONE',  ( 8.800000000000000700, 0.2000000000000000900, 8.499999999999998200 ) ) ;
#2195 = CARTESIAN_POINT ( 'NONE',  ( -8.500000000000000000, 4.000000000000000000, -8.799999999999997200 ) ) ;
#2196 = EDGE_LOOP ( 'NONE', ( #399, #39, #462, #1880 ) ) ;
#2197 = EDGE_CURVE ( 'NONE', #1272, #573, #1095, .T. ) ;
#2198 = AXIS2_PLACEMENT_3D ( 'NONE', #1530, #814, #2104 ) ;
#2199 = ORIENTED_EDGE ( 'NONE', *, *, #1227, .T. ) ;
#2200 = DIRECTION ( 'NONE',  ( 0.0000000000000000000, 1.000000000000000000, 0.0000000000000000000 ) ) ;
#2201 = VERTEX_POINT ( 'NONE', #1789 ) ;
#2202 = CARTESIAN_POINT ( 'NONE',  ( 9.000000000000000000, 0.2000000000000000900, 8.499999999999996400 ) ) ;
#2203 = FACE_OUTER_BOUND ( 'NONE', #1941, .T. ) ;
#2204 = ADVANCED_FACE ( 'NONE', ( #2203 ), #2115, .F. ) ;
#2205 = LINE ( 'NONE', #1873, #1656 ) ;
#2206 =( BOUNDED_CURVE ( )  B_SPLINE_CURVE ( 3, ( #2230, #1278, #539, #904 ),
 .UNSPECIFIED., .F., .T. ) 
 B_SPLINE_CURVE_WITH_KNOTS ( ( 4, 4 ),
 ( 0.0000000000000000000, 1.000000000000000000 ),
 .UNSPECIFIED. ) 
 CURVE ( )  GEOMETRIC_REPRESENTATION_ITEM ( )  RATIONAL_B_SPLINE_CURVE ( ( 1.000000000000000000, 0.8047378541243650500, 0.8047378541243650500, 1.000000000000000000 ) ) 
 REPRESENTATION_ITEM ( '' )  );
#2207 = CARTESIAN_POINT ( 'NONE',  ( 0.0000000000000000000, 0.0000000000000000000, 1.071000000000001300 ) ) ;
#2208 = AXIS2_PLACEMENT_3D ( 'NONE', #1673, #567, #1452 ) ;
#2209 = EDGE_LOOP ( 'NONE', ( #1857, #119, #1970, #1702 ) ) ;
#2210 = EDGE_CURVE ( 'NONE', #424, #2138, #88, .T. ) ;
#2211 = CIRCLE ( 'NONE', #1436, 0.2000000000000002900 ) ;
#2212 = DIRECTION ( 'NONE',  ( -0.0000000000000000000, -1.000000000000000000, -0.0000000000000000000 ) ) ;
#2213 = EDGE_LOOP ( 'NONE', ( #1796, #1138 ) ) ;
#2214 = FACE_OUTER_BOUND ( 'NONE', #2234, .T. ) ;
#2215 = EDGE_CURVE ( 'NONE', #1834, #2041, #1686, .T. ) ;
#2216 = CARTESIAN_POINT ( 'NONE',  ( 8.799999999999998900, 4.000000000000000000, -6.917157287525380800 ) ) ;
#2217 = VECTOR ( 'NONE', #1198, 1000.000000000000000 ) ;
#2218 = CARTESIAN_POINT ( 'NONE',  ( -9.000000000000003600, 3.800000000000000300, -8.792893218813448500 ) ) ;
#2219 = ORIENTED_EDGE ( 'NONE', *, *, #115, .F. ) ;
#2220 = VECTOR ( 'NONE', #1978, 1000.000000000000100 ) ;
#2221 = ORIENTED_EDGE ( 'NONE', *, *, #2148, .T. ) ;
#2222 = CARTESIAN_POINT ( 'NONE',  ( -8.917157287525382600, 8.848897779465003300E-017, 8.744365081389592100 ) ) ;
#2223 = ORIENTED_EDGE ( 'NONE', *, *, #33, .T. ) ;
#2224 = ADVANCED_FACE ( 'NONE', ( #1332, #2291 ), #524, .F. ) ;
#2225 = CARTESIAN_POINT ( 'NONE',  ( 7.021175221205957100, 3.905748515861585400, -8.979182124840033200 ) ) ;
#2226 = PLANE ( 'NONE',  #1429 ) ;
#2227 = CARTESIAN_POINT ( 'NONE',  ( -8.799999999999998900, 4.065758146820641600E-017, -8.499999999999996400 ) ) ;
#2228 = CARTESIAN_POINT ( 'NONE',  ( -9.000000000000001800, 0.2000000000000000900, -8.792893218813452100 ) ) ;
#2229 = DIRECTION ( 'NONE',  ( 0.7071067811865477900, 0.0000000000000000000, 0.7071067811865473500 ) ) ;
#2230 = CARTESIAN_POINT ( 'NONE',  ( -8.500000000000000000, 4.065758146820641600E-017, -8.799999999999998900 ) ) ;
#2231 = CARTESIAN_POINT ( 'NONE',  ( 0.0000000000000000000, 0.09999999999999939500, 1.799999999999997600 ) ) ;
#2232 = DIRECTION ( 'NONE',  ( 0.0000000000000000000, 0.4999999999999979500, -0.8660254037844397100 ) ) ;
#2233 = ORIENTED_EDGE ( 'NONE', *, *, #1227, .F. ) ;
#2234 = EDGE_LOOP ( 'NONE', ( #1032, #1223, #1477, #281 ) ) ;
#2235 = VECTOR ( 'NONE', #2070, 1000.000000000000000 ) ;
#2236 = DIRECTION ( 'NONE',  ( -0.0000000000000000000, -1.000000000000000000, -0.0000000000000000000 ) ) ;
#2237 = VERTEX_POINT ( 'NONE', #1042 ) ;
#2238 = DIRECTION ( 'NONE',  ( -7.744301232039317900E-017, 1.000000000000000000, -0.0000000000000000000 ) ) ;
#2239 = FACE_OUTER_BOUND ( 'NONE', #2213, .T. ) ;
#2240 = ORIENTED_EDGE ( 'NONE', *, *, #653, .F. ) ;
#2241 = VECTOR ( 'NONE', #1646, 1000.000000000000000 ) ;
#2242 =( BOUNDED_CURVE ( )  B_SPLINE_CURVE ( 3, ( #389, #1299, #221, #1848 ),
 .UNSPECIFIED., .F., .F. ) 
 B_SPLINE_CURVE_WITH_KNOTS ( ( 4, 4 ),
 ( 0.0000000000000000000, 1.000000000000000000 ),
 .UNSPECIFIED. ) 
 CURVE ( )  GEOMETRIC_REPRESENTATION_ITEM ( )  RATIONAL_B_SPLINE_CURVE ( ( 1.000000000000000000, 0.8047378541243636100, 0.8047378541243636100, 1.000000000000000000 ) ) 
 REPRESENTATION_ITEM ( '' )  );
#2243 = ORIENTED_EDGE ( 'NONE', *, *, #1706, .T. ) ;
#2244 = CARTESIAN_POINT ( 'NONE',  ( -9.000000000000001800, 0.08284271247461827400, -8.792893218813452100 ) ) ;
#2245 = FACE_OUTER_BOUND ( 'NONE', #219, .T. ) ;
#2246 = VERTEX_POINT ( 'NONE', #2253 ) ;
#2247 = CARTESIAN_POINT ( 'NONE',  ( -8.799999999999998900, 3.999999999999999100, -8.675735931288068400 ) ) ;
#2248 = ADVANCED_FACE ( 'NONE', ( #1183 ), #1986, .T. ) ;
#2249 = DIRECTION ( 'NONE',  ( -0.0000000000000000000, -1.000000000000000000, -0.0000000000000000000 ) ) ;
#2250 = ORIENTED_EDGE ( 'NONE', *, *, #1523, .F. ) ;
#2251 = DIRECTION ( 'NONE',  ( 1.000000000000000000, -0.0000000000000000000, 0.0000000000000000000 ) ) ;
#2252 = EDGE_CURVE ( 'NONE', #1275, #1448, #622, .T. ) ;
#2253 = CARTESIAN_POINT ( 'NONE',  ( 7.499999999999998200, 3.800000000000000700, -5.900000000000000400 ) ) ;
#2254 = DIRECTION ( 'NONE',  ( 0.0000000000000000000, 0.0000000000000000000, -1.000000000000000000 ) ) ;
#2255 = CARTESIAN_POINT ( 'NONE',  ( 0.0000000000000000000, 3.799999999999999800, 3.300000000021370700 ) ) ;
#2256 = CARTESIAN_POINT ( 'NONE',  ( 0.0000000000000000000, 0.1000000000000000100, 1.800000000000001200 ) ) ;
#2257 = CARTESIAN_POINT ( 'NONE',  ( 7.059243503495342700, 3.883068880420449600, -8.940753356021577500 ) ) ;
#2258 = CARTESIAN_POINT ( 'NONE',  ( 7.499999999999999100, -17.41320343559642600, -5.899999999999999500 ) ) ;
#2259 = CARTESIAN_POINT ( 'NONE',  ( 0.0000000000000000000, 4.000000000000000000, 1.799999999999997600 ) ) ;
#2260 = ADVANCED_FACE ( 'NONE', ( #451 ), #2267, .T. ) ;
#2261 = AXIS2_PLACEMENT_3D ( 'NONE', #1576, #310, #1399 ) ;
#2262 = AXIS2_PLACEMENT_3D ( 'NONE', #1966, #1196, #1950 ) ;
#2263 = CARTESIAN_POINT ( 'NONE',  ( 8.124275754859535900E-017, 4.100000000042047800, 3.126794919238272000 ) ) ;
#2264 = EDGE_CURVE ( 'NONE', #1503, #913, #146, .T. ) ;
#2265 = CARTESIAN_POINT ( 'NONE',  ( 0.0000000000000000000, 0.1000000000000000100, 1.800000000000001200 ) ) ;
#2266 = CARTESIAN_POINT ( 'NONE',  ( -8.999999999999998200, 0.2000000000000000900, 8.499999999999992900 ) ) ;
#2267 = PLANE ( 'NONE',  #1286 ) ;
#2268 = CARTESIAN_POINT ( 'NONE',  ( 8.798115072313368800, 3.799999999999999800, -7.117148404947171200 ) ) ;
#2269 = EDGE_LOOP ( 'NONE', ( #1831, #1111, #1078, #430 ) ) ;
#2270 = LINE ( 'NONE', #1296, #458 ) ;
#2271 = DIRECTION ( 'NONE',  ( -1.000000000000000000, -0.0000000000000000000, 0.0000000000000000000 ) ) ;
#2272 = LINE ( 'NONE', #1222, #1729 ) ;
#2273 = ORIENTED_EDGE ( 'NONE', *, *, #2009, .F. ) ;
#2274 = VECTOR ( 'NONE', #2372, 1000.000000000000000 ) ;
#2275 = ORIENTED_EDGE ( 'NONE', *, *, #1200, .T. ) ;
#2276 = EDGE_CURVE ( 'NONE', #1977, #2318, #986, .T. ) ;
#2277 = ORIENTED_EDGE ( 'NONE', *, *, #2074, .F. ) ;
#2278 = DIRECTION ( 'NONE',  ( -0.0000000000000000000, -1.000000000000000000, -0.0000000000000000000 ) ) ;
#2279 = CARTESIAN_POINT ( 'NONE',  ( 0.0000000000000000000, 4.000000000000000000, 1.799999999999997600 ) ) ;
#2280 = AXIS2_PLACEMENT_3D ( 'NONE', #650, #2121, #1369 ) ;
#2281 = SURFACE_STYLE_USAGE ( .BOTH. , #117 ) ;
#2282 = EDGE_CURVE ( 'NONE', #1773, #1787, #1267, .T. ) ;
#2283 =( LENGTH_UNIT ( ) NAMED_UNIT ( * ) SI_UNIT ( .MILLI., .METRE. ) );
#2284 = FACE_OUTER_BOUND ( 'NONE', #490, .T. ) ;
#2285 = VERTEX_POINT ( 'NONE', #251 ) ;
#2286 = CARTESIAN_POINT ( 'NONE',  ( -7.500000000000000000, -17.41320343559642600, 5.899999999999999500 ) ) ;
#2287 = ORIENTED_EDGE ( 'NONE', *, *, #2074, .T. ) ;
#2288 = EDGE_CURVE ( 'NONE', #2095, #2285, #1722, .T. ) ;
#2289 = CARTESIAN_POINT ( 'NONE',  ( 8.800000000000000700, 0.0000000000000000000, 8.499999999999998200 ) ) ;
#2290 = CIRCLE ( 'NONE', #2306, 2.100000000000000100 ) ;
#2291 = FACE_BOUND ( 'NONE', #1754, .T. ) ;
#2292 = SURFACE_SIDE_STYLE ('',( #154 ) ) ;
#2293 = EDGE_LOOP ( 'NONE', ( #319, #1618 ) ) ;
#2294 = LINE ( 'NONE', #476, #339 ) ;
#2295 = DIRECTION ( 'NONE',  ( -0.0000000000000000000, 1.000000000000000000, -0.0000000000000000000 ) ) ;
#2296 = EDGE_LOOP ( 'NONE', ( #1510, #2147 ) ) ;
#2297 = LINE ( 'NONE', #130, #2217 ) ;
#2298 = ORIENTED_EDGE ( 'NONE', *, *, #2378, .T. ) ;
#2299 = DIRECTION ( 'NONE',  ( 0.0000000000000000000, -0.0000000000000000000, -1.000000000000000000 ) ) ;
#2300 = AXIS2_PLACEMENT_3D ( 'NONE', #921, #2200, #1861 ) ;
#2301 = VECTOR ( 'NONE', #1033, 1000.000000000000000 ) ;
#2302 = DIRECTION ( 'NONE',  ( -0.0000000000000000000, 1.000000000000000000, -0.0000000000000000000 ) ) ;
#2303 = EDGE_LOOP ( 'NONE', ( #1508, #289, #392, #83 ) ) ;
#2304 = EDGE_CURVE ( 'NONE', #1146, #630, #512, .T. ) ;
#2305 = CARTESIAN_POINT ( 'NONE',  ( 8.916144501151404000, -0.001103551519473232600, -6.917157287525379900 ) ) ;
#2306 = AXIS2_PLACEMENT_3D ( 'NONE', #55, #1506, #764 ) ;
#2307 = CARTESIAN_POINT ( 'NONE',  ( 0.0000000000000000000, 0.0000000000000000000, 1.799999999999997600 ) ) ;
#2308 = CARTESIAN_POINT ( 'NONE',  ( 6.999999999999999100, 3.799999999999999800, -9.000000000000001800 ) ) ;
#2309 =( BOUNDED_SURFACE ( )  B_SPLINE_SURFACE ( 3, 3, ( 
 ( #1017, #132, #1388, #1946 ),
 ( #2327, #834, #1211, #2117 ),
 ( #2305, #1584, #1976, #1395 ),
 ( #499, #298, #2150, #471 ) ),
 .UNSPECIFIED., .F., .F., .F. ) 
 B_SPLINE_SURFACE_WITH_KNOTS ( ( 4, 4 ),
 ( 4, 4 ),
 ( 0.0000000000000000000, 1.000000000000000000 ),
 ( 0.0000000000000000000, 1.000000000000000000 ),
 .UNSPECIFIED. ) 
 GEOMETRIC_REPRESENTATION_ITEM ( )  RATIONAL_B_SPLINE_SURFACE ( (
 ( 1.000000000000000000, 0.8047378541243618300, 0.8047378541243618300, 1.000000000000000000),
 ( 0.8025111867385934500, 0.6458111303268107000, 0.6458111303268107000, 0.8025111867385934500),
 ( 0.8025111867385934500, 0.6458111303268107000, 0.6458111303268107000, 0.8025111867385934500),
 ( 1.000000000000000000, 0.8047378541243618300, 0.8047378541243618300, 1.000000000000000000) ) ) 
 REPRESENTATION_ITEM ( '' )  SURFACE ( )  );
#2310 = DIRECTION ( 'NONE',  ( -0.0000000000000000000, 1.000000000000000000, -0.0000000000000000000 ) ) ;
#2311 = ORIENTED_EDGE ( 'NONE', *, *, #699, .T. ) ;
#2312 = CARTESIAN_POINT ( 'NONE',  ( -8.499999999999998200, 0.2000000000000000900, -8.499999999999998200 ) ) ;
#2313 = ORIENTED_EDGE ( 'NONE', *, *, #635, .F. ) ;
#2314 = CARTESIAN_POINT ( 'NONE',  ( -8.799999999999997200, 4.000000000000000000, 8.499999999999996400 ) ) ;
#2315 = SURFACE_STYLE_FILL_AREA ( #836 ) ;
#2316 = ORIENTED_EDGE ( 'NONE', *, *, #1621, .T. ) ;
#2317 = EDGE_CURVE ( 'NONE', #761, #1846, #313, .T. ) ;
#2318 = VERTEX_POINT ( 'NONE', #1914 ) ;
#2319 = FACE_OUTER_BOUND ( 'NONE', #823, .T. ) ;
#2320 = DIRECTION ( 'NONE',  ( -0.0000000000000000000, -0.0000000000000000000, 1.000000000000000000 ) ) ;
#2321 = DIRECTION ( 'NONE',  ( -0.7071067811865477900, 0.0000000000000000000, -0.7071067811865473500 ) ) ;
#2322 = FACE_OUTER_BOUND ( 'NONE', #1443, .T. ) ;
#2323 = VECTOR ( 'NONE', #1071, 1000.000000000000000 ) ;
#2324 = DIRECTION ( 'NONE',  ( -0.0000000000000000000, 1.000000000000000000, -0.0000000000000000000 ) ) ;
#2325 = ORIENTED_EDGE ( 'NONE', *, *, #1075, .F. ) ;
#2326 = LINE ( 'NONE', #2181, #1938 ) ;
#2327 = CARTESIAN_POINT ( 'NONE',  ( 8.999999999999998200, 0.08196532890097867100, -6.917157287525379900 ) ) ;
#2328 = ORIENTED_EDGE ( 'NONE', *, *, #746, .T. ) ;
#2329 = DIRECTION ( 'NONE',  ( 0.0000000000000000000, 0.0000000000000000000, 1.000000000000000000 ) ) ;
#2330 = DIRECTION ( 'NONE',  ( 0.0000000000000000000, 0.0000000000000000000, -1.000000000000000000 ) ) ;
#2331 = LINE ( 'NONE', #11, #1879 ) ;
#2332 = VERTEX_POINT ( 'NONE', #816 ) ;
#2333 = DIRECTION ( 'NONE',  ( 0.0000000000000000000, 0.0000000000000000000, 1.000000000000000000 ) ) ;
#2334 = DIRECTION ( 'NONE',  ( 0.0000000000000000000, 0.0000000000000000000, 1.000000000000000000 ) ) ;
#2335 = DIRECTION ( 'NONE',  ( -0.7071067811865475700, 0.0000000000000000000, -0.7071067811865475700 ) ) ;
#2336 = EDGE_CURVE ( 'NONE', #1353, #1893, #1532, .T. ) ;
#2337 = CARTESIAN_POINT ( 'NONE',  ( 0.0000000000000000000, 3.799999999999999800, 1.799999999999997600 ) ) ;
#2338 = CARTESIAN_POINT ( 'NONE',  ( -8.792893218813450300, 0.08284271247461910700, 9.000000000000005300 ) ) ;
#2339 = MECHANICAL_DESIGN_GEOMETRIC_PRESENTATION_REPRESENTATION (  '', ( #842 ), #1967 ) ;
#2340 = DIRECTION ( 'NONE',  ( 0.0000000000000000000, 0.0000000000000000000, 1.000000000000000000 ) ) ;
#2341 = ORIENTED_EDGE ( 'NONE', *, *, #1313, .F. ) ;
#2342 = CARTESIAN_POINT ( 'NONE',  ( -8.917157287525380800, 4.000000000000000000, 8.744365081389595700 ) ) ;
#2343 = DIRECTION ( 'NONE',  ( 1.000000000000000000, -0.0000000000000000000, -1.020425574104004500E-016 ) ) ;
#2344 = ORIENTED_EDGE ( 'NONE', *, *, #384, .F. ) ;
#2345 = DIRECTION ( 'NONE',  ( -1.000000000000000000, -0.0000000000000000000, 1.020425574104004500E-016 ) ) ;
#2346 = VECTOR ( 'NONE', #864, 1000.000000000000000 ) ;
#2347 = SURFACE_STYLE_USAGE ( .BOTH. , #2357 ) ;
#2348 = VERTEX_POINT ( 'NONE', #452 ) ;
#2349 = CARTESIAN_POINT ( 'NONE',  ( 8.500000000000000000, 4.065758146820641600E-017, 8.799999999999998900 ) ) ;
#2350 = COLOUR_RGB ( '',0.7921568627450980000, 0.8196078431372548800, 0.9333333333333333500 ) ;
#2351 = ORIENTED_EDGE ( 'NONE', *, *, #1154, .F. ) ;
#2352 = CARTESIAN_POINT ( 'NONE',  ( -8.799999999999998900, 4.000000000000000000, 8.675735931288072000 ) ) ;
#2353 = DIRECTION ( 'NONE',  ( -0.0000000000000000000, -1.000000000000000000, -0.0000000000000000000 ) ) ;
#2354 = LINE ( 'NONE', #837, #1504 ) ;
#2355 = DIRECTION ( 'NONE',  ( -0.0000000000000000000, -1.000000000000000000, -0.0000000000000000000 ) ) ;
#2356 = AXIS2_PLACEMENT_3D ( 'NONE', #1635, #2029, #1414 ) ;
#2357 = SURFACE_SIDE_STYLE ('',( #213 ) ) ;
#2358 = FACE_OUTER_BOUND ( 'NONE', #1502, .T. ) ;
#2359 = CARTESIAN_POINT ( 'NONE',  ( 0.0000000000000000000, 0.0000000000000000000, 1.799999999999997600 ) ) ;
#2360 = AXIS2_PLACEMENT_3D ( 'NONE', #231, #580, #763 ) ;
#2361 = ORIENTED_EDGE ( 'NONE', *, *, #717, .F. ) ;
#2362 = ADVANCED_FACE ( 'NONE', ( #1237 ), #112, .T. ) ;
#2363 = CARTESIAN_POINT ( 'NONE',  ( -7.500000000000000000, 4.000000000000000000, 5.899999999999999500 ) ) ;
#2364 = CARTESIAN_POINT ( 'NONE',  ( 8.799999999999998900, 4.000000000000000000, 8.499999999999996400 ) ) ;
#2365 = CARTESIAN_POINT ( 'NONE',  ( 7.058578643762691000, 3.799999999999999800, -8.941421356237308200 ) ) ;
#2366 = DIRECTION ( 'NONE',  ( -1.000000000000000000, 0.0000000000000000000, -1.224646799147353200E-016 ) ) ;
#2367 = CARTESIAN_POINT ( 'NONE',  ( 8.500000000000000000, 0.2000000000000000900, 9.000000000000000000 ) ) ;
#2368 = EDGE_CURVE ( 'NONE', #504, #2348, #2146, .T. ) ;
#2369 = ADVANCED_FACE ( 'NONE', ( #1125 ), #1867, .T. ) ;
#2370 = DIRECTION ( 'NONE',  ( -1.000000000000000000, 0.0000000000000000000, 0.0000000000000000000 ) ) ;
#2371 = FILL_AREA_STYLE_COLOUR ( '', #754 ) ;
#2372 = DIRECTION ( 'NONE',  ( 0.0000000000000000000, 1.000000000000000000, 0.0000000000000000000 ) ) ;
#2373 = ORIENTED_EDGE ( 'NONE', *, *, #279, .F. ) ;
#2374 = ORIENTED_EDGE ( 'NONE', *, *, #52, .F. ) ;
#2375 = FACE_OUTER_BOUND ( 'NONE', #1217, .T. ) ;
#2376 = AXIS2_PLACEMENT_3D ( 'NONE', #1896, #598, #1199 ) ;
#2377 = ORIENTED_EDGE ( 'NONE', *, *, #2119, .T. ) ;
#2378 = EDGE_CURVE ( 'NONE', #857, #1272, #1653, .T. ) ;
#2379 = ADVANCED_FACE ( 'NONE', ( #202 ), #999, .T. ) ;
#2380 = VECTOR ( 'NONE', #2050, 1000.000000000000000 ) ;
ENDSEC;
END-ISO-10303-21;
